D,function,method,seed,best,FEs
10,sphere,p=0.3,0,0.010770462945800184,10000
10,sphere,p=0.4,0,0.014988419973826824,10000
10,sphere,"p=0.0,sigma=0.003",0,1.866607275718199e-05,10000
10,sphere,"p=0.0,sigma=0.01",0,0.00012859274252937622,10000
10,sphere,"p=0.0,sigma=0.03",0,0.0007043224012226026,10000
10,sphere,"p=0.0,sigma=0.3",0,0.09301664352824096,10000
10,sphere,"p=0.0,sigma=1.0",0,1.1871291394184824,10000
10,sphere,1/5sigma+p=0.2,0,9.55381942741964e-25,10000
10,sphere,decay-p,0,0.006971718973763322,10000
10,sphere,history-BJS low,0,0.011131814005041233,10000
10,sphere,ML-BJS reuse,0,0.011977007881092213,9997
10,sphere,ML-BJS probe/4,0,0.010212780152827197,9997
10,sphere,ML-BJS train1,0,0.04590593787797983,10000
10,sphere,ML-BJS train2,0,0.026405379209524484,10000
10,sphere,ML-BJS train3,0,0.026184683508098605,10000
10,sphere,ML-BJS train4,0,0.015694738871768088,10000
10,sphere,ML-BJS disjoint,0,0.02703834621599969,10000
10,sphere,L3 matched+refine,0,0.009432466891475267,10000
10,sphere,B+ p=0.2,0,0.004527718610394425,30000
10,sphere,B+ ML-BJS,0,0.012311415840854864,29998
10,sphere,B+ ML-BJS free-probe,0,0.010453782614966862,30000
10,sphere,B+ history-BJS,0,0.008653597689964555,30000
10,sphere,B+ 1/5-rule,0,4.930380657631324e-32,30000
10,sphere,p=0.3,1,0.01299222759646276,10000
10,sphere,p=0.4,1,0.009672812869495371,10000
10,sphere,"p=0.0,sigma=0.003",1,9.687902275205929e-06,10000
10,sphere,"p=0.0,sigma=0.01",1,0.00010643065675815472,10000
10,sphere,"p=0.0,sigma=0.03",1,0.0007171117612270354,10000
10,sphere,"p=0.0,sigma=0.3",1,0.06718007381205722,10000
10,sphere,"p=0.0,sigma=1.0",1,1.051973491201152,10000
10,sphere,1/5sigma+p=0.2,1,9.373981243121661e-25,10000
10,sphere,decay-p,1,0.007969127509719497,10000
10,sphere,history-BJS low,1,0.010422021164239476,10000
10,sphere,ML-BJS reuse,1,0.010390614391462069,9992
10,sphere,ML-BJS probe/4,1,0.018678433827859012,9997
10,sphere,ML-BJS train1,1,0.026267310140027353,10000
10,sphere,ML-BJS train2,1,0.02108552656190535,10000
10,sphere,ML-BJS train3,1,0.0496739090433802,10000
10,sphere,ML-BJS train4,1,0.02592010585043855,10000
10,sphere,ML-BJS disjoint,1,0.026088914470966416,10000
10,sphere,L3 matched+refine,1,0.0065514221641685445,10000
10,sphere,B+ p=0.2,1,0.005736754466056241,30000
10,sphere,B+ ML-BJS,1,0.010497789261302268,29998
10,sphere,B+ ML-BJS free-probe,1,0.004449532949073643,30000
10,sphere,B+ history-BJS,1,0.007903779809525767,30000
10,sphere,B+ 1/5-rule,1,1.1093356479670479e-31,30000
10,sphere,p=0.3,2,0.017629290616789223,10000
10,sphere,p=0.4,2,0.009680025398328676,10000
10,sphere,"p=0.0,sigma=0.003",2,1.2304325015895525e-05,10000
10,sphere,"p=0.0,sigma=0.01",2,8.372836546288475e-05,10000
10,sphere,"p=0.0,sigma=0.03",2,0.0006078788850450884,10000
10,sphere,"p=0.0,sigma=0.3",2,0.043036178256419436,10000
10,sphere,"p=0.0,sigma=1.0",2,0.7024293548001929,10000
10,sphere,1/5sigma+p=0.2,2,1.0525965808399937e-24,10000
10,sphere,decay-p,2,0.009859039072698786,10000
10,sphere,history-BJS low,2,0.012016378499877479,10000
10,sphere,ML-BJS reuse,2,0.007387988678554934,9992
10,sphere,ML-BJS probe/4,2,0.01843387620154746,9997
10,sphere,ML-BJS train1,2,0.023346393578419448,10000
10,sphere,ML-BJS train2,2,0.0266024537685763,10000
10,sphere,ML-BJS train3,2,0.02315117859898645,10000
10,sphere,ML-BJS train4,2,0.021897121130645764,10000
10,sphere,ML-BJS disjoint,2,0.041886975921828155,10000
10,sphere,L3 matched+refine,2,0.0067917305772753215,10000
10,sphere,B+ p=0.2,2,0.008199868241493394,30000
10,sphere,B+ ML-BJS,2,0.01915671376037231,29998
10,sphere,B+ ML-BJS free-probe,2,0.009282798674717832,30000
10,sphere,B+ history-BJS,2,0.012005370187263333,30000
10,sphere,B+ 1/5-rule,2,1.1093356479670479e-31,30000
10,sphere,p=0.3,3,0.011526621843199063,10000
10,sphere,p=0.4,3,0.007057626372750607,10000
10,sphere,"p=0.0,sigma=0.003",3,1.3090591483422875e-05,10000
10,sphere,"p=0.0,sigma=0.01",3,8.729770143743265e-05,10000
10,sphere,"p=0.0,sigma=0.03",3,0.0009818279180744147,10000
10,sphere,"p=0.0,sigma=0.3",3,0.06966589892638786,10000
10,sphere,"p=0.0,sigma=1.0",3,0.8888281494377687,10000
10,sphere,1/5sigma+p=0.2,3,1.3369499743816385e-24,10000
10,sphere,decay-p,3,0.011676428056411203,10000
10,sphere,history-BJS low,3,0.005989547332245032,10000
10,sphere,ML-BJS reuse,3,0.007730521515878144,10000
10,sphere,ML-BJS probe/4,3,0.025541040142822786,9997
10,sphere,ML-BJS train1,3,0.039891034408098776,10000
10,sphere,ML-BJS train2,3,0.030489808279754234,10000
10,sphere,ML-BJS train3,3,0.048073237661977776,10000
10,sphere,ML-BJS train4,3,0.02097954119100626,10000
10,sphere,ML-BJS disjoint,3,0.024782380469430005,10000
10,sphere,L3 matched+refine,3,0.0064141422436437955,10000
10,sphere,B+ p=0.2,3,0.008243321841065165,30000
10,sphere,B+ ML-BJS,3,0.012010292642903361,29998
10,sphere,B+ ML-BJS free-probe,3,0.007862243283965412,30000
10,sphere,B+ history-BJS,3,0.0063561193512736,30000
10,sphere,B+ 1/5-rule,3,6.471124613141112e-32,30000
10,sphere,p=0.3,4,0.010312215653138208,10000
10,sphere,p=0.4,4,0.006711444586886508,10000
10,sphere,"p=0.0,sigma=0.003",4,0.2949773249376104,10000
10,sphere,"p=0.0,sigma=0.01",4,0.0001167355785259578,10000
10,sphere,"p=0.0,sigma=0.03",4,0.000740468450517106,10000
10,sphere,"p=0.0,sigma=0.3",4,0.046538046415131124,10000
10,sphere,"p=0.0,sigma=1.0",4,1.0002687923453335,10000
10,sphere,1/5sigma+p=0.2,4,1.066919672532595e-24,10000
10,sphere,decay-p,4,0.00849195819896896,10000
10,sphere,history-BJS low,4,0.00767241967881816,10000
10,sphere,ML-BJS reuse,4,0.009576695812051754,9996
10,sphere,ML-BJS probe/4,4,0.02534834720040011,9997
10,sphere,ML-BJS train1,4,0.01935237700895866,10000
10,sphere,ML-BJS train2,4,0.02178272473504503,10000
10,sphere,ML-BJS train3,4,0.01327612552693627,10000
10,sphere,ML-BJS train4,4,0.02727816791787905,10000
10,sphere,ML-BJS disjoint,4,0.014030544956419007,10000
10,sphere,L3 matched+refine,4,0.005721041290657036,10000
10,sphere,B+ p=0.2,4,0.002697292778619718,30000
10,sphere,B+ ML-BJS,4,0.02200748704008644,29998
10,sphere,B+ ML-BJS free-probe,4,0.006209263937579053,30000
10,sphere,B+ history-BJS,4,0.008067562907094816,30000
10,sphere,B+ 1/5-rule,4,1.232595164407831e-32,30000
10,sphere,p=0.3,5,0.005251894326166124,10000
10,sphere,p=0.4,5,0.009953485163268407,10000
10,sphere,"p=0.0,sigma=0.003",5,1.7268259945833974e-05,10000
10,sphere,"p=0.0,sigma=0.01",5,0.00011309446541760615,10000
10,sphere,"p=0.0,sigma=0.03",5,0.000958801934502733,10000
10,sphere,"p=0.0,sigma=0.3",5,0.08390629221452987,10000
10,sphere,"p=0.0,sigma=1.0",5,1.5207703313090621,10000
10,sphere,1/5sigma+p=0.2,5,1.3160682045302523e-24,10000
10,sphere,decay-p,5,0.013023985785815989,10000
10,sphere,history-BJS low,5,0.006831085972966109,10000
10,sphere,ML-BJS reuse,5,0.010018974789980591,9999
10,sphere,ML-BJS probe/4,5,0.030751837725400098,9997
10,sphere,ML-BJS train1,5,0.04141652893856622,10000
10,sphere,ML-BJS train2,5,0.034540863670363804,10000
10,sphere,ML-BJS train3,5,0.025799531872930225,10000
10,sphere,ML-BJS train4,5,0.02686084302095898,10000
10,sphere,ML-BJS disjoint,5,0.021338816886727643,10000
10,sphere,L3 matched+refine,5,0.01121113417004908,10000
10,sphere,B+ p=0.2,5,0.009770761143707405,30000
10,sphere,B+ ML-BJS,5,0.016399808993191177,29998
10,sphere,B+ ML-BJS free-probe,5,0.010248456278806488,30000
10,sphere,B+ history-BJS,5,0.007609766207947118,30000
10,sphere,B+ 1/5-rule,5,7.703719777548943e-34,30000
10,sphere,p=0.3,6,0.012654418740062475,10000
10,sphere,p=0.4,6,0.011533337246274446,10000
10,sphere,"p=0.0,sigma=0.003",6,1.646166698184431e-05,10000
10,sphere,"p=0.0,sigma=0.01",6,6.308381245857659e-05,10000
10,sphere,"p=0.0,sigma=0.03",6,0.001037088826621044,10000
10,sphere,"p=0.0,sigma=0.3",6,0.0929491099429093,10000
10,sphere,"p=0.0,sigma=1.0",6,0.7851632097117247,10000
10,sphere,1/5sigma+p=0.2,6,9.705990534258657e-25,10000
10,sphere,decay-p,6,0.007606310543959999,10000
10,sphere,history-BJS low,6,0.010205540945858087,10000
10,sphere,ML-BJS reuse,6,0.007434842344087626,9995
10,sphere,ML-BJS probe/4,6,0.015303563270497778,9997
10,sphere,ML-BJS train1,6,0.0423285100161571,10000
10,sphere,ML-BJS train2,6,0.031904591272630844,10000
10,sphere,ML-BJS train3,6,0.04529521023170935,10000
10,sphere,ML-BJS train4,6,0.0304844705589093,10000
10,sphere,ML-BJS disjoint,6,0.02144547050339273,10000
10,sphere,L3 matched+refine,6,0.01109800042433647,10000
10,sphere,B+ p=0.2,6,0.0035296351783349745,30000
10,sphere,B+ ML-BJS,6,0.0181578879738964,29998
10,sphere,B+ ML-BJS free-probe,6,0.008730207985190933,30000
10,sphere,B+ history-BJS,6,0.01027150872156184,30000
10,sphere,B+ 1/5-rule,6,2.4960052079258577e-31,30000
10,sphere,p=0.3,7,0.006697933816398788,10000
10,sphere,p=0.4,7,0.011176569722002665,10000
10,sphere,"p=0.0,sigma=0.003",7,1.5225210902115856e-05,10000
10,sphere,"p=0.0,sigma=0.01",7,0.00012423994086530583,10000
10,sphere,"p=0.0,sigma=0.03",7,0.0011242886626583624,10000
10,sphere,"p=0.0,sigma=0.3",7,0.09782437085115603,10000
10,sphere,"p=0.0,sigma=1.0",7,1.098715946692567,10000
10,sphere,1/5sigma+p=0.2,7,1.015999487650368e-24,10000
10,sphere,decay-p,7,0.007597497016269521,10000
10,sphere,history-BJS low,7,0.008060921873566362,10000
10,sphere,ML-BJS reuse,7,0.010082502794710858,9997
10,sphere,ML-BJS probe/4,7,0.015412566365231993,9997
10,sphere,ML-BJS train1,7,0.02329632607729339,10000
10,sphere,ML-BJS train2,7,0.024940115454874148,10000
10,sphere,ML-BJS train3,7,0.02285498000802863,10000
10,sphere,ML-BJS train4,7,0.01152679399710971,10000
10,sphere,ML-BJS disjoint,7,0.031094357471849902,10000
10,sphere,L3 matched+refine,7,0.006831649573095021,10000
10,sphere,B+ p=0.2,7,0.008022330984075208,30000
10,sphere,B+ ML-BJS,7,0.010148381386621984,29998
10,sphere,B+ ML-BJS free-probe,7,0.007152603736909676,30000
10,sphere,B+ history-BJS,7,0.006941239454588764,30000
10,sphere,B+ 1/5-rule,7,0.0,30000
10,sphere,p=0.3,8,0.008341009433961648,10000
10,sphere,p=0.4,8,0.009954431069885937,10000
10,sphere,"p=0.0,sigma=0.003",8,1.6181337328121002e-05,10000
10,sphere,"p=0.0,sigma=0.01",8,8.392430341535739e-05,10000
10,sphere,"p=0.0,sigma=0.03",8,0.000590471777418339,10000
10,sphere,"p=0.0,sigma=0.3",8,0.08081113592297194,10000
10,sphere,"p=0.0,sigma=1.0",8,0.7701291610401788,10000
10,sphere,1/5sigma+p=0.2,8,1.0300070783143046e-24,10000
10,sphere,decay-p,8,0.00718126854274261,10000
10,sphere,history-BJS low,8,0.01197183677064778,10000
10,sphere,ML-BJS reuse,8,0.008617637256855786,9992
10,sphere,ML-BJS probe/4,8,0.018810112449847566,9997
10,sphere,ML-BJS train1,8,0.039146476975204084,10000
10,sphere,ML-BJS train2,8,0.02969616911962456,10000
10,sphere,ML-BJS train3,8,0.03599997883039189,10000
10,sphere,ML-BJS train4,8,0.016490239243565658,10000
10,sphere,ML-BJS disjoint,8,0.05097157119646104,10000
10,sphere,L3 matched+refine,8,0.010300559597832671,10000
10,sphere,B+ p=0.2,8,0.00721803776354084,30000
10,sphere,B+ ML-BJS,8,0.010856271911151473,29998
10,sphere,B+ ML-BJS free-probe,8,0.009352402275321985,30000
10,sphere,B+ history-BJS,8,0.011846538731962376,30000
10,sphere,B+ 1/5-rule,8,9.860761315262648e-32,30000
10,sphere,p=0.3,9,0.010565570760791195,10000
10,sphere,p=0.4,9,0.008128813977019757,10000
10,sphere,"p=0.0,sigma=0.003",9,9.938372255625795e-06,10000
10,sphere,"p=0.0,sigma=0.01",9,6.794880083609359e-05,10000
10,sphere,"p=0.0,sigma=0.03",9,0.000584297521989065,10000
10,sphere,"p=0.0,sigma=0.3",9,0.11185713307218648,10000
10,sphere,"p=0.0,sigma=1.0",9,0.9546197669190869,10000
10,sphere,1/5sigma+p=0.2,9,1.4115210026855286e-24,10000
10,sphere,decay-p,9,0.010751531711009388,10000
10,sphere,history-BJS low,9,0.01069152798888237,10000
10,sphere,ML-BJS reuse,9,0.009545428310389981,9995
10,sphere,ML-BJS probe/4,9,0.02238141531675277,9997
10,sphere,ML-BJS train1,9,0.030175405073234112,10000
10,sphere,ML-BJS train2,9,0.027949595987426523,10000
10,sphere,ML-BJS train3,9,0.013302634002013435,10000
10,sphere,ML-BJS train4,9,0.030757171772983604,10000
10,sphere,ML-BJS disjoint,9,0.023349165264648034,10000
10,sphere,L3 matched+refine,9,0.011278062114423932,10000
10,sphere,B+ p=0.2,9,0.00731746494428514,30000
10,sphere,B+ ML-BJS,9,0.0199413137970125,29998
10,sphere,B+ ML-BJS free-probe,9,0.010149311896920662,30000
10,sphere,B+ history-BJS,9,0.005843129346219745,30000
10,sphere,B+ 1/5-rule,9,1.232595164407831e-32,30000
10,sphere,p=0.3,10,0.013035347112683306,10000
10,sphere,p=0.4,10,0.011822149950497976,10000
10,sphere,"p=0.0,sigma=0.003",10,8.669650071234847e-06,10000
10,sphere,"p=0.0,sigma=0.01",10,9.152204564087584e-05,10000
10,sphere,"p=0.0,sigma=0.03",10,0.0012108522571649962,10000
10,sphere,"p=0.0,sigma=0.3",10,0.05596316466392516,10000
10,sphere,"p=0.0,sigma=1.0",10,0.9663480652070222,10000
10,sphere,1/5sigma+p=0.2,10,8.410315586679026e-25,10000
10,sphere,decay-p,10,0.00833392930878758,10000
10,sphere,history-BJS low,10,0.0085953365071877,10000
10,sphere,ML-BJS reuse,10,0.012078095497325532,9997
10,sphere,ML-BJS probe/4,10,0.018667242012995886,9997
10,sphere,ML-BJS train1,10,0.0590986929872239,10000
10,sphere,ML-BJS train2,10,0.02594191687363082,10000
10,sphere,ML-BJS train3,10,0.041078291582321146,10000
10,sphere,ML-BJS train4,10,0.014615969226957948,10000
10,sphere,ML-BJS disjoint,10,0.027125698711680836,10000
10,sphere,L3 matched+refine,10,0.010146473972409219,10000
10,sphere,B+ p=0.2,10,0.009937623048125468,30000
10,sphere,B+ ML-BJS,10,0.014488193673285103,29998
10,sphere,B+ ML-BJS free-probe,10,0.006250278509261169,30000
10,sphere,B+ history-BJS,10,0.008417936527720741,30000
10,sphere,B+ 1/5-rule,10,4.314083075427408e-31,30000
10,sphere,p=0.3,11,0.01071084854192537,10000
10,sphere,p=0.4,11,0.006912934492142136,10000
10,sphere,"p=0.0,sigma=0.003",11,3.95502807595327e-06,10000
10,sphere,"p=0.0,sigma=0.01",11,0.00015707147196352062,10000
10,sphere,"p=0.0,sigma=0.03",11,0.0004812553886752,10000
10,sphere,"p=0.0,sigma=0.3",11,0.09829488555557095,10000
10,sphere,"p=0.0,sigma=1.0",11,0.6180532606327411,10000
10,sphere,1/5sigma+p=0.2,11,1.2386007285829115e-24,10000
10,sphere,decay-p,11,0.015175405173728045,10000
10,sphere,history-BJS low,11,0.012243618747977907,10000
10,sphere,ML-BJS reuse,11,0.008244610833527963,9992
10,sphere,ML-BJS probe/4,11,0.014635913538004749,9997
10,sphere,ML-BJS train1,11,0.03257584546735557,10000
10,sphere,ML-BJS train2,11,0.029660542010695467,10000
10,sphere,ML-BJS train3,11,0.022293902703487353,10000
10,sphere,ML-BJS train4,11,0.016259570193398715,10000
10,sphere,ML-BJS disjoint,11,0.0231212075134615,10000
10,sphere,L3 matched+refine,11,0.00567022549613657,10000
10,sphere,B+ p=0.2,11,0.005854583213556285,30000
10,sphere,B+ ML-BJS,11,0.022427575102168838,29998
10,sphere,B+ ML-BJS free-probe,11,0.00678331267925561,30000
10,sphere,B+ history-BJS,11,0.011121962093764119,30000
10,sphere,B+ 1/5-rule,11,5.238529448733282e-32,30000
10,sphere,p=0.3,12,0.012985749088682332,10000
10,sphere,p=0.4,12,0.013496813645100959,10000
10,sphere,"p=0.0,sigma=0.003",12,1.4184453526951862e-05,10000
10,sphere,"p=0.0,sigma=0.01",12,0.00014286422412358087,10000
10,sphere,"p=0.0,sigma=0.03",12,0.0012172140432379825,10000
10,sphere,"p=0.0,sigma=0.3",12,0.10186463875066609,10000
10,sphere,"p=0.0,sigma=1.0",12,0.8760095173229694,10000
10,sphere,1/5sigma+p=0.2,12,1.414966421745707e-24,10000
10,sphere,decay-p,12,0.01018594120452527,10000
10,sphere,history-BJS low,12,0.009420019542004516,10000
10,sphere,ML-BJS reuse,12,0.008433810979595594,10000
10,sphere,ML-BJS probe/4,12,0.011700845578603184,9997
10,sphere,ML-BJS train1,12,0.0334568717490746,10000
10,sphere,ML-BJS train2,12,0.03956630590762686,10000
10,sphere,ML-BJS train3,12,0.02659767092167481,10000
10,sphere,ML-BJS train4,12,0.02028658413235876,10000
10,sphere,ML-BJS disjoint,12,0.034321895670440306,10000
10,sphere,L3 matched+refine,12,0.01271365946518276,10000
10,sphere,B+ p=0.2,12,0.0037611936583100054,30000
10,sphere,B+ ML-BJS,12,0.020643153322274226,29998
10,sphere,B+ ML-BJS free-probe,12,0.007636328530923793,30000
10,sphere,B+ history-BJS,12,0.006404897745222939,30000
10,sphere,B+ 1/5-rule,12,1.1093356479670479e-31,30000
10,sphere,p=0.3,13,0.01290403327110241,10000
10,sphere,p=0.4,13,0.011413271465929594,10000
10,sphere,"p=0.0,sigma=0.003",13,1.7300298557896928e-05,10000
10,sphere,"p=0.0,sigma=0.01",13,9.421773272083635e-05,10000
10,sphere,"p=0.0,sigma=0.03",13,0.0009098814813051166,10000
10,sphere,"p=0.0,sigma=0.3",13,0.09731582974042562,10000
10,sphere,"p=0.0,sigma=1.0",13,0.798262008537928,10000
10,sphere,1/5sigma+p=0.2,13,9.266874853930746e-25,10000
10,sphere,decay-p,13,0.007819998999752525,10000
10,sphere,history-BJS low,13,0.008035518679203844,10000
10,sphere,ML-BJS reuse,13,0.010801868328927855,9997
10,sphere,ML-BJS probe/4,13,0.01452902485512132,9997
10,sphere,ML-BJS train1,13,0.029993200341140284,10000
10,sphere,ML-BJS train2,13,0.024232935733504712,10000
10,sphere,ML-BJS train3,13,0.029521246339757813,10000
10,sphere,ML-BJS train4,13,0.006924726093442776,10000
10,sphere,ML-BJS disjoint,13,0.026940878565014398,10000
10,sphere,L3 matched+refine,13,0.010348579110399238,10000
10,sphere,B+ p=0.2,13,0.011916505207228815,30000
10,sphere,B+ ML-BJS,13,0.012323658259288984,29998
10,sphere,B+ ML-BJS free-probe,13,0.012262594249810587,30000
10,sphere,B+ history-BJS,13,0.00529718763148005,30000
10,sphere,B+ 1/5-rule,13,1.232595164407831e-32,30000
10,sphere,p=0.3,14,0.0057838621550998955,10000
10,sphere,p=0.4,14,0.009912038347097597,10000
10,sphere,"p=0.0,sigma=0.003",14,2.2531686578701412e-05,10000
10,sphere,"p=0.0,sigma=0.01",14,7.884373449066477e-05,10000
10,sphere,"p=0.0,sigma=0.03",14,0.0008593331438163267,10000
10,sphere,"p=0.0,sigma=0.3",14,0.09699189463209235,10000
10,sphere,"p=0.0,sigma=1.0",14,0.784235025460732,10000
10,sphere,1/5sigma+p=0.2,14,1.0498122377267458e-24,10000
10,sphere,decay-p,14,0.012464624479714798,10000
10,sphere,history-BJS low,14,0.011561424111009607,10000
10,sphere,ML-BJS reuse,14,0.007939182921564036,9997
10,sphere,ML-BJS probe/4,14,0.024296327404035332,9997
10,sphere,ML-BJS train1,14,0.03692631713758356,10000
10,sphere,ML-BJS train2,14,0.03842485204551118,10000
10,sphere,ML-BJS train3,14,0.028361959349936114,10000
10,sphere,ML-BJS train4,14,0.03038124488080706,10000
10,sphere,ML-BJS disjoint,14,0.03223989740096615,10000
10,sphere,L3 matched+refine,14,0.009807126048334497,10000
10,sphere,B+ p=0.2,14,0.00614199716007933,30000
10,sphere,B+ ML-BJS,14,0.01597748288526535,29998
10,sphere,B+ ML-BJS free-probe,14,0.010745532569907392,30000
10,sphere,B+ history-BJS,14,0.00558206718551773,30000
10,sphere,B+ 1/5-rule,14,1.1093356479670479e-31,30000
10,sphere,p=0.3,15,0.015280793177792979,10000
10,sphere,p=0.4,15,0.01245182148500128,10000
10,sphere,"p=0.0,sigma=0.003",15,7.028371162121437e-06,10000
10,sphere,"p=0.0,sigma=0.01",15,8.464696262607383e-05,10000
10,sphere,"p=0.0,sigma=0.03",15,0.0011295118962971321,10000
10,sphere,"p=0.0,sigma=0.3",15,0.03445472781639806,10000
10,sphere,"p=0.0,sigma=1.0",15,0.9055659624033555,10000
10,sphere,1/5sigma+p=0.2,15,7.675745248846633e-25,10000
10,sphere,decay-p,15,0.009538205037429243,10000
10,sphere,history-BJS low,15,0.008298417463919029,10000
10,sphere,ML-BJS reuse,15,0.009176781380810997,9997
10,sphere,ML-BJS probe/4,15,0.01310588105450195,9997
10,sphere,ML-BJS train1,15,0.03637612036133308,10000
10,sphere,ML-BJS train2,15,0.03332877870971905,10000
10,sphere,ML-BJS train3,15,0.029963193853975657,10000
10,sphere,ML-BJS train4,15,0.014250708109936916,10000
10,sphere,ML-BJS disjoint,15,0.036419962885765496,10000
10,sphere,L3 matched+refine,15,0.010650668367791702,10000
10,sphere,B+ p=0.2,15,0.007184488319641107,30000
10,sphere,B+ ML-BJS,15,0.01916936331248396,29998
10,sphere,B+ ML-BJS free-probe,15,0.01175979430512531,30000
10,sphere,B+ history-BJS,15,0.00539223455921399,30000
10,sphere,B+ 1/5-rule,15,1.5407439555097887e-32,30000
10,sphere,p=0.3,16,0.010147185413784654,10000
10,sphere,p=0.4,16,0.013841699828238114,10000
10,sphere,"p=0.0,sigma=0.003",16,1.8721212487428886e-05,10000
10,sphere,"p=0.0,sigma=0.01",16,0.00011413909475498152,10000
10,sphere,"p=0.0,sigma=0.03",16,0.0011434537184440818,10000
10,sphere,"p=0.0,sigma=0.3",16,0.10695412557122322,10000
10,sphere,"p=0.0,sigma=1.0",16,0.895745910437399,10000
10,sphere,1/5sigma+p=0.2,16,9.833343714944593e-25,10000
10,sphere,decay-p,16,0.009639041026310895,10000
10,sphere,history-BJS low,16,0.010944994963333097,10000
10,sphere,ML-BJS reuse,16,0.007922399907969438,9992
10,sphere,ML-BJS probe/4,16,0.020503840202767347,9997
10,sphere,ML-BJS train1,16,0.029145296096499063,10000
10,sphere,ML-BJS train2,16,0.04217328449366999,10000
10,sphere,ML-BJS train3,16,0.041900224923398594,10000
10,sphere,ML-BJS train4,16,0.019334239587301485,10000
10,sphere,ML-BJS disjoint,16,0.01796384515691948,10000
10,sphere,L3 matched+refine,16,0.007294781591169241,10000
10,sphere,B+ p=0.2,16,0.00872118034671259,30000
10,sphere,B+ ML-BJS,16,0.016362589852942134,29998
10,sphere,B+ ML-BJS free-probe,16,0.00907029780678822,30000
10,sphere,B+ history-BJS,16,0.003721551104971004,30000
10,sphere,B+ 1/5-rule,16,6.162975822039155e-32,30000
10,sphere,p=0.3,17,0.010670047985866703,10000
10,sphere,p=0.4,17,0.016863374948677682,10000
10,sphere,"p=0.0,sigma=0.003",17,1.2876698149277222e-05,10000
10,sphere,"p=0.0,sigma=0.01",17,0.00010987776675394478,10000
10,sphere,"p=0.0,sigma=0.03",17,0.0010334967168968863,10000
10,sphere,"p=0.0,sigma=0.3",17,0.07199838036721758,10000
10,sphere,"p=0.0,sigma=1.0",17,0.983670401662279,10000
10,sphere,1/5sigma+p=0.2,17,1.0391897202739275e-24,10000
10,sphere,decay-p,17,0.008466101647913223,10000
10,sphere,history-BJS low,17,0.011427736138394451,10000
10,sphere,ML-BJS reuse,17,0.009730941110384408,9999
10,sphere,ML-BJS probe/4,17,0.016566191381579835,9997
10,sphere,ML-BJS train1,17,0.05389593154399263,10000
10,sphere,ML-BJS train2,17,0.028463220709243467,10000
10,sphere,ML-BJS train3,17,0.030157010845223018,10000
10,sphere,ML-BJS train4,17,0.015573102640603506,10000
10,sphere,ML-BJS disjoint,17,0.014007585421969797,10000
10,sphere,L3 matched+refine,17,0.013526511595351556,10000
10,sphere,B+ p=0.2,17,0.008515187199820043,30000
10,sphere,B+ ML-BJS,17,0.016237851462727743,29998
10,sphere,B+ ML-BJS free-probe,17,0.0110641507625563,30000
10,sphere,B+ history-BJS,17,0.008496383211632378,30000
10,sphere,B+ 1/5-rule,17,1.4791141972893971e-31,30000
10,sphere,p=0.3,18,0.01093136386542751,10000
10,sphere,p=0.4,18,0.007033694843400321,10000
10,sphere,"p=0.0,sigma=0.003",18,1.0887535532800229e-05,10000
10,sphere,"p=0.0,sigma=0.01",18,0.00014683142108548461,10000
10,sphere,"p=0.0,sigma=0.03",18,0.0010087197139920679,10000
10,sphere,"p=0.0,sigma=0.3",18,0.06503815925153121,10000
10,sphere,"p=0.0,sigma=1.0",18,0.4334258370091598,10000
10,sphere,1/5sigma+p=0.2,18,8.57279958614705e-25,10000
10,sphere,decay-p,18,0.013683099483348667,10000
10,sphere,history-BJS low,18,0.010079129813625555,10000
10,sphere,ML-BJS reuse,18,0.007271361249805995,9997
10,sphere,ML-BJS probe/4,18,0.018811375159848147,9997
10,sphere,ML-BJS train1,18,0.040833307460647984,10000
10,sphere,ML-BJS train2,18,0.013348430857214138,10000
10,sphere,ML-BJS train3,18,0.01523736628985728,10000
10,sphere,ML-BJS train4,18,0.021144671277069493,10000
10,sphere,ML-BJS disjoint,18,0.02477254629241508,10000
10,sphere,L3 matched+refine,18,0.011467553496706286,10000
10,sphere,B+ p=0.2,18,0.008567309896832196,30000
10,sphere,B+ ML-BJS,18,0.01835399279064438,29998
10,sphere,B+ ML-BJS free-probe,18,0.007747728236474231,30000
10,sphere,B+ history-BJS,18,0.008280358650838187,30000
10,sphere,B+ 1/5-rule,18,7.395570986446986e-32,30000
10,sphere,p=0.3,19,0.012833966563449935,10000
10,sphere,p=0.4,19,0.0063717005218283385,10000
10,sphere,"p=0.0,sigma=0.003",19,2.0644516786977385e-05,10000
10,sphere,"p=0.0,sigma=0.01",19,0.00014970727566900152,10000
10,sphere,"p=0.0,sigma=0.03",19,0.0009538578936545878,10000
10,sphere,"p=0.0,sigma=0.3",19,0.07061049006758448,10000
10,sphere,"p=0.0,sigma=1.0",19,0.9050119899922705,10000
10,sphere,1/5sigma+p=0.2,19,1.2894971220673495e-24,10000
10,sphere,decay-p,19,0.005305246720038341,10000
10,sphere,history-BJS low,19,0.005877984888660185,10000
10,sphere,ML-BJS reuse,19,0.010866943126969755,9994
10,sphere,ML-BJS probe/4,19,0.017867827472856306,9997
10,sphere,ML-BJS train1,19,0.04054338347060866,10000
10,sphere,ML-BJS train2,19,0.04304116903292951,10000
10,sphere,ML-BJS train3,19,0.04875213207273003,10000
10,sphere,ML-BJS train4,19,0.014669913202400768,10000
10,sphere,ML-BJS disjoint,19,0.02809442457957356,10000
10,sphere,L3 matched+refine,19,0.011964895775985723,10000
10,sphere,B+ p=0.2,19,0.008332563969346209,30000
10,sphere,B+ ML-BJS,19,0.0054193535672029496,29998
10,sphere,B+ ML-BJS free-probe,19,0.010004918250069425,30000
10,sphere,B+ history-BJS,19,0.006159054543035365,30000
10,sphere,B+ 1/5-rule,19,4.930380657631324e-32,30000
10,sphere,p=0.3,20,0.011705497668723013,10000
10,sphere,p=0.4,20,0.012804232224825785,10000
10,sphere,"p=0.0,sigma=0.003",20,1.0180957174748616e-05,10000
10,sphere,"p=0.0,sigma=0.01",20,2.4588635528811955e-05,10000
10,sphere,"p=0.0,sigma=0.03",20,0.0012635567758237163,10000
10,sphere,"p=0.0,sigma=0.3",20,0.12383632454696254,10000
10,sphere,"p=0.0,sigma=1.0",20,0.9631037106778019,10000
10,sphere,1/5sigma+p=0.2,20,1.460853164343227e-24,10000
10,sphere,decay-p,20,0.012055505473028439,10000
10,sphere,history-BJS low,20,0.007668259735079044,10000
10,sphere,ML-BJS reuse,20,0.007257038013795812,9996
10,sphere,ML-BJS probe/4,20,0.01625479876936534,9997
10,sphere,ML-BJS train1,20,0.029217897248027182,10000
10,sphere,ML-BJS train2,20,0.032399310836704005,10000
10,sphere,ML-BJS train3,20,0.04496942587533809,10000
10,sphere,ML-BJS train4,20,0.029967772759289878,10000
10,sphere,ML-BJS disjoint,20,0.019740070981224555,10000
10,sphere,L3 matched+refine,20,0.012360286853990045,10000
10,sphere,B+ p=0.2,20,0.005756235484063052,30000
10,sphere,B+ ML-BJS,20,0.020087448377410506,29998
10,sphere,B+ ML-BJS free-probe,20,0.007236756500653971,30000
10,sphere,B+ history-BJS,20,0.007961742314330764,30000
10,sphere,B+ 1/5-rule,20,1.4791141972893971e-31,30000
10,sphere,p=0.3,21,0.008388272905793803,10000
10,sphere,p=0.4,21,0.010335466507446715,10000
10,sphere,"p=0.0,sigma=0.003",21,1.5822028258627475e-05,10000
10,sphere,"p=0.0,sigma=0.01",21,0.00011334693541992667,10000
10,sphere,"p=0.0,sigma=0.03",21,0.0009741729170850823,10000
10,sphere,"p=0.0,sigma=0.3",21,0.062298230957340904,10000
10,sphere,"p=0.0,sigma=1.0",21,1.0725406966914284,10000
10,sphere,1/5sigma+p=0.2,21,9.148909134868827e-25,10000
10,sphere,decay-p,21,0.007393838798567126,10000
10,sphere,history-BJS low,21,0.010914889155772125,10000
10,sphere,ML-BJS reuse,21,0.01222920519474987,9996
10,sphere,ML-BJS probe/4,21,0.02279754592048402,9997
10,sphere,ML-BJS train1,21,0.031103898464505637,10000
10,sphere,ML-BJS train2,21,0.035074200022692556,10000
10,sphere,ML-BJS train3,21,0.03287906614898974,10000
10,sphere,ML-BJS train4,21,0.019974301865197268,10000
10,sphere,ML-BJS disjoint,21,0.026683398832089186,10000
10,sphere,L3 matched+refine,21,0.011130296750509956,10000
10,sphere,B+ p=0.2,21,0.003330828631623145,30000
10,sphere,B+ ML-BJS,21,0.022251716873491437,29998
10,sphere,B+ ML-BJS free-probe,21,0.005996601345341581,30000
10,sphere,B+ history-BJS,21,0.010168841349361099,30000
10,sphere,B+ 1/5-rule,21,4.930380657631324e-32,30000
10,sphere,p=0.3,22,0.008753338912640556,10000
10,sphere,p=0.4,22,0.012128455683793216,10000
10,sphere,"p=0.0,sigma=0.003",22,1.066579953010382e-05,10000
10,sphere,"p=0.0,sigma=0.01",22,8.627437845517739e-05,10000
10,sphere,"p=0.0,sigma=0.03",22,0.0007901131806964703,10000
10,sphere,"p=0.0,sigma=0.3",22,0.03820246751867444,10000
10,sphere,"p=0.0,sigma=1.0",22,0.6325949572192474,10000
10,sphere,1/5sigma+p=0.2,22,4.892768449523656e-25,10000
10,sphere,decay-p,22,0.009604106178530702,10000
10,sphere,history-BJS low,22,0.007825929856142206,10000
10,sphere,ML-BJS reuse,22,0.014444173979496874,9996
10,sphere,ML-BJS probe/4,22,0.022903323059925616,9997
10,sphere,ML-BJS train1,22,0.04961527925754908,10000
10,sphere,ML-BJS train2,22,0.022738479619560676,10000
10,sphere,ML-BJS train3,22,0.033093874175254785,10000
10,sphere,ML-BJS train4,22,0.01629915034691397,10000
10,sphere,ML-BJS disjoint,22,0.0231334121081019,10000
10,sphere,L3 matched+refine,22,0.01005145328703186,10000
10,sphere,B+ p=0.2,22,0.007228432933824325,30000
10,sphere,B+ ML-BJS,22,0.024697904377897626,29998
10,sphere,B+ ML-BJS free-probe,22,0.006367740961801251,30000
10,sphere,B+ history-BJS,22,0.012054693602475164,30000
10,sphere,B+ 1/5-rule,22,0.0,30000
10,sphere,p=0.3,23,0.008216585646770776,10000
10,sphere,p=0.4,23,0.005133148628966976,10000
10,sphere,"p=0.0,sigma=0.003",23,1.249347238693189e-05,10000
10,sphere,"p=0.0,sigma=0.01",23,7.221517953277311e-05,10000
10,sphere,"p=0.0,sigma=0.03",23,0.0011637736175361887,10000
10,sphere,"p=0.0,sigma=0.3",23,0.08193513147501097,10000
10,sphere,"p=0.0,sigma=1.0",23,1.1019767366542919,10000
10,sphere,1/5sigma+p=0.2,23,8.517280480083969e-25,10000
10,sphere,decay-p,23,0.010149154679597863,10000
10,sphere,history-BJS low,23,0.011552195738273744,10000
10,sphere,ML-BJS reuse,23,0.006798765045137292,9994
10,sphere,ML-BJS probe/4,23,0.01981918697387273,9997
10,sphere,ML-BJS train1,23,0.04100151228264051,10000
10,sphere,ML-BJS train2,23,0.023512399779517867,10000
10,sphere,ML-BJS train3,23,0.04233363211659651,10000
10,sphere,ML-BJS train4,23,0.013868757879710472,10000
10,sphere,ML-BJS disjoint,23,0.026569202867773815,10000
10,sphere,L3 matched+refine,23,0.009596032733891315,10000
10,sphere,B+ p=0.2,23,0.009912363089719317,30000
10,sphere,B+ ML-BJS,23,0.016770920599119665,29998
10,sphere,B+ ML-BJS free-probe,23,0.008307356439551387,30000
10,sphere,B+ history-BJS,23,0.006747678379604118,30000
10,sphere,B+ 1/5-rule,23,4.930380657631324e-32,30000
10,sphere,p=0.3,24,0.009223489210609557,10000
10,sphere,p=0.4,24,0.010675430432459117,10000
10,sphere,"p=0.0,sigma=0.003",24,1.8232240537555434e-05,10000
10,sphere,"p=0.0,sigma=0.01",24,0.00012828159197550814,10000
10,sphere,"p=0.0,sigma=0.03",24,0.0009264959492745782,10000
10,sphere,"p=0.0,sigma=0.3",24,0.07279593127220128,10000
10,sphere,"p=0.0,sigma=1.0",24,0.8614539512031105,10000
10,sphere,1/5sigma+p=0.2,24,8.670423680803117e-25,10000
10,sphere,decay-p,24,0.008639643423251957,10000
10,sphere,history-BJS low,24,0.01000217461509025,10000
10,sphere,ML-BJS reuse,24,0.010841290081575836,9995
10,sphere,ML-BJS probe/4,24,0.02236827143167611,9997
10,sphere,ML-BJS train1,24,0.022392211373740832,10000
10,sphere,ML-BJS train2,24,0.05168114482702088,10000
10,sphere,ML-BJS train3,24,0.036033577018562114,10000
10,sphere,ML-BJS train4,24,0.019984973254797745,10000
10,sphere,ML-BJS disjoint,24,0.0387720723726157,10000
10,sphere,L3 matched+refine,24,0.008391121619430923,10000
10,sphere,B+ p=0.2,24,0.005952457085652386,30000
10,sphere,B+ ML-BJS,24,0.012102110931609587,29998
10,sphere,B+ ML-BJS free-probe,24,0.010149899807396546,30000
10,sphere,B+ history-BJS,24,0.008970544598094026,30000
10,sphere,B+ 1/5-rule,24,3.0814879110195774e-33,30000
10,sphere,p=0.3,25,0.012065788526236906,10000
10,sphere,p=0.4,25,0.013346197465712974,10000
10,sphere,"p=0.0,sigma=0.003",25,1.1883767233716027e-05,10000
10,sphere,"p=0.0,sigma=0.01",25,0.00011506910060182893,10000
10,sphere,"p=0.0,sigma=0.03",25,0.0005633407182913249,10000
10,sphere,"p=0.0,sigma=0.3",25,0.12935645726159983,10000
10,sphere,"p=0.0,sigma=1.0",25,0.8999170374885671,10000
10,sphere,1/5sigma+p=0.2,25,1.4760218656224187e-24,10000
10,sphere,decay-p,25,0.007737476363939793,10000
10,sphere,history-BJS low,25,0.009555380452843846,10000
10,sphere,ML-BJS reuse,25,0.0030846755167855235,9999
10,sphere,ML-BJS probe/4,25,0.025428528732009896,9997
10,sphere,ML-BJS train1,25,0.045127974639883287,10000
10,sphere,ML-BJS train2,25,0.04173741797664897,10000
10,sphere,ML-BJS train3,25,0.039189503312978095,10000
10,sphere,ML-BJS train4,25,0.023031621444535272,10000
10,sphere,ML-BJS disjoint,25,0.020919823708832264,10000
10,sphere,L3 matched+refine,25,0.012566753868341392,10000
10,sphere,B+ p=0.2,25,0.009202333353536088,30000
10,sphere,B+ ML-BJS,25,0.024883099339049072,29998
10,sphere,B+ ML-BJS free-probe,25,0.006616265682615107,30000
10,sphere,B+ history-BJS,25,0.011086054274582174,30000
10,sphere,B+ 1/5-rule,25,2.2186712959340957e-31,30000
10,sphere,p=0.3,26,0.012326402273637732,10000
10,sphere,p=0.4,26,0.011362667338484355,10000
10,sphere,"p=0.0,sigma=0.003",26,1.1043806198998272e-05,10000
10,sphere,"p=0.0,sigma=0.01",26,0.00011678432908930553,10000
10,sphere,"p=0.0,sigma=0.03",26,0.0008733713877640826,10000
10,sphere,"p=0.0,sigma=0.3",26,0.09761696582335913,10000
10,sphere,"p=0.0,sigma=1.0",26,1.0486677633169252,10000
10,sphere,1/5sigma+p=0.2,26,1.5496034189136166e-24,10000
10,sphere,decay-p,26,0.010899243100708611,10000
10,sphere,history-BJS low,26,0.009718408440318115,10000
10,sphere,ML-BJS reuse,26,0.005783326408445493,9994
10,sphere,ML-BJS probe/4,26,0.02164969031754809,9997
10,sphere,ML-BJS train1,26,0.0408829054405653,10000
10,sphere,ML-BJS train2,26,0.04863402789071649,10000
10,sphere,ML-BJS train3,26,0.026215541261577043,10000
10,sphere,ML-BJS train4,26,0.026491525634185414,10000
10,sphere,ML-BJS disjoint,26,0.03159936490106098,10000
10,sphere,L3 matched+refine,26,0.005373930795377576,10000
10,sphere,B+ p=0.2,26,0.009252878028536493,30000
10,sphere,B+ ML-BJS,26,0.01142158470121889,29998
10,sphere,B+ ML-BJS free-probe,26,0.0063111791651662315,30000
10,sphere,B+ history-BJS,26,0.009880436779592239,30000
10,sphere,B+ 1/5-rule,26,1.232595164407831e-31,30000
10,sphere,p=0.3,27,0.009957066449150943,10000
10,sphere,p=0.4,27,0.015042953667194279,10000
10,sphere,"p=0.0,sigma=0.003",27,1.253224333262385e-05,10000
10,sphere,"p=0.0,sigma=0.01",27,9.566217324342657e-05,10000
10,sphere,"p=0.0,sigma=0.03",27,0.000866020764948708,10000
10,sphere,"p=0.0,sigma=0.3",27,0.04257459538815498,10000
10,sphere,"p=0.0,sigma=1.0",27,1.424238490868697,10000
10,sphere,1/5sigma+p=0.2,27,7.107670475222783e-25,10000
10,sphere,decay-p,27,0.010663148116034055,10000
10,sphere,history-BJS low,27,0.00883561436972913,10000
10,sphere,ML-BJS reuse,27,0.007044541672826765,9997
10,sphere,ML-BJS probe/4,27,0.021137638478662048,9997
10,sphere,ML-BJS train1,27,0.03010390095727253,10000
10,sphere,ML-BJS train2,27,0.03409686714892439,10000
10,sphere,ML-BJS train3,27,0.022479703449530066,10000
10,sphere,ML-BJS train4,27,0.018801457333920333,10000
10,sphere,ML-BJS disjoint,27,0.017588424023292682,10000
10,sphere,L3 matched+refine,27,0.014557607235490122,10000
10,sphere,B+ p=0.2,27,0.0076968072205737805,30000
10,sphere,B+ ML-BJS,27,0.0072430812223961034,29998
10,sphere,B+ ML-BJS free-probe,27,0.00806809890564945,30000
10,sphere,B+ history-BJS,27,0.004878949439411577,30000
10,sphere,B+ 1/5-rule,27,9.860761315262648e-32,30000
10,sphere,p=0.3,28,0.011531463585474822,10000
10,sphere,p=0.4,28,0.010726268248615486,10000
10,sphere,"p=0.0,sigma=0.003",28,1.1978226726108067e-05,10000
10,sphere,"p=0.0,sigma=0.01",28,0.00011791524981324794,10000
10,sphere,"p=0.0,sigma=0.03",28,0.0009277242150370433,10000
10,sphere,"p=0.0,sigma=0.3",28,0.05982786762822574,10000
10,sphere,"p=0.0,sigma=1.0",28,0.673869305429606,10000
10,sphere,1/5sigma+p=0.2,28,1.0425466856930654e-24,10000
10,sphere,decay-p,28,0.007411307562044271,10000
10,sphere,history-BJS low,28,0.012043249811466396,10000
10,sphere,ML-BJS reuse,28,0.009060604747988298,9996
10,sphere,ML-BJS probe/4,28,0.016792654928088215,9997
10,sphere,ML-BJS train1,28,0.03585994235356279,10000
10,sphere,ML-BJS train2,28,0.016323876277458797,10000
10,sphere,ML-BJS train3,28,0.03733940190383803,10000
10,sphere,ML-BJS train4,28,0.014270089585079542,10000
10,sphere,ML-BJS disjoint,28,0.012250580487440663,10000
10,sphere,L3 matched+refine,28,0.013033857970701106,10000
10,sphere,B+ p=0.2,28,0.005672860616660401,30000
10,sphere,B+ ML-BJS,28,0.01728921055742939,29998
10,sphere,B+ ML-BJS free-probe,28,0.009347273655516184,30000
10,sphere,B+ history-BJS,28,0.007842056781143844,30000
10,sphere,B+ 1/5-rule,28,9.860761315262648e-32,30000
10,sphere,p=0.3,29,0.007026703027061846,10000
10,sphere,p=0.4,29,0.011607371315493945,10000
10,sphere,"p=0.0,sigma=0.003",29,1.4528867644765132e-05,10000
10,sphere,"p=0.0,sigma=0.01",29,8.281805308625527e-05,10000
10,sphere,"p=0.0,sigma=0.03",29,0.0007386680465358048,10000
10,sphere,"p=0.0,sigma=0.3",29,0.07680018939102617,10000
10,sphere,"p=0.0,sigma=1.0",29,1.3438544291990764,10000
10,sphere,1/5sigma+p=0.2,29,1.0990117544261985e-24,10000
10,sphere,decay-p,29,0.00662861492495741,10000
10,sphere,history-BJS low,29,0.012455146480861354,10000
10,sphere,ML-BJS reuse,29,0.014642036079496722,9996
10,sphere,ML-BJS probe/4,29,0.016996332083909913,9997
10,sphere,ML-BJS train1,29,0.023236436718155767,10000
10,sphere,ML-BJS train2,29,0.030100730733218575,10000
10,sphere,ML-BJS train3,29,0.027224033822559245,10000
10,sphere,ML-BJS train4,29,0.03239236671145289,10000
10,sphere,ML-BJS disjoint,29,0.02549141252167173,10000
10,sphere,L3 matched+refine,29,0.012688014113662443,10000
10,sphere,B+ p=0.2,29,0.006706593154641238,30000
10,sphere,B+ ML-BJS,29,0.012881091362881288,29998
10,sphere,B+ ML-BJS free-probe,29,0.00960985035779395,30000
10,sphere,B+ history-BJS,29,0.008417913793701869,30000
10,sphere,B+ 1/5-rule,29,2.465190328815662e-32,30000
10,rastrigin,p=0.3,0,48.005575384850594,10000
10,rastrigin,p=0.4,0,44.751504564586256,10000
10,rastrigin,"p=0.0,sigma=0.003",0,86.56187189396587,10000
10,rastrigin,"p=0.0,sigma=0.01",0,114.42732551362987,10000
10,rastrigin,"p=0.0,sigma=0.03",0,107.5804806288289,10000
10,rastrigin,"p=0.0,sigma=0.3",0,64.38505192015595,10000
10,rastrigin,"p=0.0,sigma=1.0",0,47.79554903118055,10000
10,rastrigin,1/5sigma+p=0.2,0,45.76794488491689,10000
10,rastrigin,decay-p,0,40.4193863601173,10000
10,rastrigin,history-BJS low,0,68.86684547794133,10000
10,rastrigin,ML-BJS reuse,0,67.07402307287128,9993
10,rastrigin,ML-BJS probe/4,0,59.889160889310084,9997
10,rastrigin,ML-BJS train1,0,84.28326794515876,10000
10,rastrigin,ML-BJS train2,0,63.50962509808809,10000
10,rastrigin,ML-BJS train3,0,33.79923104199091,10000
10,rastrigin,ML-BJS train4,0,63.626705724343935,10000
10,rastrigin,ML-BJS disjoint,0,62.271030265843706,10000
10,rastrigin,L3 matched+refine,0,35.05763728967962,10000
10,rastrigin,B+ p=0.2,0,74.6240026454918,30000
10,rastrigin,B+ ML-BJS,0,66.60707024576139,29998
10,rastrigin,B+ ML-BJS free-probe,0,30.419257270588375,30000
10,rastrigin,B+ history-BJS,0,59.06587136789138,30000
10,rastrigin,B+ 1/5-rule,0,83.57615654004712,30000
10,rastrigin,p=0.3,1,55.38707161110131,10000
10,rastrigin,p=0.4,1,57.51054584913655,10000
10,rastrigin,"p=0.0,sigma=0.003",1,116.41031377874697,10000
10,rastrigin,"p=0.0,sigma=0.01",1,74.63628380871624,10000
10,rastrigin,"p=0.0,sigma=0.03",1,135.48496687867697,10000
10,rastrigin,"p=0.0,sigma=0.3",1,92.69479698401719,10000
10,rastrigin,"p=0.0,sigma=1.0",1,51.47334577508234,10000
10,rastrigin,1/5sigma+p=0.2,1,66.66160646820046,10000
10,rastrigin,decay-p,1,37.940114762326814,10000
10,rastrigin,history-BJS low,1,57.56647329760787,10000
10,rastrigin,ML-BJS reuse,1,79.33426836242569,9992
10,rastrigin,ML-BJS probe/4,1,47.18960626679463,9997
10,rastrigin,ML-BJS train1,1,80.40955931884456,10000
10,rastrigin,ML-BJS train2,1,23.722112686954162,10000
10,rastrigin,ML-BJS train3,1,79.77474122402043,10000
10,rastrigin,ML-BJS train4,1,72.74933861460843,10000
10,rastrigin,ML-BJS disjoint,1,69.3223459823491,10000
10,rastrigin,L3 matched+refine,1,33.89371366910848,10000
10,rastrigin,B+ p=0.2,1,38.98126171332419,30000
10,rastrigin,B+ ML-BJS,1,83.53775088244876,29998
10,rastrigin,B+ ML-BJS free-probe,1,46.14820649341609,30000
10,rastrigin,B+ history-BJS,1,23.6656376495703,30000
10,rastrigin,B+ 1/5-rule,1,99.49497158713642,30000
10,rastrigin,p=0.3,2,70.81740139505672,10000
10,rastrigin,p=0.4,2,48.19548450695562,10000
10,rastrigin,"p=0.0,sigma=0.003",2,122.38083839337227,10000
10,rastrigin,"p=0.0,sigma=0.01",2,98.68941114071944,10000
10,rastrigin,"p=0.0,sigma=0.03",2,108.5625204262815,10000
10,rastrigin,"p=0.0,sigma=0.3",2,68.42940352457707,10000
10,rastrigin,"p=0.0,sigma=1.0",2,36.81873181919341,10000
10,rastrigin,1/5sigma+p=0.2,2,26.863844117890068,10000
10,rastrigin,decay-p,2,63.73478103604139,10000
10,rastrigin,history-BJS low,2,69.25282659331558,10000
10,rastrigin,ML-BJS reuse,2,44.84683188709081,9994
10,rastrigin,ML-BJS probe/4,2,60.14730021865299,9997
10,rastrigin,ML-BJS train1,2,81.50032972505076,10000
10,rastrigin,ML-BJS train2,2,49.99627630593088,10000
10,rastrigin,ML-BJS train3,2,62.671929022673574,10000
10,rastrigin,ML-BJS train4,2,53.134474205014286,10000
10,rastrigin,ML-BJS disjoint,2,22.600429150995268,10000
10,rastrigin,L3 matched+refine,2,37.509658904208486,10000
10,rastrigin,B+ p=0.2,2,56.63092916567379,30000
10,rastrigin,B+ ML-BJS,2,58.14686568351786,29998
10,rastrigin,B+ ML-BJS free-probe,2,49.20923054393951,30000
10,rastrigin,B+ history-BJS,2,43.25624510659398,30000
10,rastrigin,B+ 1/5-rule,2,120.67056162655092,30000
10,rastrigin,p=0.3,3,35.13565287260684,10000
10,rastrigin,p=0.4,3,38.27461203036842,10000
10,rastrigin,"p=0.0,sigma=0.003",3,116.41089931308377,10000
10,rastrigin,"p=0.0,sigma=0.01",3,122.02825749481877,10000
10,rastrigin,"p=0.0,sigma=0.03",3,97.68764252022976,10000
10,rastrigin,"p=0.0,sigma=0.3",3,165.13224711772725,10000
10,rastrigin,"p=0.0,sigma=1.0",3,66.82643589306758,10000
10,rastrigin,1/5sigma+p=0.2,3,53.727424393578396,10000
10,rastrigin,decay-p,3,41.61293124518346,10000
10,rastrigin,history-BJS low,3,46.50880554634426,10000
10,rastrigin,ML-BJS reuse,3,65.89377331281075,9995
10,rastrigin,ML-BJS probe/4,3,65.58308651717505,9997
10,rastrigin,ML-BJS train1,3,28.712022019366955,10000
10,rastrigin,ML-BJS train2,3,41.32834352466646,10000
10,rastrigin,ML-BJS train3,3,35.0452972677501,10000
10,rastrigin,ML-BJS train4,3,48.683766535072024,10000
10,rastrigin,ML-BJS disjoint,3,61.07657605299729,10000
10,rastrigin,L3 matched+refine,3,25.928562737028727,10000
10,rastrigin,B+ p=0.2,3,33.65641843173228,30000
10,rastrigin,B+ ML-BJS,3,36.35520803876895,29998
10,rastrigin,B+ ML-BJS free-probe,3,56.929556927572825,30000
10,rastrigin,B+ history-BJS,3,28.24855411325268,30000
10,rastrigin,B+ 1/5-rule,3,119.39408714647789,30000
10,rastrigin,p=0.3,4,58.8705056010138,10000
10,rastrigin,p=0.4,4,45.363209091825574,10000
10,rastrigin,"p=0.0,sigma=0.003",4,102.48183628234789,10000
10,rastrigin,"p=0.0,sigma=0.01",4,137.9020883734695,10000
10,rastrigin,"p=0.0,sigma=0.03",4,101.61826289449809,10000
10,rastrigin,"p=0.0,sigma=0.3",4,45.530114268820704,10000
10,rastrigin,"p=0.0,sigma=1.0",4,28.588517569479166,10000
10,rastrigin,1/5sigma+p=0.2,4,92.53026826312151,10000
10,rastrigin,decay-p,4,25.740100173453783,10000
10,rastrigin,history-BJS low,4,36.79402279360322,10000
10,rastrigin,ML-BJS reuse,4,67.23355124993552,9995
10,rastrigin,ML-BJS probe/4,4,48.99061001167279,9997
10,rastrigin,ML-BJS train1,4,33.250340906809214,10000
10,rastrigin,ML-BJS train2,4,67.95185858524994,10000
10,rastrigin,ML-BJS train3,4,38.45989624246934,10000
10,rastrigin,ML-BJS train4,4,54.70137998832587,10000
10,rastrigin,ML-BJS disjoint,4,72.38829191904516,10000
10,rastrigin,L3 matched+refine,4,38.20224411126337,10000
10,rastrigin,B+ p=0.2,4,33.73070801809385,30000
10,rastrigin,B+ ML-BJS,4,66.28442001673889,29998
10,rastrigin,B+ ML-BJS free-probe,4,50.27099901839169,30000
10,rastrigin,B+ history-BJS,4,28.399913875494576,30000
10,rastrigin,B+ 1/5-rule,4,134.31837859377822,30000
10,rastrigin,p=0.3,5,51.9988086740778,10000
10,rastrigin,p=0.4,5,51.378017574138525,10000
10,rastrigin,"p=0.0,sigma=0.003",5,82.58200325818008,10000
10,rastrigin,"p=0.0,sigma=0.01",5,179.09708559380772,10000
10,rastrigin,"p=0.0,sigma=0.03",5,71.78095600132482,10000
10,rastrigin,"p=0.0,sigma=0.3",5,88.33133217166187,10000
10,rastrigin,"p=0.0,sigma=1.0",5,37.47936443808413,10000
10,rastrigin,1/5sigma+p=0.2,5,69.64676953540624,10000
10,rastrigin,decay-p,5,64.43607527120528,10000
10,rastrigin,history-BJS low,5,42.825973448982865,10000
10,rastrigin,ML-BJS reuse,5,39.740555460910144,9995
10,rastrigin,ML-BJS probe/4,5,38.3837332067083,9997
10,rastrigin,ML-BJS train1,5,45.966425532731684,10000
10,rastrigin,ML-BJS train2,5,67.26702696836767,10000
10,rastrigin,ML-BJS train3,5,33.92156628516511,10000
10,rastrigin,ML-BJS train4,5,41.29802454493765,10000
10,rastrigin,ML-BJS disjoint,5,63.84165229243971,10000
10,rastrigin,L3 matched+refine,5,29.161377694044546,10000
10,rastrigin,B+ p=0.2,5,44.975145802552376,30000
10,rastrigin,B+ ML-BJS,5,54.952689828393815,29998
10,rastrigin,B+ ML-BJS free-probe,5,51.83396411074709,30000
10,rastrigin,B+ history-BJS,5,42.2908891630162,30000
10,rastrigin,B+ 1/5-rule,5,73.62661643818129,30000
10,rastrigin,p=0.3,6,32.03433208091067,10000
10,rastrigin,p=0.4,6,59.62511771294692,10000
10,rastrigin,"p=0.0,sigma=0.003",6,73.62834693061326,10000
10,rastrigin,"p=0.0,sigma=0.01",6,89.56040850427114,10000
10,rastrigin,"p=0.0,sigma=0.03",6,84.66512331238951,10000
10,rastrigin,"p=0.0,sigma=0.3",6,102.67185333758519,10000
10,rastrigin,"p=0.0,sigma=1.0",6,46.293573554164304,10000
10,rastrigin,1/5sigma+p=0.2,6,72.6314789931348,10000
10,rastrigin,decay-p,6,44.08072699966117,10000
10,rastrigin,history-BJS low,6,62.20743357710186,10000
10,rastrigin,ML-BJS reuse,6,52.68424647789548,9995
10,rastrigin,ML-BJS probe/4,6,61.93165604785483,9997
10,rastrigin,ML-BJS train1,6,40.69832737150082,10000
10,rastrigin,ML-BJS train2,6,69.56016400986616,10000
10,rastrigin,ML-BJS train3,6,74.67988985401576,10000
10,rastrigin,ML-BJS train4,6,72.01413223007441,10000
10,rastrigin,ML-BJS disjoint,6,25.45734923561524,10000
10,rastrigin,L3 matched+refine,6,37.074047227183705,10000
10,rastrigin,B+ p=0.2,6,33.978898553682825,30000
10,rastrigin,B+ ML-BJS,6,39.38658156088033,29998
10,rastrigin,B+ ML-BJS free-probe,6,41.895127216453744,30000
10,rastrigin,B+ history-BJS,6,25.052367855870145,30000
10,rastrigin,B+ 1/5-rule,6,103.47490468038232,30000
10,rastrigin,p=0.3,7,57.53542183531531,10000
10,rastrigin,p=0.4,7,50.45768981002152,10000
10,rastrigin,"p=0.0,sigma=0.003",7,54.724725776604856,10000
10,rastrigin,"p=0.0,sigma=0.01",7,182.42553599073796,10000
10,rastrigin,"p=0.0,sigma=0.03",7,96.69640272241448,10000
10,rastrigin,"p=0.0,sigma=0.3",7,142.83516578651933,10000
10,rastrigin,"p=0.0,sigma=1.0",7,37.52685938140457,10000
10,rastrigin,1/5sigma+p=0.2,7,18.904186774601015,10000
10,rastrigin,decay-p,7,70.7789955215683,10000
10,rastrigin,history-BJS low,7,61.392793075507946,10000
10,rastrigin,ML-BJS reuse,7,92.60318719894295,9993
10,rastrigin,ML-BJS probe/4,7,49.306236779863696,9997
10,rastrigin,ML-BJS train1,7,61.55018900565649,10000
10,rastrigin,ML-BJS train2,7,60.37791004874089,10000
10,rastrigin,ML-BJS train3,7,78.67938459846692,10000
10,rastrigin,ML-BJS train4,7,43.49284318116819,10000
10,rastrigin,ML-BJS disjoint,7,55.784953774000954,10000
10,rastrigin,L3 matched+refine,7,25.510151417204526,10000
10,rastrigin,B+ p=0.2,7,32.588955446283705,30000
10,rastrigin,B+ ML-BJS,7,13.728166759817825,29998
10,rastrigin,B+ ML-BJS free-probe,7,27.482791242561348,30000
10,rastrigin,B+ history-BJS,7,71.72835971868363,30000
10,rastrigin,B+ 1/5-rule,7,97.5052211865011,30000
10,rastrigin,p=0.3,8,58.52170742100666,10000
10,rastrigin,p=0.4,8,43.52419610453752,10000
10,rastrigin,"p=0.0,sigma=0.003",8,106.46169511795217,10000
10,rastrigin,"p=0.0,sigma=0.01",8,67.67000791368508,10000
10,rastrigin,"p=0.0,sigma=0.03",8,160.38956401828636,10000
10,rastrigin,"p=0.0,sigma=0.3",8,121.59025263041576,10000
10,rastrigin,"p=0.0,sigma=1.0",8,46.048795751262,10000
10,rastrigin,1/5sigma+p=0.2,8,66.66197388720678,10000
10,rastrigin,decay-p,8,60.10202408151467,10000
10,rastrigin,history-BJS low,8,74.89256441135583,10000
10,rastrigin,ML-BJS reuse,8,48.268942503427866,9996
10,rastrigin,ML-BJS probe/4,8,31.022328352468776,9997
10,rastrigin,ML-BJS train1,8,38.54961208775795,10000
10,rastrigin,ML-BJS train2,8,22.281382435445153,10000
10,rastrigin,ML-BJS train3,8,51.79323650848026,10000
10,rastrigin,ML-BJS train4,8,66.39935804749923,10000
10,rastrigin,ML-BJS disjoint,8,35.60090422100123,10000
10,rastrigin,L3 matched+refine,8,28.839651828343165,10000
10,rastrigin,B+ p=0.2,8,73.48185639240477,30000
10,rastrigin,B+ ML-BJS,8,70.09692412742284,29998
10,rastrigin,B+ ML-BJS free-probe,8,46.4318106855059,30000
10,rastrigin,B+ history-BJS,8,42.81729088727033,30000
10,rastrigin,B+ 1/5-rule,8,123.37394020785956,30000
10,rastrigin,p=0.3,9,66.5870954475796,10000
10,rastrigin,p=0.4,9,71.6301782782559,10000
10,rastrigin,"p=0.0,sigma=0.003",9,96.51153390396497,10000
10,rastrigin,"p=0.0,sigma=0.01",9,64.69592200107763,10000
10,rastrigin,"p=0.0,sigma=0.03",9,102.73336935687921,10000
10,rastrigin,"p=0.0,sigma=0.3",9,74.19229940162433,10000
10,rastrigin,"p=0.0,sigma=1.0",9,42.854807675446246,10000
10,rastrigin,1/5sigma+p=0.2,9,32.8335934226307,10000
10,rastrigin,decay-p,9,16.315161546878784,10000
10,rastrigin,history-BJS low,9,59.38607286722453,10000
10,rastrigin,ML-BJS reuse,9,67.92639632854156,9992
10,rastrigin,ML-BJS probe/4,9,55.775190803977814,9997
10,rastrigin,ML-BJS train1,9,37.86470408994056,10000
10,rastrigin,ML-BJS train2,9,87.442503845156,10000
10,rastrigin,ML-BJS train3,9,57.61386946724719,10000
10,rastrigin,ML-BJS train4,9,60.413622001770555,10000
10,rastrigin,ML-BJS disjoint,9,75.23297928468824,10000
10,rastrigin,L3 matched+refine,9,54.90328309943812,10000
10,rastrigin,B+ p=0.2,9,63.23357650537815,30000
10,rastrigin,B+ ML-BJS,9,62.31066013622451,29998
10,rastrigin,B+ ML-BJS free-probe,9,30.449447162435334,30000
10,rastrigin,B+ history-BJS,9,42.5257015699173,30000
10,rastrigin,B+ 1/5-rule,9,55.71745956935228,30000
10,rastrigin,p=0.3,10,72.43657712909075,10000
10,rastrigin,p=0.4,10,70.09503003756681,10000
10,rastrigin,"p=0.0,sigma=0.003",10,64.67364888247492,10000
10,rastrigin,"p=0.0,sigma=0.01",10,46.785616710807815,10000
10,rastrigin,"p=0.0,sigma=0.03",10,117.5011447739487,10000
10,rastrigin,"p=0.0,sigma=0.3",10,120.23917388199379,10000
10,rastrigin,"p=0.0,sigma=1.0",10,38.391336692639356,10000
10,rastrigin,1/5sigma+p=0.2,10,53.72748516661883,10000
10,rastrigin,decay-p,10,45.55430179669166,10000
10,rastrigin,history-BJS low,10,66.88103324206799,10000
10,rastrigin,ML-BJS reuse,10,64.60519054149144,9996
10,rastrigin,ML-BJS probe/4,10,82.69059352101868,9997
10,rastrigin,ML-BJS train1,10,61.46107377888757,10000
10,rastrigin,ML-BJS train2,10,58.27859665388886,10000
10,rastrigin,ML-BJS train3,10,38.07434311631875,10000
10,rastrigin,ML-BJS train4,10,61.49859799757603,10000
10,rastrigin,ML-BJS disjoint,10,74.47093737152798,10000
10,rastrigin,L3 matched+refine,10,27.402828925411242,10000
10,rastrigin,B+ p=0.2,10,76.55810019410775,30000
10,rastrigin,B+ ML-BJS,10,62.297364884805575,29998
10,rastrigin,B+ ML-BJS free-probe,10,52.267980755250676,30000
10,rastrigin,B+ history-BJS,10,56.912846345065674,30000
10,rastrigin,B+ 1/5-rule,10,110.43954723135684,30000
10,rastrigin,p=0.3,11,53.123081154624714,10000
10,rastrigin,p=0.4,11,53.940001745057614,10000
10,rastrigin,"p=0.0,sigma=0.003",11,69.64906986386598,10000
10,rastrigin,"p=0.0,sigma=0.01",11,100.50002049015578,10000
10,rastrigin,"p=0.0,sigma=0.03",11,84.8325779212212,10000
10,rastrigin,"p=0.0,sigma=0.3",11,110.23107030176813,10000
10,rastrigin,"p=0.0,sigma=1.0",11,34.276293311541906,10000
10,rastrigin,1/5sigma+p=0.2,11,22.883997768440494,10000
10,rastrigin,decay-p,11,37.806097444405026,10000
10,rastrigin,history-BJS low,11,46.00107448772225,10000
10,rastrigin,ML-BJS reuse,11,82.62257392650187,9992
10,rastrigin,ML-BJS probe/4,11,60.043955364935016,9997
10,rastrigin,ML-BJS train1,11,51.756260628410686,10000
10,rastrigin,ML-BJS train2,11,71.15635342744972,10000
10,rastrigin,ML-BJS train3,11,64.22257703636748,10000
10,rastrigin,ML-BJS train4,11,63.083178302840615,10000
10,rastrigin,ML-BJS disjoint,11,53.628036267572824,10000
10,rastrigin,L3 matched+refine,11,39.988535808148015,10000
10,rastrigin,B+ p=0.2,11,71.20378251917053,30000
10,rastrigin,B+ ML-BJS,11,26.545146527915094,29998
10,rastrigin,B+ ML-BJS free-probe,11,24.467057902180244,30000
10,rastrigin,B+ history-BJS,11,76.9511198418022,30000
10,rastrigin,B+ 1/5-rule,11,55.71732231105054,30000
10,rastrigin,p=0.3,12,40.88846218287518,10000
10,rastrigin,p=0.4,12,45.81021313138726,10000
10,rastrigin,"p=0.0,sigma=0.003",12,108.45074387559805,10000
10,rastrigin,"p=0.0,sigma=0.01",12,87.57506131904877,10000
10,rastrigin,"p=0.0,sigma=0.03",12,78.73937695909578,10000
10,rastrigin,"p=0.0,sigma=0.3",12,69.21527181119066,10000
10,rastrigin,"p=0.0,sigma=1.0",12,46.71978390127708,10000
10,rastrigin,1/5sigma+p=0.2,12,26.863864314604427,10000
10,rastrigin,decay-p,12,40.48223158296606,10000
10,rastrigin,history-BJS low,12,80.97427638396157,10000
10,rastrigin,ML-BJS reuse,12,32.35978232720514,10000
10,rastrigin,ML-BJS probe/4,12,43.19296892811475,9997
10,rastrigin,ML-BJS train1,12,36.654464803316074,10000
10,rastrigin,ML-BJS train2,12,61.1680993396142,10000
10,rastrigin,ML-BJS train3,12,57.44559176183055,10000
10,rastrigin,ML-BJS train4,12,52.31933127698196,10000
10,rastrigin,ML-BJS disjoint,12,52.76089996412341,10000
10,rastrigin,L3 matched+refine,12,39.57213382644503,10000
10,rastrigin,B+ p=0.2,12,23.864239106446732,30000
10,rastrigin,B+ ML-BJS,12,69.85571021896418,29998
10,rastrigin,B+ ML-BJS free-probe,12,48.3589412943387,30000
10,rastrigin,B+ history-BJS,12,64.09662762568722,30000
10,rastrigin,B+ 1/5-rule,12,82.58070796454123,30000
10,rastrigin,p=0.3,13,40.89924131337999,10000
10,rastrigin,p=0.4,13,50.63553065091889,10000
10,rastrigin,"p=0.0,sigma=0.003",13,99.49677921070295,10000
10,rastrigin,"p=0.0,sigma=0.01",13,172.14538654411436,10000
10,rastrigin,"p=0.0,sigma=0.03",13,134.46893747945515,10000
10,rastrigin,"p=0.0,sigma=0.3",13,92.52805956948356,10000
10,rastrigin,"p=0.0,sigma=1.0",13,54.45225036854274,10000
10,rastrigin,1/5sigma+p=0.2,13,54.72242402699766,10000
10,rastrigin,decay-p,13,70.06221235171122,10000
10,rastrigin,history-BJS low,13,14.793155033393376,10000
10,rastrigin,ML-BJS reuse,13,53.12631059471128,10000
10,rastrigin,ML-BJS probe/4,13,58.0437434714784,9997
10,rastrigin,ML-BJS train1,13,48.147701422140784,10000
10,rastrigin,ML-BJS train2,13,51.032737259718054,10000
10,rastrigin,ML-BJS train3,13,56.53059976801296,10000
10,rastrigin,ML-BJS train4,13,65.71134494270683,10000
10,rastrigin,ML-BJS disjoint,13,61.240357883900884,10000
10,rastrigin,L3 matched+refine,13,27.287078512421203,10000
10,rastrigin,B+ p=0.2,13,38.11537917042399,30000
10,rastrigin,B+ ML-BJS,13,69.16370442164765,29998
10,rastrigin,B+ ML-BJS free-probe,13,21.92060526180127,30000
10,rastrigin,B+ history-BJS,13,23.903661381561818,30000
10,rastrigin,B+ 1/5-rule,13,95.51546723926273,30000
10,rastrigin,p=0.3,14,52.70247156478558,10000
10,rastrigin,p=0.4,14,40.52761872743146,10000
10,rastrigin,"p=0.0,sigma=0.003",14,147.12380150919228,10000
10,rastrigin,"p=0.0,sigma=0.01",14,60.71554452837845,10000
10,rastrigin,"p=0.0,sigma=0.03",14,75.73610313367314,10000
10,rastrigin,"p=0.0,sigma=0.3",14,61.01213696103775,10000
10,rastrigin,"p=0.0,sigma=1.0",14,42.31381313042839,10000
10,rastrigin,1/5sigma+p=0.2,14,16.914288857128838,10000
10,rastrigin,decay-p,14,55.156087398210424,10000
10,rastrigin,history-BJS low,14,44.597414335145594,10000
10,rastrigin,ML-BJS reuse,14,55.238619804165324,9997
10,rastrigin,ML-BJS probe/4,14,50.65388631285248,9997
10,rastrigin,ML-BJS train1,14,77.24807527029498,10000
10,rastrigin,ML-BJS train2,14,69.16355481655154,10000
10,rastrigin,ML-BJS train3,14,49.04545642247971,10000
10,rastrigin,ML-BJS train4,14,61.8941760812653,10000
10,rastrigin,ML-BJS disjoint,14,88.88367440997314,10000
10,rastrigin,L3 matched+refine,14,50.11720015985385,10000
10,rastrigin,B+ p=0.2,14,54.24531044818203,30000
10,rastrigin,B+ ML-BJS,14,22.779036433727526,29998
10,rastrigin,B+ ML-BJS free-probe,14,38.222518912486706,30000
10,rastrigin,B+ history-BJS,14,42.517752037180784,30000
10,rastrigin,B+ 1/5-rule,14,58.70235712024356,30000
10,rastrigin,p=0.3,15,42.1966913672091,10000
10,rastrigin,p=0.4,15,58.03529114563006,10000
10,rastrigin,"p=0.0,sigma=0.003",15,64.47979383533223,10000
10,rastrigin,"p=0.0,sigma=0.01",15,91.01798834013967,10000
10,rastrigin,"p=0.0,sigma=0.03",15,48.914196995477795,10000
10,rastrigin,"p=0.0,sigma=0.3",15,66.77241305517664,10000
10,rastrigin,"p=0.0,sigma=1.0",15,40.943921466124635,10000
10,rastrigin,1/5sigma+p=0.2,15,52.73262801221735,10000
10,rastrigin,decay-p,15,57.98307852107365,10000
10,rastrigin,history-BJS low,15,38.375961221382795,10000
10,rastrigin,ML-BJS reuse,15,51.06420217375491,9999
10,rastrigin,ML-BJS probe/4,15,64.66935372837042,9997
10,rastrigin,ML-BJS train1,15,49.6105394054526,10000
10,rastrigin,ML-BJS train2,15,43.11697596942837,10000
10,rastrigin,ML-BJS train3,15,31.585427311791577,10000
10,rastrigin,ML-BJS train4,15,53.69853636458133,10000
10,rastrigin,ML-BJS disjoint,15,50.17787956842235,10000
10,rastrigin,L3 matched+refine,15,33.385038567102825,10000
10,rastrigin,B+ p=0.2,15,67.05698151658864,30000
10,rastrigin,B+ ML-BJS,15,62.579852481161666,29998
10,rastrigin,B+ ML-BJS free-probe,15,46.13151065742336,30000
10,rastrigin,B+ history-BJS,15,21.95271824460258,30000
10,rastrigin,B+ 1/5-rule,15,107.45487984117018,30000
10,rastrigin,p=0.3,16,66.62132538921722,10000
10,rastrigin,p=0.4,16,40.15229600018856,10000
10,rastrigin,"p=0.0,sigma=0.003",16,72.63317837948132,10000
10,rastrigin,"p=0.0,sigma=0.01",16,151.25010011567596,10000
10,rastrigin,"p=0.0,sigma=0.03",16,130.54036513604115,10000
10,rastrigin,"p=0.0,sigma=0.3",16,58.388965511413915,10000
10,rastrigin,"p=0.0,sigma=1.0",16,35.71196679389149,10000
10,rastrigin,1/5sigma+p=0.2,16,76.61141208638075,10000
10,rastrigin,decay-p,16,66.59772178475745,10000
10,rastrigin,history-BJS low,16,72.99688285349379,10000
10,rastrigin,ML-BJS reuse,16,73.53977849964903,9998
10,rastrigin,ML-BJS probe/4,16,77.55204716662985,9997
10,rastrigin,ML-BJS train1,16,55.22296475424782,10000
10,rastrigin,ML-BJS train2,16,24.476995788869104,10000
10,rastrigin,ML-BJS train3,16,56.41604389350548,10000
10,rastrigin,ML-BJS train4,16,48.31980504813353,10000
10,rastrigin,ML-BJS disjoint,16,80.41524996184204,10000
10,rastrigin,L3 matched+refine,16,26.310127120192604,10000
10,rastrigin,B+ p=0.2,16,28.49362833402644,30000
10,rastrigin,B+ ML-BJS,16,60.66711907284726,29998
10,rastrigin,B+ ML-BJS free-probe,16,45.6393804444205,30000
10,rastrigin,B+ history-BJS,16,72.25728784693415,30000
10,rastrigin,B+ 1/5-rule,16,82.58115690662797,30000
10,rastrigin,p=0.3,17,53.5901626145552,10000
10,rastrigin,p=0.4,17,42.40192205783607,10000
10,rastrigin,"p=0.0,sigma=0.003",17,126.36093272285379,10000
10,rastrigin,"p=0.0,sigma=0.01",17,108.46527075023614,10000
10,rastrigin,"p=0.0,sigma=0.03",17,121.55240878527995,10000
10,rastrigin,"p=0.0,sigma=0.3",17,110.17611878928443,10000
10,rastrigin,"p=0.0,sigma=1.0",17,53.024360564074996,10000
10,rastrigin,1/5sigma+p=0.2,17,33.828491706683664,10000
10,rastrigin,decay-p,17,31.211480467782778,10000
10,rastrigin,history-BJS low,17,58.13672597114391,10000
10,rastrigin,ML-BJS reuse,17,66.85686102711581,9993
10,rastrigin,ML-BJS probe/4,17,41.65610421085511,9997
10,rastrigin,ML-BJS train1,17,42.640282183244565,10000
10,rastrigin,ML-BJS train2,17,38.36404343080504,10000
10,rastrigin,ML-BJS train3,17,67.18351411517094,10000
10,rastrigin,ML-BJS train4,17,71.91325499675372,10000
10,rastrigin,ML-BJS disjoint,17,45.68430911887842,10000
10,rastrigin,L3 matched+refine,17,39.53355604949509,10000
10,rastrigin,B+ p=0.2,17,36.3498161299221,30000
10,rastrigin,B+ ML-BJS,17,61.03196245272511,29998
10,rastrigin,B+ ML-BJS free-probe,17,54.52629120974429,30000
10,rastrigin,B+ history-BJS,17,56.32014267144099,30000
10,rastrigin,B+ 1/5-rule,17,103.47510942365652,30000
10,rastrigin,p=0.3,18,51.47837849004353,10000
10,rastrigin,p=0.4,18,61.36390205463159,10000
10,rastrigin,"p=0.0,sigma=0.003",18,67.65832810800856,10000
10,rastrigin,"p=0.0,sigma=0.01",18,44.78909879018656,10000
10,rastrigin,"p=0.0,sigma=0.03",18,125.75790089624242,10000
10,rastrigin,"p=0.0,sigma=0.3",18,75.03032924976739,10000
10,rastrigin,"p=0.0,sigma=1.0",18,49.00092592200241,10000
10,rastrigin,1/5sigma+p=0.2,18,61.68706657797211,10000
10,rastrigin,decay-p,18,51.347155630267125,10000
10,rastrigin,history-BJS low,18,71.11660539536547,10000
10,rastrigin,ML-BJS reuse,18,49.04137390618983,9995
10,rastrigin,ML-BJS probe/4,18,40.15043554023715,9997
10,rastrigin,ML-BJS train1,18,53.542678345783045,10000
10,rastrigin,ML-BJS train2,18,32.2185228325219,10000
10,rastrigin,ML-BJS train3,18,33.67620477992119,10000
10,rastrigin,ML-BJS train4,18,53.77426313881805,10000
10,rastrigin,ML-BJS disjoint,18,33.711406594307164,10000
10,rastrigin,L3 matched+refine,18,26.608109832563613,10000
10,rastrigin,B+ p=0.2,18,67.24475461975486,30000
10,rastrigin,B+ ML-BJS,18,53.48138298748096,29998
10,rastrigin,B+ ML-BJS free-probe,18,23.094312910422133,30000
10,rastrigin,B+ history-BJS,18,44.511395658338614,30000
10,rastrigin,B+ 1/5-rule,18,160.20188255514637,30000
10,rastrigin,p=0.3,19,65.11407027428565,10000
10,rastrigin,p=0.4,19,35.732463072054244,10000
10,rastrigin,"p=0.0,sigma=0.003",19,60.69381813321687,10000
10,rastrigin,"p=0.0,sigma=0.01",19,142.3876476931884,10000
10,rastrigin,"p=0.0,sigma=0.03",19,80.79408621473311,10000
10,rastrigin,"p=0.0,sigma=0.3",19,92.5153459843808,10000
10,rastrigin,"p=0.0,sigma=1.0",19,40.04191497444141,10000
10,rastrigin,1/5sigma+p=0.2,19,65.66689776852624,10000
10,rastrigin,decay-p,19,58.49680946900293,10000
10,rastrigin,history-BJS low,19,36.7675048408739,10000
10,rastrigin,ML-BJS reuse,19,74.52919187360952,9994
10,rastrigin,ML-BJS probe/4,19,40.117772709658425,9997
10,rastrigin,ML-BJS train1,19,44.085026848384416,10000
10,rastrigin,ML-BJS train2,19,38.19047183352524,10000
10,rastrigin,ML-BJS train3,19,34.49592653453554,10000
10,rastrigin,ML-BJS train4,19,53.00203788481898,10000
10,rastrigin,ML-BJS disjoint,19,55.994271880744236,10000
10,rastrigin,L3 matched+refine,19,24.07282160139505,10000
10,rastrigin,B+ p=0.2,19,45.81480291808313,30000
10,rastrigin,B+ ML-BJS,19,20.47632972680387,29998
10,rastrigin,B+ ML-BJS free-probe,19,50.76940804646829,30000
10,rastrigin,B+ history-BJS,19,30.22518860735144,30000
10,rastrigin,B+ 1/5-rule,19,91.1721163111392,30000
10,rastrigin,p=0.3,20,79.71023063324299,10000
10,rastrigin,p=0.4,20,49.10603872657321,10000
10,rastrigin,"p=0.0,sigma=0.003",20,143.52193328455982,10000
10,rastrigin,"p=0.0,sigma=0.01",20,146.30120953842405,10000
10,rastrigin,"p=0.0,sigma=0.03",20,81.73260377630709,10000
10,rastrigin,"p=0.0,sigma=0.3",20,66.20463209158068,10000
10,rastrigin,"p=0.0,sigma=1.0",20,50.00585360416104,10000
10,rastrigin,1/5sigma+p=0.2,20,72.6315403195008,10000
10,rastrigin,decay-p,20,83.44852283249082,10000
10,rastrigin,history-BJS low,20,45.13589412071962,10000
10,rastrigin,ML-BJS reuse,20,49.302498299198135,9999
10,rastrigin,ML-BJS probe/4,20,54.32894010881653,9997
10,rastrigin,ML-BJS train1,20,61.498985168302106,10000
10,rastrigin,ML-BJS train2,20,64.9586848226577,10000
10,rastrigin,ML-BJS train3,20,39.01289345489704,10000
10,rastrigin,ML-BJS train4,20,70.84638672321364,10000
10,rastrigin,ML-BJS disjoint,20,73.78746337634014,10000
10,rastrigin,L3 matched+refine,20,29.105737154363155,10000
10,rastrigin,B+ p=0.2,20,47.1608244668934,30000
10,rastrigin,B+ ML-BJS,20,50.61012985460036,29998
10,rastrigin,B+ ML-BJS free-probe,20,42.261124269932395,30000
10,rastrigin,B+ history-BJS,20,20.76069072876345,30000
10,rastrigin,B+ 1/5-rule,20,75.61618751297306,30000
10,rastrigin,p=0.3,21,28.144802801997656,10000
10,rastrigin,p=0.4,21,52.00671430563186,10000
10,rastrigin,"p=0.0,sigma=0.003",21,105.46584193332787,10000
10,rastrigin,"p=0.0,sigma=0.01",21,107.19554810317454,10000
10,rastrigin,"p=0.0,sigma=0.03",21,121.54110432767345,10000
10,rastrigin,"p=0.0,sigma=0.3",21,118.91028404882961,10000
10,rastrigin,"p=0.0,sigma=1.0",21,59.08025656634089,10000
10,rastrigin,1/5sigma+p=0.2,21,41.78811369436288,10000
10,rastrigin,decay-p,21,30.665937460810014,10000
10,rastrigin,history-BJS low,21,70.53949887048138,10000
10,rastrigin,ML-BJS reuse,21,65.08232308774748,9992
10,rastrigin,ML-BJS probe/4,21,78.12647202112993,9997
10,rastrigin,ML-BJS train1,21,44.92790353220679,10000
10,rastrigin,ML-BJS train2,21,42.8932101554437,10000
10,rastrigin,ML-BJS train3,21,59.92415420874419,10000
10,rastrigin,ML-BJS train4,21,49.469303578243775,10000
10,rastrigin,ML-BJS disjoint,21,73.62716160703722,10000
10,rastrigin,L3 matched+refine,21,31.130133245331834,10000
10,rastrigin,B+ p=0.2,21,41.550392661691106,30000
10,rastrigin,B+ ML-BJS,21,25.309613871607766,29998
10,rastrigin,B+ ML-BJS free-probe,21,51.58364600573578,30000
10,rastrigin,B+ history-BJS,21,35.29082583289181,30000
10,rastrigin,B+ 1/5-rule,21,69.64670876236585,30000
10,rastrigin,p=0.3,22,58.93696805419336,10000
10,rastrigin,p=0.4,22,39.226790553058095,10000
10,rastrigin,"p=0.0,sigma=0.003",22,70.64309798325105,10000
10,rastrigin,"p=0.0,sigma=0.01",22,140.30784134961672,10000
10,rastrigin,"p=0.0,sigma=0.03",22,124.56759205355196,10000
10,rastrigin,"p=0.0,sigma=0.3",22,66.8547674584391,10000
10,rastrigin,"p=0.0,sigma=1.0",22,49.22899724333911,10000
10,rastrigin,1/5sigma+p=0.2,22,56.712337103365186,10000
10,rastrigin,decay-p,22,32.118990914179264,10000
10,rastrigin,history-BJS low,22,53.83875555261048,10000
10,rastrigin,ML-BJS reuse,22,62.80733757411832,9993
10,rastrigin,ML-BJS probe/4,22,60.82003055854527,9997
10,rastrigin,ML-BJS train1,22,22.89111708805484,10000
10,rastrigin,ML-BJS train2,22,41.91406522140795,10000
10,rastrigin,ML-BJS train3,22,63.46242818607625,10000
10,rastrigin,ML-BJS train4,22,51.279120525140804,10000
10,rastrigin,ML-BJS disjoint,22,26.278625990053172,10000
10,rastrigin,L3 matched+refine,22,24.593604969917465,10000
10,rastrigin,B+ p=0.2,22,69.67139033399427,30000
10,rastrigin,B+ ML-BJS,22,55.49020050814049,29998
10,rastrigin,B+ ML-BJS free-probe,22,67.85361110948122,30000
10,rastrigin,B+ history-BJS,22,60.30721358711021,30000
10,rastrigin,B+ 1/5-rule,22,87.55549821218858,30000
10,rastrigin,p=0.3,23,59.59128276514775,10000
10,rastrigin,p=0.4,23,47.66199518064043,10000
10,rastrigin,"p=0.0,sigma=0.003",23,84.57212003565074,10000
10,rastrigin,"p=0.0,sigma=0.01",23,74.6426399614067,10000
10,rastrigin,"p=0.0,sigma=0.03",23,100.62410622602303,10000
10,rastrigin,"p=0.0,sigma=0.3",23,129.42121572012988,10000
10,rastrigin,"p=0.0,sigma=1.0",23,33.0083048074474,10000
10,rastrigin,1/5sigma+p=0.2,23,52.73262801221739,10000
10,rastrigin,decay-p,23,56.351306231908325,10000
10,rastrigin,history-BJS low,23,37.90763881117253,10000
10,rastrigin,ML-BJS reuse,23,52.463929824355944,9992
10,rastrigin,ML-BJS probe/4,23,48.50984156381272,9997
10,rastrigin,ML-BJS train1,23,37.5976038751929,10000
10,rastrigin,ML-BJS train2,23,76.44840845869201,10000
10,rastrigin,ML-BJS train3,23,63.27820092494358,10000
10,rastrigin,ML-BJS train4,23,63.78331857796136,10000
10,rastrigin,ML-BJS disjoint,23,39.93778730272,10000
10,rastrigin,L3 matched+refine,23,25.596824935282612,10000
10,rastrigin,B+ p=0.2,23,47.56448420175454,30000
10,rastrigin,B+ ML-BJS,23,48.029600402979874,29998
10,rastrigin,B+ ML-BJS free-probe,23,19.33240284079079,30000
10,rastrigin,B+ history-BJS,23,44.34602814407538,30000
10,rastrigin,B+ 1/5-rule,23,114.41937842191093,30000
10,rastrigin,p=0.3,24,78.28330321313945,10000
10,rastrigin,p=0.4,24,39.16748109451018,10000
10,rastrigin,"p=0.0,sigma=0.003",24,115.41604519480038,10000
10,rastrigin,"p=0.0,sigma=0.01",24,85.57540272425095,10000
10,rastrigin,"p=0.0,sigma=0.03",24,70.74875400547927,10000
10,rastrigin,"p=0.0,sigma=0.3",24,161.6463814122601,10000
10,rastrigin,"p=0.0,sigma=1.0",24,39.29003505983415,10000
10,rastrigin,1/5sigma+p=0.2,24,16.914268660414308,10000
10,rastrigin,decay-p,24,49.09544681099558,10000
10,rastrigin,history-BJS low,24,32.91488332544144,10000
10,rastrigin,ML-BJS reuse,24,36.03385199886985,9998
10,rastrigin,ML-BJS probe/4,24,73.46006429151096,9997
10,rastrigin,ML-BJS train1,24,61.91787451059426,10000
10,rastrigin,ML-BJS train2,24,58.4769471158139,10000
10,rastrigin,ML-BJS train3,24,73.06510796850715,10000
10,rastrigin,ML-BJS train4,24,55.83752700250625,10000
10,rastrigin,ML-BJS disjoint,24,79.01974689955512,10000
10,rastrigin,L3 matched+refine,24,33.7085107132406,10000
10,rastrigin,B+ p=0.2,24,58.492045934985505,30000
10,rastrigin,B+ ML-BJS,24,43.2653372990603,29998
10,rastrigin,B+ ML-BJS free-probe,24,58.82836265229059,30000
10,rastrigin,B+ history-BJS,24,52.032602740287174,30000
10,rastrigin,B+ 1/5-rule,24,116.40878682097045,30000
10,rastrigin,p=0.3,25,43.80180463805835,10000
10,rastrigin,p=0.4,25,25.068859881671685,10000
10,rastrigin,"p=0.0,sigma=0.003",25,51.73948277343265,10000
10,rastrigin,"p=0.0,sigma=0.01",25,181.10695629427175,10000
10,rastrigin,"p=0.0,sigma=0.03",25,115.53772887550916,10000
10,rastrigin,"p=0.0,sigma=0.3",25,69.53922640458029,10000
10,rastrigin,"p=0.0,sigma=1.0",25,60.949136609476895,10000
10,rastrigin,1/5sigma+p=0.2,25,56.712459202771434,10000
10,rastrigin,decay-p,25,32.13424339905815,10000
10,rastrigin,history-BJS low,25,64.79167116088067,10000
10,rastrigin,ML-BJS reuse,25,32.580964825890504,9992
10,rastrigin,ML-BJS probe/4,25,56.81908131406995,9997
10,rastrigin,ML-BJS train1,25,41.240900441388945,10000
10,rastrigin,ML-BJS train2,25,69.51393964763845,10000
10,rastrigin,ML-BJS train3,25,79.98494401583505,10000
10,rastrigin,ML-BJS train4,25,41.20815654472341,10000
10,rastrigin,ML-BJS disjoint,25,32.93272187091593,10000
10,rastrigin,L3 matched+refine,25,44.947478994349986,10000
10,rastrigin,B+ p=0.2,25,68.15884333559266,30000
10,rastrigin,B+ ML-BJS,25,54.95432447153053,29998
10,rastrigin,B+ ML-BJS free-probe,25,52.76389744503567,30000
10,rastrigin,B+ history-BJS,25,33.70776581719956,30000
10,rastrigin,B+ 1/5-rule,25,71.63662183873335,30000
10,rastrigin,p=0.3,26,33.050367240492704,10000
10,rastrigin,p=0.4,26,47.72557028996249,10000
10,rastrigin,"p=0.0,sigma=0.003",26,159.99478368767024,10000
10,rastrigin,"p=0.0,sigma=0.01",26,132.33654942936943,10000
10,rastrigin,"p=0.0,sigma=0.03",26,138.46809015438106,10000
10,rastrigin,"p=0.0,sigma=0.3",26,135.73103739422106,10000
10,rastrigin,"p=0.0,sigma=1.0",26,46.18705682556245,10000
10,rastrigin,1/5sigma+p=0.2,26,26.863844117889982,10000
10,rastrigin,decay-p,26,69.86934034554474,10000
10,rastrigin,history-BJS low,26,17.536298386853773,10000
10,rastrigin,ML-BJS reuse,26,32.37885358529138,9992
10,rastrigin,ML-BJS probe/4,26,56.323685756853806,9997
10,rastrigin,ML-BJS train1,26,30.767652849633038,10000
10,rastrigin,ML-BJS train2,26,84.81875906539467,10000
10,rastrigin,ML-BJS train3,26,57.99838098393252,10000
10,rastrigin,ML-BJS train4,26,38.767708302681655,10000
10,rastrigin,ML-BJS disjoint,26,44.00434651614149,10000
10,rastrigin,L3 matched+refine,26,37.101951829387815,10000
10,rastrigin,B+ p=0.2,26,58.300886051021486,30000
10,rastrigin,B+ ML-BJS,26,60.968210953604796,29998
10,rastrigin,B+ ML-BJS free-probe,26,15.249863067610917,30000
10,rastrigin,B+ history-BJS,26,34.42510017566582,30000
10,rastrigin,B+ 1/5-rule,26,80.5913451796267,30000
10,rastrigin,p=0.3,27,39.413017774033364,10000
10,rastrigin,p=0.4,27,51.56756240649026,10000
10,rastrigin,"p=0.0,sigma=0.003",27,92.53137002825892,10000
10,rastrigin,"p=0.0,sigma=0.01",27,94.5383489475135,10000
10,rastrigin,"p=0.0,sigma=0.03",27,113.55355060879248,10000
10,rastrigin,"p=0.0,sigma=0.3",27,99.71798127612345,10000
10,rastrigin,"p=0.0,sigma=1.0",27,62.01441302841827,10000
10,rastrigin,1/5sigma+p=0.2,27,41.788174467403266,10000
10,rastrigin,decay-p,27,60.09117615800983,10000
10,rastrigin,history-BJS low,27,69.65208899619319,10000
10,rastrigin,ML-BJS reuse,27,31.969870897085755,9993
10,rastrigin,ML-BJS probe/4,27,56.54067548580582,9997
10,rastrigin,ML-BJS train1,27,50.75582927003487,10000
10,rastrigin,ML-BJS train2,27,55.33238886626515,10000
10,rastrigin,ML-BJS train3,27,66.04958950236798,10000
10,rastrigin,ML-BJS train4,27,42.80466634178647,10000
10,rastrigin,ML-BJS disjoint,27,52.36602495747694,10000
10,rastrigin,L3 matched+refine,27,46.45590949281767,10000
10,rastrigin,B+ p=0.2,27,45.04765046027637,30000
10,rastrigin,B+ ML-BJS,27,28.456883612438787,29998
10,rastrigin,B+ ML-BJS free-probe,27,50.42444403637959,30000
10,rastrigin,B+ history-BJS,27,37.707478451017415,30000
10,rastrigin,B+ 1/5-rule,27,93.52553341285515,30000
10,rastrigin,p=0.3,28,33.269091432658456,10000
10,rastrigin,p=0.4,28,40.148065517967,10000
10,rastrigin,"p=0.0,sigma=0.003",28,158.1983696514769,10000
10,rastrigin,"p=0.0,sigma=0.01",28,151.1795061356373,10000
10,rastrigin,"p=0.0,sigma=0.03",28,106.88257990566447,10000
10,rastrigin,"p=0.0,sigma=0.3",28,58.70687187901451,10000
10,rastrigin,"p=0.0,sigma=1.0",28,62.56860498093786,10000
10,rastrigin,1/5sigma+p=0.2,28,82.58109558026199,10000
10,rastrigin,decay-p,28,87.87115230798761,10000
10,rastrigin,history-BJS low,28,50.288716220669144,10000
10,rastrigin,ML-BJS reuse,28,97.13007893066465,9994
10,rastrigin,ML-BJS probe/4,28,33.098091425030816,9997
10,rastrigin,ML-BJS train1,28,69.27407607677952,10000
10,rastrigin,ML-BJS train2,28,54.378061837187325,10000
10,rastrigin,ML-BJS train3,28,44.34209636785141,10000
10,rastrigin,ML-BJS train4,28,45.5569484489884,10000
10,rastrigin,ML-BJS disjoint,28,42.58197655871537,10000
10,rastrigin,L3 matched+refine,28,37.20962165794249,10000
10,rastrigin,B+ p=0.2,28,18.49794440400497,30000
10,rastrigin,B+ ML-BJS,28,35.12691477872998,29998
10,rastrigin,B+ ML-BJS free-probe,28,36.92664777019632,30000
10,rastrigin,B+ history-BJS,28,65.65874061414695,30000
10,rastrigin,B+ 1/5-rule,28,117.4035579401529,30000
10,rastrigin,p=0.3,29,64.68528467395785,10000
10,rastrigin,p=0.4,29,33.38315966856415,10000
10,rastrigin,"p=0.0,sigma=0.003",29,124.3703753074391,10000
10,rastrigin,"p=0.0,sigma=0.01",29,112.44765653242757,10000
10,rastrigin,"p=0.0,sigma=0.03",29,113.32263448259499,10000
10,rastrigin,"p=0.0,sigma=0.3",29,96.74268400198956,10000
10,rastrigin,"p=0.0,sigma=1.0",29,51.727530663055404,10000
10,rastrigin,1/5sigma+p=0.2,29,42.78302713731114,10000
10,rastrigin,decay-p,29,54.44353125506741,10000
10,rastrigin,history-BJS low,29,44.50125470950194,10000
10,rastrigin,ML-BJS reuse,29,18.44713206922941,9998
10,rastrigin,ML-BJS probe/4,29,63.11442803526279,9997
10,rastrigin,ML-BJS train1,29,56.20266568840236,10000
10,rastrigin,ML-BJS train2,29,57.422175160440815,10000
10,rastrigin,ML-BJS train3,29,60.57957506844599,10000
10,rastrigin,ML-BJS train4,29,74.0037359333529,10000
10,rastrigin,ML-BJS disjoint,29,88.22079578127128,10000
10,rastrigin,L3 matched+refine,29,34.911445565354484,10000
10,rastrigin,B+ p=0.2,29,62.853956440636395,30000
10,rastrigin,B+ ML-BJS,29,68.20339173531453,29998
10,rastrigin,B+ ML-BJS free-probe,29,42.029072628509496,30000
10,rastrigin,B+ history-BJS,29,41.18732979782162,30000
10,rastrigin,B+ 1/5-rule,29,59.69720923682597,30000
10,ackley,p=0.3,0,4.478864757638565,10000
10,ackley,p=0.4,0,5.510544589140924,10000
10,ackley,"p=0.0,sigma=0.003",0,9.677372762852835,10000
10,ackley,"p=0.0,sigma=0.01",0,8.101792374066513,10000
10,ackley,"p=0.0,sigma=0.03",0,7.669675687468285,10000
10,ackley,"p=0.0,sigma=0.3",0,0.8151268764705368,10000
10,ackley,"p=0.0,sigma=1.0",0,2.8289876304723305,10000
10,ackley,1/5sigma+p=0.2,0,5.47324169772466,10000
10,ackley,decay-p,0,5.35128938267788,10000
10,ackley,history-BJS low,0,4.092139615566371,10000
10,ackley,ML-BJS reuse,0,4.726149426582527,9999
10,ackley,ML-BJS probe/4,0,3.5465474482021766,9997
10,ackley,ML-BJS train1,0,4.60348701263991,10000
10,ackley,ML-BJS train2,0,5.782976832215507,10000
10,ackley,ML-BJS train3,0,5.392886402706459,10000
10,ackley,ML-BJS train4,0,6.422202344987824,10000
10,ackley,ML-BJS disjoint,0,5.760816043956385,10000
10,ackley,L3 matched+refine,0,5.878849486725333,10000
10,ackley,B+ p=0.2,0,5.331593074484157,30000
10,ackley,B+ ML-BJS,0,6.216293898984471,29998
10,ackley,B+ ML-BJS free-probe,0,5.307687485861543,30000
10,ackley,B+ history-BJS,0,2.858561001678926,30000
10,ackley,B+ 1/5-rule,0,6.882533048599587,30000
10,ackley,p=0.3,1,4.595288446667393,10000
10,ackley,p=0.4,1,5.697722889492962,10000
10,ackley,"p=0.0,sigma=0.003",1,10.907100707401023,10000
10,ackley,"p=0.0,sigma=0.01",1,10.520627987532933,10000
10,ackley,"p=0.0,sigma=0.03",1,8.57930690163743,10000
10,ackley,"p=0.0,sigma=0.3",1,0.9917667180217227,10000
10,ackley,"p=0.0,sigma=1.0",1,2.7070759593241474,10000
10,ackley,1/5sigma+p=0.2,1,5.817478819363561,10000
10,ackley,decay-p,1,4.345519579864565,10000
10,ackley,history-BJS low,1,4.918986147739094,10000
10,ackley,ML-BJS reuse,1,4.95351598670462,9992
10,ackley,ML-BJS probe/4,1,6.077973246884305,9997
10,ackley,ML-BJS train1,1,5.08203096554206,10000
10,ackley,ML-BJS train2,1,4.069746647912105,10000
10,ackley,ML-BJS train3,1,6.065220466155729,10000
10,ackley,ML-BJS train4,1,4.507836465885095,10000
10,ackley,ML-BJS disjoint,1,4.985547295869782,10000
10,ackley,L3 matched+refine,1,5.886549994755384,10000
10,ackley,B+ p=0.2,1,4.344948102647528,30000
10,ackley,B+ ML-BJS,1,3.7900673107265885,29998
10,ackley,B+ ML-BJS free-probe,1,4.477580357249781,30000
10,ackley,B+ history-BJS,1,5.342669400692085,30000
10,ackley,B+ 1/5-rule,1,10.063951180518146,30000
10,ackley,p=0.3,2,6.050808697864582,10000
10,ackley,p=0.4,2,5.161095433056584,10000
10,ackley,"p=0.0,sigma=0.003",2,9.215837396579328,10000
10,ackley,"p=0.0,sigma=0.01",2,9.51885469494095,10000
10,ackley,"p=0.0,sigma=0.03",2,10.061394934197192,10000
10,ackley,"p=0.0,sigma=0.3",2,10.291291238893638,10000
10,ackley,"p=0.0,sigma=1.0",2,2.7268044704051886,10000
10,ackley,1/5sigma+p=0.2,2,3.027108422991152,10000
10,ackley,decay-p,2,3.453797988181297,10000
10,ackley,history-BJS low,2,5.067964650112575,10000
10,ackley,ML-BJS reuse,2,5.138469146091001,9994
10,ackley,ML-BJS probe/4,2,5.083016873371939,9997
10,ackley,ML-BJS train1,2,4.591578033748341,10000
10,ackley,ML-BJS train2,2,6.321290444091545,10000
10,ackley,ML-BJS train3,2,5.528024499741253,10000
10,ackley,ML-BJS train4,2,5.639019156325158,10000
10,ackley,ML-BJS disjoint,2,5.87106837512513,10000
10,ackley,L3 matched+refine,2,5.341784980166768,10000
10,ackley,B+ p=0.2,2,5.433560641400643,30000
10,ackley,B+ ML-BJS,2,5.290538960353789,29998
10,ackley,B+ ML-BJS free-probe,2,4.089365947137846,30000
10,ackley,B+ history-BJS,2,4.192993678464742,30000
10,ackley,B+ 1/5-rule,2,2.5799275570298836,30000
10,ackley,p=0.3,3,5.145820634277481,10000
10,ackley,p=0.4,3,3.804875011044168,10000
10,ackley,"p=0.0,sigma=0.003",3,11.015640649434976,10000
10,ackley,"p=0.0,sigma=0.01",3,9.560650115966284,10000
10,ackley,"p=0.0,sigma=0.03",3,10.096281249422734,10000
10,ackley,"p=0.0,sigma=0.3",3,0.7579400434294183,10000
10,ackley,"p=0.0,sigma=1.0",3,2.475794842190997,10000
10,ackley,1/5sigma+p=0.2,3,4.774983018163059,10000
10,ackley,decay-p,3,6.058937978457333,10000
10,ackley,history-BJS low,3,3.293590976434331,10000
10,ackley,ML-BJS reuse,3,6.557421734664015,10000
10,ackley,ML-BJS probe/4,3,4.974377982951612,9997
10,ackley,ML-BJS train1,3,5.883593843222176,10000
10,ackley,ML-BJS train2,3,6.2440749077149995,10000
10,ackley,ML-BJS train3,3,6.6350365094231165,10000
10,ackley,ML-BJS train4,3,5.471244361635005,10000
10,ackley,ML-BJS disjoint,3,6.58151021108187,10000
10,ackley,L3 matched+refine,3,3.9393514356867567,10000
10,ackley,B+ p=0.2,3,5.037438872054132,30000
10,ackley,B+ ML-BJS,3,3.846117627132806,29998
10,ackley,B+ ML-BJS free-probe,3,3.447183564797076,30000
10,ackley,B+ history-BJS,3,3.927797377583652,30000
10,ackley,B+ 1/5-rule,3,5.473083973304778,30000
10,ackley,p=0.3,4,4.956535768117778,10000
10,ackley,p=0.4,4,5.347204410932143,10000
10,ackley,"p=0.0,sigma=0.003",4,9.037690495462114,10000
10,ackley,"p=0.0,sigma=0.01",4,5.7352082497303805,10000
10,ackley,"p=0.0,sigma=0.03",4,9.52269515582498,10000
10,ackley,"p=0.0,sigma=0.3",4,0.8428438011408912,10000
10,ackley,"p=0.0,sigma=1.0",4,2.7269144214608834,10000
10,ackley,1/5sigma+p=0.2,4,4.775114778459898,10000
10,ackley,decay-p,4,5.5031921401737165,10000
10,ackley,history-BJS low,4,5.43215317309172,10000
10,ackley,ML-BJS reuse,4,6.609068980741352,9997
10,ackley,ML-BJS probe/4,4,3.986645377157608,9997
10,ackley,ML-BJS train1,4,6.612308187261117,10000
10,ackley,ML-BJS train2,4,4.286034218246506,10000
10,ackley,ML-BJS train3,4,6.468572808919401,10000
10,ackley,ML-BJS train4,4,6.841049247346053,10000
10,ackley,ML-BJS disjoint,4,3.8525317456587485,10000
10,ackley,L3 matched+refine,4,5.6173882347441655,10000
10,ackley,B+ p=0.2,4,4.073094991926187,30000
10,ackley,B+ ML-BJS,4,6.064736805009698,29998
10,ackley,B+ ML-BJS free-probe,4,4.592730161468342,30000
10,ackley,B+ history-BJS,4,4.46772981461271,30000
10,ackley,B+ 1/5-rule,4,6.944110160880488,30000
10,ackley,p=0.3,5,6.0256576251163025,10000
10,ackley,p=0.4,5,5.0226130075215,10000
10,ackley,"p=0.0,sigma=0.003",5,10.148284720492546,10000
10,ackley,"p=0.0,sigma=0.01",5,8.101627353366851,10000
10,ackley,"p=0.0,sigma=0.03",5,8.10683461047483,10000
10,ackley,"p=0.0,sigma=0.3",5,0.7800595659737053,10000
10,ackley,"p=0.0,sigma=1.0",5,2.622110051702603,10000
10,ackley,1/5sigma+p=0.2,5,4.545678059528694,10000
10,ackley,decay-p,5,5.545059470612678,10000
10,ackley,history-BJS low,5,6.102541410037226,10000
10,ackley,ML-BJS reuse,5,4.597058079759304,10000
10,ackley,ML-BJS probe/4,5,5.370046976960033,9997
10,ackley,ML-BJS train1,5,4.252839190198699,10000
10,ackley,ML-BJS train2,5,6.1599463688363905,10000
10,ackley,ML-BJS train3,5,5.786279145960531,10000
10,ackley,ML-BJS train4,5,5.7948558734982285,10000
10,ackley,ML-BJS disjoint,5,7.320266591747501,10000
10,ackley,L3 matched+refine,5,5.702996023759919,10000
10,ackley,B+ p=0.2,5,3.927611612745452,30000
10,ackley,B+ ML-BJS,5,4.35100320766502,29998
10,ackley,B+ ML-BJS free-probe,5,5.589521906257591,30000
10,ackley,B+ history-BJS,5,3.073329692590669,30000
10,ackley,B+ 1/5-rule,5,7.961635087624735,30000
10,ackley,p=0.3,6,5.046879284954727,10000
10,ackley,p=0.4,6,5.874042015110177,10000
10,ackley,"p=0.0,sigma=0.003",6,8.146687018187404,10000
10,ackley,"p=0.0,sigma=0.01",6,7.238582771568382,10000
10,ackley,"p=0.0,sigma=0.03",6,9.18850067994767,10000
10,ackley,"p=0.0,sigma=0.3",6,0.7295694227251315,10000
10,ackley,"p=0.0,sigma=1.0",6,2.660567996352182,10000
10,ackley,1/5sigma+p=0.2,6,3.0265942766488902,10000
10,ackley,decay-p,6,3.2895507444235617,10000
10,ackley,history-BJS low,6,3.639288279230677,10000
10,ackley,ML-BJS reuse,6,4.567743752320748,9995
10,ackley,ML-BJS probe/4,6,4.564063886801904,9997
10,ackley,ML-BJS train1,6,5.102311028364316,10000
10,ackley,ML-BJS train2,6,4.9372663010887905,10000
10,ackley,ML-BJS train3,6,4.724038653570329,10000
10,ackley,ML-BJS train4,6,3.9800253047040077,10000
10,ackley,ML-BJS disjoint,6,6.005505354766303,10000
10,ackley,L3 matched+refine,6,5.431011941173917,10000
10,ackley,B+ p=0.2,6,5.776463593961495,30000
10,ackley,B+ ML-BJS,6,4.5506249863337125,29998
10,ackley,B+ ML-BJS free-probe,6,4.3373095934910495,30000
10,ackley,B+ history-BJS,6,4.703952745529147,30000
10,ackley,B+ 1/5-rule,6,10.766246444745178,30000
10,ackley,p=0.3,7,6.42712518171464,10000
10,ackley,p=0.4,7,3.7783136829668433,10000
10,ackley,"p=0.0,sigma=0.003",7,8.451734837437058,10000
10,ackley,"p=0.0,sigma=0.01",7,8.81373122351961,10000
10,ackley,"p=0.0,sigma=0.03",7,9.743190463161438,10000
10,ackley,"p=0.0,sigma=0.3",7,0.6359426485225872,10000
10,ackley,"p=0.0,sigma=1.0",7,2.8370410429957613,10000
10,ackley,1/5sigma+p=0.2,7,5.1911283080064585,10000
10,ackley,decay-p,7,5.881189375175865,10000
10,ackley,history-BJS low,7,5.027214669621763,10000
10,ackley,ML-BJS reuse,7,5.87086291744621,9997
10,ackley,ML-BJS probe/4,7,5.802411937834222,9997
10,ackley,ML-BJS train1,7,5.562444796151617,10000
10,ackley,ML-BJS train2,7,5.271657779340188,10000
10,ackley,ML-BJS train3,7,5.701850845918283,10000
10,ackley,ML-BJS train4,7,6.888064755071952,10000
10,ackley,ML-BJS disjoint,7,5.790555423692364,10000
10,ackley,L3 matched+refine,7,5.948528813784087,10000
10,ackley,B+ p=0.2,7,4.704724238326211,30000
10,ackley,B+ ML-BJS,7,5.127463980642652,29998
10,ackley,B+ ML-BJS free-probe,7,3.635763761000043,30000
10,ackley,B+ history-BJS,7,4.720656092835085,30000
10,ackley,B+ 1/5-rule,7,11.463123651279865,30000
10,ackley,p=0.3,8,6.403159875736026,10000
10,ackley,p=0.4,8,5.438608892201209,10000
10,ackley,"p=0.0,sigma=0.003",8,9.319200835030301,10000
10,ackley,"p=0.0,sigma=0.01",8,7.350134762049391,10000
10,ackley,"p=0.0,sigma=0.03",8,8.240929401345138,10000
10,ackley,"p=0.0,sigma=0.3",8,7.233416999116006,10000
10,ackley,"p=0.0,sigma=1.0",8,2.663773695879002,10000
10,ackley,1/5sigma+p=0.2,8,5.3815222253126045,10000
10,ackley,decay-p,8,5.251260963269154,10000
10,ackley,history-BJS low,8,5.428828168381337,10000
10,ackley,ML-BJS reuse,8,6.016172536429789,9994
10,ackley,ML-BJS probe/4,8,4.1275703228863385,9997
10,ackley,ML-BJS train1,8,5.478621197525051,10000
10,ackley,ML-BJS train2,8,5.457639314244606,10000
10,ackley,ML-BJS train3,8,4.8668796575611175,10000
10,ackley,ML-BJS train4,8,5.762687221300446,10000
10,ackley,ML-BJS disjoint,8,4.9278456387251275,10000
10,ackley,L3 matched+refine,8,6.1027425181999995,10000
10,ackley,B+ p=0.2,8,3.785178293718055,30000
10,ackley,B+ ML-BJS,8,6.574984270214426,29998
10,ackley,B+ ML-BJS free-probe,8,4.834677067552207,30000
10,ackley,B+ history-BJS,8,4.469125433247896,30000
10,ackley,B+ 1/5-rule,8,2.3168487918476015,30000
10,ackley,p=0.3,9,5.167434479956654,10000
10,ackley,p=0.4,9,4.640186796015147,10000
10,ackley,"p=0.0,sigma=0.003",9,9.830399326156753,10000
10,ackley,"p=0.0,sigma=0.01",9,8.775011469031135,10000
10,ackley,"p=0.0,sigma=0.03",9,9.185411324932845,10000
10,ackley,"p=0.0,sigma=0.3",9,0.9071148863321707,10000
10,ackley,"p=0.0,sigma=1.0",9,2.7189492047255155,10000
10,ackley,1/5sigma+p=0.2,9,3.0265942766489045,10000
10,ackley,decay-p,9,2.9029375011338314,10000
10,ackley,history-BJS low,9,5.791912317223016,10000
10,ackley,ML-BJS reuse,9,6.824293561419536,9992
10,ackley,ML-BJS probe/4,9,5.387443740468083,9997
10,ackley,ML-BJS train1,9,6.704253649823471,10000
10,ackley,ML-BJS train2,9,6.090010875704991,10000
10,ackley,ML-BJS train3,9,4.806481459284292,10000
10,ackley,ML-BJS train4,9,6.085506141901998,10000
10,ackley,ML-BJS disjoint,9,5.254365461980601,10000
10,ackley,L3 matched+refine,9,5.154391143562847,10000
10,ackley,B+ p=0.2,9,4.336770269413435,30000
10,ackley,B+ ML-BJS,9,4.51876458200158,29998
10,ackley,B+ ML-BJS free-probe,9,5.5111874222395265,30000
10,ackley,B+ history-BJS,9,4.596478285172349,30000
10,ackley,B+ 1/5-rule,9,7.064297670878343,30000
10,ackley,p=0.3,10,4.614525655579943,10000
10,ackley,p=0.4,10,5.891308222653681,10000
10,ackley,"p=0.0,sigma=0.003",10,9.769864740032482,10000
10,ackley,"p=0.0,sigma=0.01",10,6.560175899783086,10000
10,ackley,"p=0.0,sigma=0.03",10,10.040660042976294,10000
10,ackley,"p=0.0,sigma=0.3",10,9.402187850682528,10000
10,ackley,"p=0.0,sigma=1.0",10,2.285681813912238,10000
10,ackley,1/5sigma+p=0.2,10,4.774941378376319,10000
10,ackley,decay-p,10,4.93062864145222,10000
10,ackley,history-BJS low,10,4.478092838649907,10000
10,ackley,ML-BJS reuse,10,6.184467918745451,9993
10,ackley,ML-BJS probe/4,10,4.866601879332762,9997
10,ackley,ML-BJS train1,10,7.021597967442874,10000
10,ackley,ML-BJS train2,10,6.236442787383499,10000
10,ackley,ML-BJS train3,10,6.168441025433985,10000
10,ackley,ML-BJS train4,10,6.788181600050942,10000
10,ackley,ML-BJS disjoint,10,6.477022172105922,10000
10,ackley,L3 matched+refine,10,4.236854233639367,10000
10,ackley,B+ p=0.2,10,4.707523816505418,30000
10,ackley,B+ ML-BJS,10,6.424699658696131,29998
10,ackley,B+ ML-BJS free-probe,10,5.024568984638112,30000
10,ackley,B+ history-BJS,10,3.4556921947716543,30000
10,ackley,B+ 1/5-rule,10,2.814349980772079,30000
10,ackley,p=0.3,11,5.16630839036543,10000
10,ackley,p=0.4,11,3.259875746967236,10000
10,ackley,"p=0.0,sigma=0.003",11,9.677359188283589,10000
10,ackley,"p=0.0,sigma=0.01",11,9.646565464886553,10000
10,ackley,"p=0.0,sigma=0.03",11,9.391061183740591,10000
10,ackley,"p=0.0,sigma=0.3",11,1.1456132487136306,10000
10,ackley,"p=0.0,sigma=1.0",11,2.9457441933290984,10000
10,ackley,1/5sigma+p=0.2,11,6.1321978059416615,10000
10,ackley,decay-p,11,5.425867715514858,10000
10,ackley,history-BJS low,11,6.337079138029555,10000
10,ackley,ML-BJS reuse,11,5.967769038189719,9993
10,ackley,ML-BJS probe/4,11,5.097817225206985,9997
10,ackley,ML-BJS train1,11,3.780228575270876,10000
10,ackley,ML-BJS train2,11,5.6461279938770055,10000
10,ackley,ML-BJS train3,11,6.757810829786138,10000
10,ackley,ML-BJS train4,11,5.1711271480523955,10000
10,ackley,ML-BJS disjoint,11,5.128061980549532,10000
10,ackley,L3 matched+refine,11,5.6313520431174275,10000
10,ackley,B+ p=0.2,11,5.512172184852787,30000
10,ackley,B+ ML-BJS,11,5.1458284210044205,29998
10,ackley,B+ ML-BJS free-probe,11,3.288071273867239,30000
10,ackley,B+ history-BJS,11,5.7950859601197955,30000
10,ackley,B+ 1/5-rule,11,8.451638807796957,30000
10,ackley,p=0.3,12,5.0505513552319705,10000
10,ackley,p=0.4,12,4.599042354703684,10000
10,ackley,"p=0.0,sigma=0.003",12,8.280236477577468,10000
10,ackley,"p=0.0,sigma=0.01",12,8.493846450331956,10000
10,ackley,"p=0.0,sigma=0.03",12,7.823656281948503,10000
10,ackley,"p=0.0,sigma=0.3",12,0.7413076166586241,10000
10,ackley,"p=0.0,sigma=1.0",12,2.5208331131469284,10000
10,ackley,1/5sigma+p=0.2,12,4.662396100930643,10000
10,ackley,decay-p,12,5.23406056071191,10000
10,ackley,history-BJS low,12,5.4127122357778426,10000
10,ackley,ML-BJS reuse,12,4.342523178434817,9996
10,ackley,ML-BJS probe/4,12,5.178247065606925,9997
10,ackley,ML-BJS train1,12,4.160649107524819,10000
10,ackley,ML-BJS train2,12,4.8544005646505255,10000
10,ackley,ML-BJS train3,12,4.8566876901323575,10000
10,ackley,ML-BJS train4,12,6.785923852700941,10000
10,ackley,ML-BJS disjoint,12,6.545185117773414,10000
10,ackley,L3 matched+refine,12,5.858539524986806,10000
10,ackley,B+ p=0.2,12,3.756384248070223,30000
10,ackley,B+ ML-BJS,12,5.547389025983328,29998
10,ackley,B+ ML-BJS free-probe,12,5.217462745628662,30000
10,ackley,B+ history-BJS,12,4.7069535631401,30000
10,ackley,B+ 1/5-rule,12,9.800192652700652,30000
10,ackley,p=0.3,13,4.8377985476174565,10000
10,ackley,p=0.4,13,4.210642179321287,10000
10,ackley,"p=0.0,sigma=0.003",13,9.890076104213495,10000
10,ackley,"p=0.0,sigma=0.01",13,10.25872677638003,10000
10,ackley,"p=0.0,sigma=0.03",13,8.738698131475996,10000
10,ackley,"p=0.0,sigma=0.3",13,0.5765483156076958,10000
10,ackley,"p=0.0,sigma=1.0",13,2.6421201975639055,10000
10,ackley,1/5sigma+p=0.2,13,5.562546713817742,10000
10,ackley,decay-p,13,3.923637806639047,10000
10,ackley,history-BJS low,13,4.0673935919957,10000
10,ackley,ML-BJS reuse,13,7.042291272120636,9992
10,ackley,ML-BJS probe/4,13,6.061399969143515,9997
10,ackley,ML-BJS train1,13,6.302756733776651,10000
10,ackley,ML-BJS train2,13,6.202738871039859,10000
10,ackley,ML-BJS train3,13,3.7944421712078484,10000
10,ackley,ML-BJS train4,13,4.726729621764559,10000
10,ackley,ML-BJS disjoint,13,4.652576789374777,10000
10,ackley,L3 matched+refine,13,4.711790718942332,10000
10,ackley,B+ p=0.2,13,3.9322773729602685,30000
10,ackley,B+ ML-BJS,13,4.909930450574382,29998
10,ackley,B+ ML-BJS free-probe,13,5.045038361172214,30000
10,ackley,B+ history-BJS,13,3.948203167995328,30000
10,ackley,B+ 1/5-rule,13,7.004653477887693,30000
10,ackley,p=0.3,14,4.580352999695073,10000
10,ackley,p=0.4,14,4.4694407866596855,10000
10,ackley,"p=0.0,sigma=0.003",14,8.3668477945261,10000
10,ackley,"p=0.0,sigma=0.01",14,9.978376655064702,10000
10,ackley,"p=0.0,sigma=0.03",14,8.58038780504054,10000
10,ackley,"p=0.0,sigma=0.3",14,0.4925965415005753,10000
10,ackley,"p=0.0,sigma=1.0",14,2.2651816972667835,10000
10,ackley,1/5sigma+p=0.2,14,5.734535684374308,10000
10,ackley,decay-p,14,2.6190037557121646,10000
10,ackley,history-BJS low,14,3.7895650773140415,10000
10,ackley,ML-BJS reuse,14,6.050307757755505,10000
10,ackley,ML-BJS probe/4,14,6.071107220736494,9997
10,ackley,ML-BJS train1,14,5.384239499697976,10000
10,ackley,ML-BJS train2,14,5.427152259715513,10000
10,ackley,ML-BJS train3,14,4.887532126159375,10000
10,ackley,ML-BJS train4,14,6.032806901449327,10000
10,ackley,ML-BJS disjoint,14,5.618528904703503,10000
10,ackley,L3 matched+refine,14,5.434350256928454,10000
10,ackley,B+ p=0.2,14,3.278745902974166,30000
10,ackley,B+ ML-BJS,14,5.1014670441993495,29998
10,ackley,B+ ML-BJS free-probe,14,5.33461446785855,30000
10,ackley,B+ history-BJS,14,4.200651842349192,30000
10,ackley,B+ 1/5-rule,14,7.511569185794839,30000
10,ackley,p=0.3,15,4.648822963819384,10000
10,ackley,p=0.4,15,6.273627261191091,10000
10,ackley,"p=0.0,sigma=0.003",15,9.614505303603421,10000
10,ackley,"p=0.0,sigma=0.01",15,9.387263520888375,10000
10,ackley,"p=0.0,sigma=0.03",15,9.618601559453912,10000
10,ackley,"p=0.0,sigma=0.3",15,0.5591166347246994,10000
10,ackley,"p=0.0,sigma=1.0",15,2.225747892592754,10000
10,ackley,1/5sigma+p=0.2,15,3.8857582710994447,10000
10,ackley,decay-p,15,5.053397351069076,10000
10,ackley,history-BJS low,15,4.359981345170812,10000
10,ackley,ML-BJS reuse,15,6.024858762127305,9997
10,ackley,ML-BJS probe/4,15,4.260487198806622,9997
10,ackley,ML-BJS train1,15,6.161422114882928,10000
10,ackley,ML-BJS train2,15,6.931526122108739,10000
10,ackley,ML-BJS train3,15,4.555723157803779,10000
10,ackley,ML-BJS train4,15,6.491935341557724,10000
10,ackley,ML-BJS disjoint,15,5.705559619356272,10000
10,ackley,L3 matched+refine,15,5.014366529039247,10000
10,ackley,B+ p=0.2,15,5.025298822585306,30000
10,ackley,B+ ML-BJS,15,6.189255239967245,29998
10,ackley,B+ ML-BJS free-probe,15,4.468815530351851,30000
10,ackley,B+ history-BJS,15,4.076133410567316,30000
10,ackley,B+ 1/5-rule,15,5.64958831760169,30000
10,ackley,p=0.3,16,4.965054312764806,10000
10,ackley,p=0.4,16,4.208266780581479,10000
10,ackley,"p=0.0,sigma=0.003",16,8.323719659141728,10000
10,ackley,"p=0.0,sigma=0.01",16,9.145852505848103,10000
10,ackley,"p=0.0,sigma=0.03",16,11.063924438144738,10000
10,ackley,"p=0.0,sigma=0.3",16,0.7210316013995741,10000
10,ackley,"p=0.0,sigma=1.0",16,2.8685000756040258,10000
10,ackley,1/5sigma+p=0.2,16,4.662443954576336,10000
10,ackley,decay-p,16,5.149084338027077,10000
10,ackley,history-BJS low,16,4.958464988217909,10000
10,ackley,ML-BJS reuse,16,5.843710633991922,9999
10,ackley,ML-BJS probe/4,16,5.377749407619984,9997
10,ackley,ML-BJS train1,16,5.600569805690487,10000
10,ackley,ML-BJS train2,16,5.5878911373610265,10000
10,ackley,ML-BJS train3,16,4.960011318282831,10000
10,ackley,ML-BJS train4,16,5.982672660418746,10000
10,ackley,ML-BJS disjoint,16,5.007482040245858,10000
10,ackley,L3 matched+refine,16,4.8345074098361245,10000
10,ackley,B+ p=0.2,16,4.3406414971261675,30000
10,ackley,B+ ML-BJS,16,5.736572818852135,29998
10,ackley,B+ ML-BJS free-probe,16,5.417569213893557,30000
10,ackley,B+ history-BJS,16,4.697371213702322,30000
10,ackley,B+ 1/5-rule,16,3.027108422991106,30000
10,ackley,p=0.3,17,5.977744007449097,10000
10,ackley,p=0.4,17,3.550198650059184,10000
10,ackley,"p=0.0,sigma=0.003",17,8.280229619635993,10000
10,ackley,"p=0.0,sigma=0.01",17,11.021297787269624,10000
10,ackley,"p=0.0,sigma=0.03",17,7.774163583996609,10000
10,ackley,"p=0.0,sigma=0.3",17,0.6229104909141374,10000
10,ackley,"p=0.0,sigma=1.0",17,2.930373835561,10000
10,ackley,1/5sigma+p=0.2,17,5.0918601763902664,10000
10,ackley,decay-p,17,4.0968832303920735,10000
10,ackley,history-BJS low,17,4.704266056340707,10000
10,ackley,ML-BJS reuse,17,5.94604777703665,9998
10,ackley,ML-BJS probe/4,17,5.616126802844718,9997
10,ackley,ML-BJS train1,17,5.800065723358738,10000
10,ackley,ML-BJS train2,17,6.174129634991338,10000
10,ackley,ML-BJS train3,17,5.450309402229628,10000
10,ackley,ML-BJS train4,17,7.543023970470738,10000
10,ackley,ML-BJS disjoint,17,6.028279149227309,10000
10,ackley,L3 matched+refine,17,6.205624807616804,10000
10,ackley,B+ p=0.2,17,4.187278845235419,30000
10,ackley,B+ ML-BJS,17,4.698486314938233,29998
10,ackley,B+ ML-BJS free-probe,17,4.714820370393948,30000
10,ackley,B+ history-BJS,17,4.357528070944522,30000
10,ackley,B+ 1/5-rule,17,7.458373745919399,30000
10,ackley,p=0.3,18,4.952796231573647,10000
10,ackley,p=0.4,18,4.91969556342378,10000
10,ackley,"p=0.0,sigma=0.003",18,9.912629083659684,10000
10,ackley,"p=0.0,sigma=0.01",18,11.525882255188192,10000
10,ackley,"p=0.0,sigma=0.03",18,9.894867656758253,10000
10,ackley,"p=0.0,sigma=0.3",18,0.47827240401959914,10000
10,ackley,"p=0.0,sigma=1.0",18,2.174292188254164,10000
10,ackley,1/5sigma+p=0.2,18,4.989506713445142,10000
10,ackley,decay-p,18,5.523517302375172,10000
10,ackley,history-BJS low,18,6.114369958849817,10000
10,ackley,ML-BJS reuse,18,5.596930893945569,9993
10,ackley,ML-BJS probe/4,18,5.572281573352196,9997
10,ackley,ML-BJS train1,18,5.3475715263890855,10000
10,ackley,ML-BJS train2,18,5.162563939064164,10000
10,ackley,ML-BJS train3,18,5.7875322135724225,10000
10,ackley,ML-BJS train4,18,4.120863600121734,10000
10,ackley,ML-BJS disjoint,18,4.700023456905001,10000
10,ackley,L3 matched+refine,18,5.438009357987397,10000
10,ackley,B+ p=0.2,18,4.21392003898962,30000
10,ackley,B+ ML-BJS,18,6.532725923480889,29998
10,ackley,B+ ML-BJS free-probe,18,3.785942693812132,30000
10,ackley,B+ history-BJS,18,2.3630642341406483,30000
10,ackley,B+ 1/5-rule,18,9.708365738446789,30000
10,ackley,p=0.3,19,3.365136573841092,10000
10,ackley,p=0.4,19,5.037225434773369,10000
10,ackley,"p=0.0,sigma=0.003",19,8.73553607555386,10000
10,ackley,"p=0.0,sigma=0.01",19,8.964856730250633,10000
10,ackley,"p=0.0,sigma=0.03",19,10.23423408373158,10000
10,ackley,"p=0.0,sigma=0.3",19,0.6633078200474078,10000
10,ackley,"p=0.0,sigma=1.0",19,2.735729973944004,10000
10,ackley,1/5sigma+p=0.2,19,2.3168487918476086,10000
10,ackley,decay-p,19,3.933332875590637,10000
10,ackley,history-BJS low,19,4.490863427738621,10000
10,ackley,ML-BJS reuse,19,5.223176622448701,9999
10,ackley,ML-BJS probe/4,19,5.517020180528927,9997
10,ackley,ML-BJS train1,19,5.0335654613351295,10000
10,ackley,ML-BJS train2,19,5.246733201925959,10000
10,ackley,ML-BJS train3,19,5.636662351063887,10000
10,ackley,ML-BJS train4,19,5.403930390558337,10000
10,ackley,ML-BJS disjoint,19,6.066732555816632,10000
10,ackley,L3 matched+refine,19,5.958459371670163,10000
10,ackley,B+ p=0.2,19,5.596246822977697,30000
10,ackley,B+ ML-BJS,19,4.795201849012617,29998
10,ackley,B+ ML-BJS free-probe,19,3.790695613360253,30000
10,ackley,B+ history-BJS,19,5.342888625034686,30000
10,ackley,B+ 1/5-rule,19,10.391136685342534,30000
10,ackley,p=0.3,20,6.042929813257931,10000
10,ackley,p=0.4,20,3.5100918157623195,10000
10,ackley,"p=0.0,sigma=0.003",20,8.903014066077855,10000
10,ackley,"p=0.0,sigma=0.01",20,9.453404002843598,10000
10,ackley,"p=0.0,sigma=0.03",20,9.865264864361606,10000
10,ackley,"p=0.0,sigma=0.3",20,0.9795104987786734,10000
10,ackley,"p=0.0,sigma=1.0",20,2.6766870330035784,10000
10,ackley,1/5sigma+p=0.2,20,4.884101630076749,10000
10,ackley,decay-p,20,5.615893177460812,10000
10,ackley,history-BJS low,20,5.724549795231535,10000
10,ackley,ML-BJS reuse,20,6.043546761951696,9996
10,ackley,ML-BJS probe/4,20,4.287299128823371,9997
10,ackley,ML-BJS train1,20,6.37306065337097,10000
10,ackley,ML-BJS train2,20,6.851269698303275,10000
10,ackley,ML-BJS train3,20,5.222587105367854,10000
10,ackley,ML-BJS train4,20,6.180067755488171,10000
10,ackley,ML-BJS disjoint,20,6.211124311255951,10000
10,ackley,L3 matched+refine,20,5.046978878465737,10000
10,ackley,B+ p=0.2,20,5.403629819318141,30000
10,ackley,B+ ML-BJS,20,5.83183373843001,29998
10,ackley,B+ ML-BJS free-probe,20,3.180815093306372,30000
10,ackley,B+ history-BJS,20,3.625602407670304,30000
10,ackley,B+ 1/5-rule,20,9.977889513277214,30000
10,ackley,p=0.3,21,4.804540018512579,10000
10,ackley,p=0.4,21,5.431194692508516,10000
10,ackley,"p=0.0,sigma=0.003",21,6.351983110266492,10000
10,ackley,"p=0.0,sigma=0.01",21,9.110106433025466,10000
10,ackley,"p=0.0,sigma=0.03",21,10.152566540408355,10000
10,ackley,"p=0.0,sigma=0.3",21,0.8813812095819213,10000
10,ackley,"p=0.0,sigma=1.0",21,2.5267661202965397,10000
10,ackley,1/5sigma+p=0.2,21,4.662243801610202,10000
10,ackley,decay-p,21,6.172085641123211,10000
10,ackley,history-BJS low,21,4.834876769649124,10000
10,ackley,ML-BJS reuse,21,5.702564071490752,9998
10,ackley,ML-BJS probe/4,21,4.757275495548715,9997
10,ackley,ML-BJS train1,21,4.819073823539252,10000
10,ackley,ML-BJS train2,21,6.626802031746127,10000
10,ackley,ML-BJS train3,21,5.894029746281404,10000
10,ackley,ML-BJS train4,21,6.4846197336723215,10000
10,ackley,ML-BJS disjoint,21,5.950752091000279,10000
10,ackley,L3 matched+refine,21,5.146912782773278,10000
10,ackley,B+ p=0.2,21,5.436207869501548,30000
10,ackley,B+ ML-BJS,21,5.6732693237658935,29998
10,ackley,B+ ML-BJS free-probe,21,3.443109190942732,30000
10,ackley,B+ history-BJS,21,3.7850690178783606,30000
10,ackley,B+ 1/5-rule,21,8.280204549874778,30000
10,ackley,p=0.3,22,4.396798818835176,10000
10,ackley,p=0.4,22,5.145234934484623,10000
10,ackley,"p=0.0,sigma=0.003",22,7.404424735023602,10000
10,ackley,"p=0.0,sigma=0.01",22,8.494000897453846,10000
10,ackley,"p=0.0,sigma=0.03",22,9.255504355210622,10000
10,ackley,"p=0.0,sigma=0.3",22,0.8487483454862326,10000
10,ackley,"p=0.0,sigma=1.0",22,2.29811957641158,10000
10,ackley,1/5sigma+p=0.2,22,6.692045963388519,10000
10,ackley,decay-p,22,3.8106939124793056,10000
10,ackley,history-BJS low,22,5.466965965136087,10000
10,ackley,ML-BJS reuse,22,5.248853076117477,9993
10,ackley,ML-BJS probe/4,22,6.146148729537522,9997
10,ackley,ML-BJS train1,22,5.2335997877567415,10000
10,ackley,ML-BJS train2,22,5.410037141359826,10000
10,ackley,ML-BJS train3,22,5.805008573348957,10000
10,ackley,ML-BJS train4,22,6.906321178517551,10000
10,ackley,ML-BJS disjoint,22,5.859322935097566,10000
10,ackley,L3 matched+refine,22,5.79843442005134,10000
10,ackley,B+ p=0.2,22,3.9568979202664107,30000
10,ackley,B+ ML-BJS,22,4.741822125765246,29998
10,ackley,B+ ML-BJS free-probe,22,4.463118141685591,30000
10,ackley,B+ history-BJS,22,3.6409094519508938,30000
10,ackley,B+ 1/5-rule,22,8.813113740434725,30000
10,ackley,p=0.3,23,3.4737607895962914,10000
10,ackley,p=0.4,23,4.486237988118273,10000
10,ackley,"p=0.0,sigma=0.003",23,7.294275039768996,10000
10,ackley,"p=0.0,sigma=0.01",23,9.830671233309872,10000
10,ackley,"p=0.0,sigma=0.03",23,6.355305540888775,10000
10,ackley,"p=0.0,sigma=0.3",23,0.6844964227646746,10000
10,ackley,"p=0.0,sigma=1.0",23,2.4929133668877737,10000
10,ackley,1/5sigma+p=0.2,23,5.191207108785786,10000
10,ackley,decay-p,23,5.3508270826962665,10000
10,ackley,history-BJS low,23,6.3215747618858735,10000
10,ackley,ML-BJS reuse,23,5.708259844331067,9994
10,ackley,ML-BJS probe/4,23,5.295860108570249,9997
10,ackley,ML-BJS train1,23,5.607334431202691,10000
10,ackley,ML-BJS train2,23,5.4050615418821515,10000
10,ackley,ML-BJS train3,23,4.755759844442718,10000
10,ackley,ML-BJS train4,23,6.742348104539218,10000
10,ackley,ML-BJS disjoint,23,6.056963051404271,10000
10,ackley,L3 matched+refine,23,5.9483531854814515,10000
10,ackley,B+ p=0.2,23,3.928397726277883,30000
10,ackley,B+ ML-BJS,23,5.8029752882227825,29998
10,ackley,B+ ML-BJS free-probe,23,3.782198727341019,30000
10,ackley,B+ history-BJS,23,3.760142639883281,30000
10,ackley,B+ 1/5-rule,23,8.813156311006978,30000
10,ackley,p=0.3,24,4.469083451019738,10000
10,ackley,p=0.4,24,6.685170706653775,10000
10,ackley,"p=0.0,sigma=0.003",24,10.006824633394752,10000
10,ackley,"p=0.0,sigma=0.01",24,10.312198304139605,10000
10,ackley,"p=0.0,sigma=0.03",24,7.411945066536054,10000
10,ackley,"p=0.0,sigma=0.3",24,0.7534987132267408,10000
10,ackley,"p=0.0,sigma=1.0",24,2.573083166286278,10000
10,ackley,1/5sigma+p=0.2,24,3.8858929059759686,10000
10,ackley,decay-p,24,4.22191239602116,10000
10,ackley,history-BJS low,24,5.695972780951411,10000
10,ackley,ML-BJS reuse,24,6.3914174662879475,9993
10,ackley,ML-BJS probe/4,24,6.465326722982258,9997
10,ackley,ML-BJS train1,24,7.4380082618164565,10000
10,ackley,ML-BJS train2,24,5.09749330931691,10000
10,ackley,ML-BJS train3,24,6.232130671728477,10000
10,ackley,ML-BJS train4,24,5.22656827934663,10000
10,ackley,ML-BJS disjoint,24,6.551841041967958,10000
10,ackley,L3 matched+refine,24,6.17105881202956,10000
10,ackley,B+ p=0.2,24,4.816781202963774,30000
10,ackley,B+ ML-BJS,24,5.101133561997845,29998
10,ackley,B+ ML-BJS free-probe,24,3.912473608137614,30000
10,ackley,B+ history-BJS,24,4.70566617454616,30000
10,ackley,B+ 1/5-rule,24,8.280212454213363,30000
10,ackley,p=0.3,25,3.6342072118373854,10000
10,ackley,p=0.4,25,5.3484453229603055,10000
10,ackley,"p=0.0,sigma=0.003",25,8.146743187138368,10000
10,ackley,"p=0.0,sigma=0.01",25,9.89048949371645,10000
10,ackley,"p=0.0,sigma=0.03",25,9.835651758511696,10000
10,ackley,"p=0.0,sigma=0.3",25,1.1013492534098686,10000
10,ackley,"p=0.0,sigma=1.0",25,2.449308539702145,10000
10,ackley,1/5sigma+p=0.2,25,1.6462236331031161,10000
10,ackley,decay-p,25,6.05364950814327,10000
10,ackley,history-BJS low,25,5.433675056111628,10000
10,ackley,ML-BJS reuse,25,5.438436008783704,9994
10,ackley,ML-BJS probe/4,25,6.429401625711844,9997
10,ackley,ML-BJS train1,25,7.3018408000780255,10000
10,ackley,ML-BJS train2,25,5.758198462006835,10000
10,ackley,ML-BJS train3,25,6.44446136882603,10000
10,ackley,ML-BJS train4,25,6.066306613020618,10000
10,ackley,ML-BJS disjoint,25,7.129923815438314,10000
10,ackley,L3 matched+refine,25,5.348484192891608,10000
10,ackley,B+ p=0.2,25,3.792376049048251,30000
10,ackley,B+ ML-BJS,25,5.073424071222988,29998
10,ackley,B+ ML-BJS free-probe,25,5.414996357415998,30000
10,ackley,B+ history-BJS,25,4.068370020677037,30000
10,ackley,B+ 1/5-rule,25,9.145467839374776,30000
10,ackley,p=0.3,26,5.4361106132443275,10000
10,ackley,p=0.4,26,5.523873298270228,10000
10,ackley,"p=0.0,sigma=0.003",26,10.930120292623606,10000
10,ackley,"p=0.0,sigma=0.01",26,8.964667610154438,10000
10,ackley,"p=0.0,sigma=0.03",26,9.6222690838583,10000
10,ackley,"p=0.0,sigma=0.3",26,9.007585628000427,10000
10,ackley,"p=0.0,sigma=1.0",26,2.3675274602377745,10000
10,ackley,1/5sigma+p=0.2,26,5.191207108785779,10000
10,ackley,decay-p,26,4.9369622702176486,10000
10,ackley,history-BJS low,26,5.515143154148696,10000
10,ackley,ML-BJS reuse,26,5.875802517044409,9999
10,ackley,ML-BJS probe/4,26,5.733453863202307,9997
10,ackley,ML-BJS train1,26,6.721158922049575,10000
10,ackley,ML-BJS train2,26,6.038085215726795,10000
10,ackley,ML-BJS train3,26,6.915167074612254,10000
10,ackley,ML-BJS train4,26,5.324142442741401,10000
10,ackley,ML-BJS disjoint,26,5.190038876979003,10000
10,ackley,L3 matched+refine,26,5.038483942002944,10000
10,ackley,B+ p=0.2,26,4.097318830659795,30000
10,ackley,B+ ML-BJS,26,5.039795185282916,29998
10,ackley,B+ ML-BJS free-probe,26,4.082971382574414,30000
10,ackley,B+ history-BJS,26,4.589606933617063,30000
10,ackley,B+ 1/5-rule,26,10.230820928940158,30000
10,ackley,p=0.3,27,3.6333912671427595,10000
10,ackley,p=0.4,27,3.629994044110806,10000
10,ackley,"p=0.0,sigma=0.003",27,8.146755009122318,10000
10,ackley,"p=0.0,sigma=0.01",27,9.21637593354428,10000
10,ackley,"p=0.0,sigma=0.03",27,10.262687433756295,10000
10,ackley,"p=0.0,sigma=0.3",27,0.7417375684543654,10000
10,ackley,"p=0.0,sigma=1.0",27,2.9995112871480782,10000
10,ackley,1/5sigma+p=0.2,27,3.574239615680192,10000
10,ackley,decay-p,27,5.453122403791092,10000
10,ackley,history-BJS low,27,6.037427553586287,10000
10,ackley,ML-BJS reuse,27,5.7400516868252325,9999
10,ackley,ML-BJS probe/4,27,5.209809552779369,9997
10,ackley,ML-BJS train1,27,4.709004627375705,10000
10,ackley,ML-BJS train2,27,4.436452498382732,10000
10,ackley,ML-BJS train3,27,5.5038163861354015,10000
10,ackley,ML-BJS train4,27,5.843871782361056,10000
10,ackley,ML-BJS disjoint,27,5.574878661755513,10000
10,ackley,L3 matched+refine,27,6.168998457835091,10000
10,ackley,B+ p=0.2,27,5.515090173370734,30000
10,ackley,B+ ML-BJS,27,5.105307457706974,29998
10,ackley,B+ ML-BJS free-probe,27,3.453226791715864,30000
10,ackley,B+ history-BJS,27,5.6995747811058415,30000
10,ackley,B+ 1/5-rule,27,8.616224417146631,30000
10,ackley,p=0.3,28,4.610756638188416,10000
10,ackley,p=0.4,28,4.526734440283317,10000
10,ackley,"p=0.0,sigma=0.003",28,10.216911985948787,10000
10,ackley,"p=0.0,sigma=0.01",28,11.412383528060946,10000
10,ackley,"p=0.0,sigma=0.03",28,8.371424371416193,10000
10,ackley,"p=0.0,sigma=0.3",28,0.8714719924367214,10000
10,ackley,"p=0.0,sigma=1.0",28,2.8162337465655303,10000
10,ackley,1/5sigma+p=0.2,28,2.316848791847598,10000
10,ackley,decay-p,28,3.4616346263240065,10000
10,ackley,history-BJS low,28,3.291775442807666,10000
10,ackley,ML-BJS reuse,28,3.2608648017446353,9993
10,ackley,ML-BJS probe/4,28,4.502893900219398,9997
10,ackley,ML-BJS train1,28,5.5135278000785455,10000
10,ackley,ML-BJS train2,28,5.620063302525619,10000
10,ackley,ML-BJS train3,28,5.311196464202485,10000
10,ackley,ML-BJS train4,28,5.786616853696845,10000
10,ackley,ML-BJS disjoint,28,6.3101700996424945,10000
10,ackley,L3 matched+refine,28,5.437888503184805,10000
10,ackley,B+ p=0.2,28,5.218376815994592,30000
10,ackley,B+ ML-BJS,28,5.277244796600609,29998
10,ackley,B+ ML-BJS free-probe,28,2.634755443119037,30000
10,ackley,B+ history-BJS,28,2.848072576652424,30000
10,ackley,B+ 1/5-rule,28,8.774485965818132,30000
10,ackley,p=0.3,29,5.4168644032020765,10000
10,ackley,p=0.4,29,4.01435500345784,10000
10,ackley,"p=0.0,sigma=0.003",29,9.353075618675135,10000
10,ackley,"p=0.0,sigma=0.01",29,7.404982657210933,10000
10,ackley,"p=0.0,sigma=0.03",29,10.235408821366818,10000
10,ackley,"p=0.0,sigma=0.3",29,0.6884807130050956,10000
10,ackley,"p=0.0,sigma=1.0",29,2.805751287513758,10000
10,ackley,1/5sigma+p=0.2,29,5.287797959553142,10000
10,ackley,decay-p,29,5.629884704520396,10000
10,ackley,history-BJS low,29,5.775465574462736,10000
10,ackley,ML-BJS reuse,29,3.2992243839052695,9997
10,ackley,ML-BJS probe/4,29,2.918479039452056,9997
10,ackley,ML-BJS train1,29,5.252312651106475,10000
10,ackley,ML-BJS train2,29,6.664122737765087,10000
10,ackley,ML-BJS train3,29,6.624790823320868,10000
10,ackley,ML-BJS train4,29,5.502026594737902,10000
10,ackley,ML-BJS disjoint,29,6.4756658687501805,10000
10,ackley,L3 matched+refine,29,4.821404461528967,10000
10,ackley,B+ p=0.2,29,5.206332076559249,30000
10,ackley,B+ ML-BJS,29,5.6106323788808155,29998
10,ackley,B+ ML-BJS free-probe,29,4.91861536083481,30000
10,ackley,B+ history-BJS,29,5.529226773641135,30000
10,ackley,B+ 1/5-rule,29,10.864420129902275,30000
10,griewank,p=0.3,0,0.39626504132275064,10000
10,griewank,p=0.4,0,0.14283990791330536,10000
10,griewank,"p=0.0,sigma=0.003",0,0.8578737163336897,10000
10,griewank,"p=0.0,sigma=0.01",0,0.012329946961799343,10000
10,griewank,"p=0.0,sigma=0.03",0,0.5563997555241844,10000
10,griewank,"p=0.0,sigma=0.3",0,0.007173944630016749,10000
10,griewank,"p=0.0,sigma=1.0",0,0.3788844769309193,10000
10,griewank,1/5sigma+p=0.2,0,0.17689868526829144,10000
10,griewank,decay-p,0,0.015831706305841187,10000
10,griewank,history-BJS low,0,0.025838327702376263,10000
10,griewank,ML-BJS reuse,0,0.17975009009230913,9995
10,griewank,ML-BJS probe/4,0,0.24726722328205042,9997
10,griewank,ML-BJS train1,0,0.5166673917196023,10000
10,griewank,ML-BJS train2,0,0.018342999209586597,10000
10,griewank,ML-BJS train3,0,0.019017076657872223,10000
10,griewank,ML-BJS train4,0,0.028344750037284427,10000
10,griewank,ML-BJS disjoint,0,0.005350645629589756,10000
10,griewank,L3 matched+refine,0,0.008115849166292377,10000
10,griewank,B+ p=0.2,0,0.5700252518806931,30000
10,griewank,B+ ML-BJS,0,0.011169118646671361,29998
10,griewank,B+ ML-BJS free-probe,0,0.28534068618844455,30000
10,griewank,B+ history-BJS,0,0.025269149473161723,30000
10,griewank,B+ 1/5-rule,0,0.4866600076499694,30000
10,griewank,p=0.3,1,0.013235204721039895,10000
10,griewank,p=0.4,1,0.025750154692599336,10000
10,griewank,"p=0.0,sigma=0.003",1,0.009858074541906903,10000
10,griewank,"p=0.0,sigma=0.01",1,0.10269323072602998,10000
10,griewank,"p=0.0,sigma=0.03",1,0.0272058263314362,10000
10,griewank,"p=0.0,sigma=0.3",1,0.03892629882950027,10000
10,griewank,"p=0.0,sigma=1.0",1,0.32472107355368407,10000
10,griewank,1/5sigma+p=0.2,1,0.007396040334116338,10000
10,griewank,decay-p,1,0.0015762898682071258,10000
10,griewank,history-BJS low,1,0.011323034980314506,10000
10,griewank,ML-BJS reuse,1,0.7212378914750047,9993
10,griewank,ML-BJS probe/4,1,0.3184613996772855,9997
10,griewank,ML-BJS train1,1,0.011867900104280293,10000
10,griewank,ML-BJS train2,1,0.015682710693681434,10000
10,griewank,ML-BJS train3,1,0.36160864032541173,10000
10,griewank,ML-BJS train4,1,0.11702278864128124,10000
10,griewank,ML-BJS disjoint,1,0.36897061628213124,10000
10,griewank,L3 matched+refine,1,0.000574544074560368,10000
10,griewank,B+ p=0.2,1,0.25625094597313425,30000
10,griewank,B+ ML-BJS,1,0.009933865392044328,29998
10,griewank,B+ ML-BJS free-probe,1,0.012893046854643986,30000
10,griewank,B+ history-BJS,1,0.4232569475889001,30000
10,griewank,B+ 1/5-rule,1,0.25554991375238445,30000
10,griewank,p=0.3,2,0.5856187349410509,10000
10,griewank,p=0.4,2,0.4441246340377367,10000
10,griewank,"p=0.0,sigma=0.003",2,0.6773719206969662,10000
10,griewank,"p=0.0,sigma=0.01",2,0.7879407786322866,10000
10,griewank,"p=0.0,sigma=0.03",2,8.154028370788158e-05,10000
10,griewank,"p=0.0,sigma=0.3",2,0.6879746466127973,10000
10,griewank,"p=0.0,sigma=1.0",2,0.12234685119000643,10000
10,griewank,1/5sigma+p=0.2,2,0.44828358064114293,10000
10,griewank,decay-p,2,0.7534942598502905,10000
10,griewank,history-BJS low,2,0.5150405655652724,10000
10,griewank,ML-BJS reuse,2,0.6647197349697243,9998
10,griewank,ML-BJS probe/4,2,0.023747322424045203,9997
10,griewank,ML-BJS train1,2,0.5872852046675923,10000
10,griewank,ML-BJS train2,2,0.012803753364573511,10000
10,griewank,ML-BJS train3,2,0.07400520239923125,10000
10,griewank,ML-BJS train4,2,0.6268252692181342,10000
10,griewank,ML-BJS disjoint,2,0.24646194671423172,10000
10,griewank,L3 matched+refine,2,0.01344244039972331,10000
10,griewank,B+ p=0.2,2,0.0006240438665437997,30000
10,griewank,B+ ML-BJS,2,0.4440092840630593,29998
10,griewank,B+ ML-BJS free-probe,2,0.0007453442256353249,30000
10,griewank,B+ history-BJS,2,0.23223897991264897,30000
10,griewank,B+ 1/5-rule,2,0.01232098887510813,30000
10,griewank,p=0.3,3,0.48823075163728125,10000
10,griewank,p=0.4,3,0.008363169009976135,10000
10,griewank,"p=0.0,sigma=0.003",3,0.330126259946096,10000
10,griewank,"p=0.0,sigma=0.01",3,0.07529772124740353,10000
10,griewank,"p=0.0,sigma=0.03",3,0.3936273292213589,10000
10,griewank,"p=0.0,sigma=0.3",3,0.7516715978447915,10000
10,griewank,"p=0.0,sigma=1.0",3,0.2997162427307223,10000
10,griewank,1/5sigma+p=0.2,3,0.11528126741620293,10000
10,griewank,decay-p,3,0.46427945751149824,10000
10,griewank,history-BJS low,3,0.11615703381055309,10000
10,griewank,ML-BJS reuse,3,0.01324845400790331,9999
10,griewank,ML-BJS probe/4,3,0.4027786305106854,9997
10,griewank,ML-BJS train1,3,0.02788921803109512,10000
10,griewank,ML-BJS train2,3,0.13125589390239467,10000
10,griewank,ML-BJS train3,3,0.011473453761462804,10000
10,griewank,ML-BJS train4,3,0.19156123439945993,10000
10,griewank,ML-BJS disjoint,3,0.6542911556268526,10000
10,griewank,L3 matched+refine,3,0.008530407531104456,10000
10,griewank,B+ p=0.2,3,0.08841949905509017,30000
10,griewank,B+ ML-BJS,3,0.009930446627681166,29998
10,griewank,B+ ML-BJS free-probe,3,0.018005673457671012,30000
10,griewank,B+ history-BJS,3,0.010798111328022664,30000
10,griewank,B+ 1/5-rule,3,0.12760043983974523,30000
10,griewank,p=0.3,4,0.2641669290625316,10000
10,griewank,p=0.4,4,0.3063536512448044,10000
10,griewank,"p=0.0,sigma=0.003",4,0.05103133256973835,10000
10,griewank,"p=0.0,sigma=0.01",4,0.10794956870551586,10000
10,griewank,"p=0.0,sigma=0.03",4,6.79877022461417e-05,10000
10,griewank,"p=0.0,sigma=0.3",4,0.09981127810941404,10000
10,griewank,"p=0.0,sigma=1.0",4,0.5760800061597207,10000
10,griewank,1/5sigma+p=0.2,4,0.21181919742051725,10000
10,griewank,decay-p,4,0.2807385042925453,10000
10,griewank,history-BJS low,4,0.22090374898277376,10000
10,griewank,ML-BJS reuse,4,0.45167035043313286,9999
10,griewank,ML-BJS probe/4,4,0.0020488552595834264,9997
10,griewank,ML-BJS train1,4,0.010211043733748926,10000
10,griewank,ML-BJS train2,4,0.01293733960445742,10000
10,griewank,ML-BJS train3,4,0.04958287783789328,10000
10,griewank,ML-BJS train4,4,0.019812848108431202,10000
10,griewank,ML-BJS disjoint,4,0.050300332256728475,10000
10,griewank,L3 matched+refine,4,0.008053049226834474,10000
10,griewank,B+ p=0.2,4,0.15403915332082663,30000
10,griewank,B+ ML-BJS,4,0.010592017430484213,29998
10,griewank,B+ ML-BJS free-probe,4,0.0011000846693159927,30000
10,griewank,B+ history-BJS,4,0.1176078183028757,30000
10,griewank,B+ 1/5-rule,4,0.04681345678736526,30000
10,griewank,p=0.3,5,0.1763132136500457,10000
10,griewank,p=0.4,5,0.1964563308848073,10000
10,griewank,"p=0.0,sigma=0.003",5,0.3186536733887775,10000
10,griewank,"p=0.0,sigma=0.01",5,0.017245557639668063,10000
10,griewank,"p=0.0,sigma=0.03",5,0.024724908399176404,10000
10,griewank,"p=0.0,sigma=0.3",5,0.5007984232108144,10000
10,griewank,"p=0.0,sigma=1.0",5,0.09300730519195188,10000
10,griewank,1/5sigma+p=0.2,5,0.2925681306984208,10000
10,griewank,decay-p,5,0.049448097501485044,10000
10,griewank,history-BJS low,5,0.1887559436455979,10000
10,griewank,ML-BJS reuse,5,0.016028697789214896,9995
10,griewank,ML-BJS probe/4,5,0.2917851375891367,9997
10,griewank,ML-BJS train1,5,0.03198099320310521,10000
10,griewank,ML-BJS train2,5,0.012678682050373702,10000
10,griewank,ML-BJS train3,5,0.032360507404795014,10000
10,griewank,ML-BJS train4,5,0.009179231972970325,10000
10,griewank,ML-BJS disjoint,5,0.012854814865092878,10000
10,griewank,L3 matched+refine,5,0.008238507823895347,10000
10,griewank,B+ p=0.2,5,0.275954559668537,30000
10,griewank,B+ ML-BJS,5,0.1873795766478793,29998
10,griewank,B+ ML-BJS free-probe,5,0.01788335299363053,30000
10,griewank,B+ history-BJS,5,0.008158143300429854,30000
10,griewank,B+ 1/5-rule,5,0.012316072519261811,30000
10,griewank,p=0.3,6,0.011074782650106196,10000
10,griewank,p=0.4,6,0.17608343054875686,10000
10,griewank,"p=0.0,sigma=0.003",6,0.308840137548148,10000
10,griewank,"p=0.0,sigma=0.01",6,0.28431948270530905,10000
10,griewank,"p=0.0,sigma=0.03",6,0.15383950040487848,10000
10,griewank,"p=0.0,sigma=0.3",6,0.6716357564111133,10000
10,griewank,"p=0.0,sigma=1.0",6,0.5509221684803347,10000
10,griewank,1/5sigma+p=0.2,6,0.27862395202921275,10000
10,griewank,decay-p,6,0.3097785369458287,10000
10,griewank,history-BJS low,6,0.10566158242869961,10000
10,griewank,ML-BJS reuse,6,0.0010010906741672043,9999
10,griewank,ML-BJS probe/4,6,0.011626167038150004,9997
10,griewank,ML-BJS train1,6,0.018917516607986573,10000
10,griewank,ML-BJS train2,6,0.44561401372559606,10000
10,griewank,ML-BJS train3,6,0.01334528651790956,10000
10,griewank,ML-BJS train4,6,0.18036693170842977,10000
10,griewank,ML-BJS disjoint,6,0.03474375247111483,10000
10,griewank,L3 matched+refine,6,0.008766102533819486,10000
10,griewank,B+ p=0.2,6,0.10816776655152216,30000
10,griewank,B+ ML-BJS,6,0.014289337156786264,29998
10,griewank,B+ ML-BJS free-probe,6,0.012941522597047395,30000
10,griewank,B+ history-BJS,6,0.5076248534368758,30000
10,griewank,B+ 1/5-rule,6,0.676162564743463,30000
10,griewank,p=0.3,7,0.0007132983328711484,10000
10,griewank,p=0.4,7,0.008501852928238574,10000
10,griewank,"p=0.0,sigma=0.003",7,0.07431784400518882,10000
10,griewank,"p=0.0,sigma=0.01",7,0.007407878695236292,10000
10,griewank,"p=0.0,sigma=0.03",7,9.369487692212353e-05,10000
10,griewank,"p=0.0,sigma=0.3",7,0.012912696959898273,10000
10,griewank,"p=0.0,sigma=1.0",7,0.0626641900735232,10000
10,griewank,1/5sigma+p=0.2,7,0.20215243803715532,10000
10,griewank,decay-p,7,0.008541766770362558,10000
10,griewank,history-BJS low,7,0.0135141706775731,10000
10,griewank,ML-BJS reuse,7,0.38698219123001787,10000
10,griewank,ML-BJS probe/4,7,0.20397715232747815,9997
10,griewank,ML-BJS train1,7,0.026709291807692992,10000
10,griewank,ML-BJS train2,7,0.05336180709726046,10000
10,griewank,ML-BJS train3,7,0.7044840959681725,10000
10,griewank,ML-BJS train4,7,0.06523219342752706,10000
10,griewank,ML-BJS disjoint,7,0.030245322922700768,10000
10,griewank,L3 matched+refine,7,0.00889940627574437,10000
10,griewank,B+ p=0.2,7,0.05912265190721211,30000
10,griewank,B+ ML-BJS,7,0.022318292427767505,29998
10,griewank,B+ ML-BJS free-probe,7,0.022073002450468837,30000
10,griewank,B+ history-BJS,7,0.03283246450235555,30000
10,griewank,B+ 1/5-rule,7,0.44288036052715085,30000
10,griewank,p=0.3,8,0.01568096390932794,10000
10,griewank,p=0.4,8,0.5522261794960058,10000
10,griewank,"p=0.0,sigma=0.003",8,0.012317661613224451,10000
10,griewank,"p=0.0,sigma=0.01",8,0.67801273105459,10000
10,griewank,"p=0.0,sigma=0.03",8,0.012349157846100911,10000
10,griewank,"p=0.0,sigma=0.3",8,0.06447369461552432,10000
10,griewank,"p=0.0,sigma=1.0",8,0.30698057079187047,10000
10,griewank,1/5sigma+p=0.2,8,0.00739604033411545,10000
10,griewank,decay-p,8,0.5105643948171081,10000
10,griewank,history-BJS low,8,0.008911292106151825,10000
10,griewank,ML-BJS reuse,8,0.019517553823756195,9992
10,griewank,ML-BJS probe/4,8,0.015640465784169,9997
10,griewank,ML-BJS train1,8,0.29091318457671134,10000
10,griewank,ML-BJS train2,8,0.25147399693237904,10000
10,griewank,ML-BJS train3,8,0.011387101656358145,10000
10,griewank,ML-BJS train4,8,0.010951620815816687,10000
10,griewank,ML-BJS disjoint,8,0.40857135601503825,10000
10,griewank,L3 matched+refine,8,0.008570573530717773,10000
10,griewank,B+ p=0.2,8,0.2438099266192134,30000
10,griewank,B+ ML-BJS,8,0.5422282064351669,29998
10,griewank,B+ ML-BJS free-probe,8,0.013075680246861565,30000
10,griewank,B+ history-BJS,8,0.012216243269366212,30000
10,griewank,B+ 1/5-rule,8,2.220446049250313e-16,30000
10,griewank,p=0.3,9,0.46660081960356203,10000
10,griewank,p=0.4,9,0.1138202758821476,10000
10,griewank,"p=0.0,sigma=0.003",9,8.623378751249078e-05,10000
10,griewank,"p=0.0,sigma=0.01",9,0.7629662695679382,10000
10,griewank,"p=0.0,sigma=0.03",9,9.597418133844293e-05,10000
10,griewank,"p=0.0,sigma=0.3",9,0.01053086199203157,10000
10,griewank,"p=0.0,sigma=1.0",9,0.5164019817307903,10000
10,griewank,1/5sigma+p=0.2,9,0.00985728460782187,10000
10,griewank,decay-p,9,0.011217767395561129,10000
10,griewank,history-BJS low,9,0.0014698025690103034,10000
10,griewank,ML-BJS reuse,9,0.33898183137751225,9999
10,griewank,ML-BJS probe/4,9,0.3363582210834736,9997
10,griewank,ML-BJS train1,9,0.014281138314996888,10000
10,griewank,ML-BJS train2,9,0.1510274599184499,10000
10,griewank,ML-BJS train3,9,0.06901516279742881,10000
10,griewank,ML-BJS train4,9,0.045140431041843176,10000
10,griewank,ML-BJS disjoint,9,0.48418289928577407,10000
10,griewank,L3 matched+refine,9,0.008225547726136706,10000
10,griewank,B+ p=0.2,9,0.017600954087693133,30000
10,griewank,B+ ML-BJS,9,0.011195725464060446,29998
10,griewank,B+ ML-BJS free-probe,9,0.008594720669744316,30000
10,griewank,B+ history-BJS,9,0.01948351743454857,30000
10,griewank,B+ 1/5-rule,9,1.6653345369377348e-15,30000
10,griewank,p=0.3,10,0.062223684132609036,10000
10,griewank,p=0.4,10,0.011566093260164778,10000
10,griewank,"p=0.0,sigma=0.003",10,0.4212421757145275,10000
10,griewank,"p=0.0,sigma=0.01",10,0.009878761187984475,10000
10,griewank,"p=0.0,sigma=0.03",10,0.2786045975682885,10000
10,griewank,"p=0.0,sigma=0.3",10,0.5628161969755958,10000
10,griewank,"p=0.0,sigma=1.0",10,0.6183647735795732,10000
10,griewank,1/5sigma+p=0.2,10,0.1853915499212211,10000
10,griewank,decay-p,10,0.0014519063343819694,10000
10,griewank,history-BJS low,10,0.01577174289974148,10000
10,griewank,ML-BJS reuse,10,0.5906984002747722,9996
10,griewank,ML-BJS probe/4,10,0.1641461351941873,9997
10,griewank,ML-BJS train1,10,0.014234490500031338,10000
10,griewank,ML-BJS train2,10,0.03422254618809417,10000
10,griewank,ML-BJS train3,10,0.003922888333334984,10000
10,griewank,ML-BJS train4,10,0.18828693311959277,10000
10,griewank,ML-BJS disjoint,10,0.23784483738774842,10000
10,griewank,L3 matched+refine,10,0.008516920338064171,10000
10,griewank,B+ p=0.2,10,0.4216828633584292,30000
10,griewank,B+ ML-BJS,10,0.43580298643589443,29998
10,griewank,B+ ML-BJS free-probe,10,0.021148617530652336,30000
10,griewank,B+ history-BJS,10,0.19849927227606612,30000
10,griewank,B+ 1/5-rule,10,0.42606595295564575,30000
10,griewank,p=0.3,11,0.008336293275191808,10000
10,griewank,p=0.4,11,0.2614564351360913,10000
10,griewank,"p=0.0,sigma=0.003",11,0.2602388165283631,10000
10,griewank,"p=0.0,sigma=0.01",11,0.4630289068532223,10000
10,griewank,"p=0.0,sigma=0.03",11,7.04003913258866e-05,10000
10,griewank,"p=0.0,sigma=0.3",11,0.011630297622951535,10000
10,griewank,"p=0.0,sigma=1.0",11,0.10331208789225954,10000
10,griewank,1/5sigma+p=0.2,11,0.03274744949209851,10000
10,griewank,decay-p,11,0.07286074287595157,10000
10,griewank,history-BJS low,11,0.03148188740483571,10000
10,griewank,ML-BJS reuse,11,0.46784205970477,9992
10,griewank,ML-BJS probe/4,11,0.7122718855958536,9997
10,griewank,ML-BJS train1,11,0.6094556385204937,10000
10,griewank,ML-BJS train2,11,0.0443314022095741,10000
10,griewank,ML-BJS train3,11,0.062340163488424305,10000
10,griewank,ML-BJS train4,11,0.009332450889850685,10000
10,griewank,ML-BJS disjoint,11,0.03213787433172932,10000
10,griewank,L3 matched+refine,11,0.008771368857001804,10000
10,griewank,B+ p=0.2,11,0.4636633199704139,30000
10,griewank,B+ ML-BJS,11,0.015375126341718004,29998
10,griewank,B+ ML-BJS free-probe,11,0.010739574114755457,30000
10,griewank,B+ history-BJS,11,0.4632938369383782,30000
10,griewank,B+ 1/5-rule,11,0.028188660400831234,30000
10,griewank,p=0.3,12,0.3610790582644664,10000
10,griewank,p=0.4,12,0.26455784284120587,10000
10,griewank,"p=0.0,sigma=0.003",12,0.35930493097292093,10000
10,griewank,"p=0.0,sigma=0.01",12,1.2092875949942794e-05,10000
10,griewank,"p=0.0,sigma=0.03",12,0.21311363234412184,10000
10,griewank,"p=0.0,sigma=0.3",12,0.022386275360095187,10000
10,griewank,"p=0.0,sigma=1.0",12,0.06562445831120822,10000
10,griewank,1/5sigma+p=0.2,12,1.1102230246251565e-16,10000
10,griewank,decay-p,12,0.008666787887604777,10000
10,griewank,history-BJS low,12,0.221238269550187,10000
10,griewank,ML-BJS reuse,12,0.0012454417325656886,10000
10,griewank,ML-BJS probe/4,12,0.23163495450837646,9997
10,griewank,ML-BJS train1,12,0.2161929383792065,10000
10,griewank,ML-BJS train2,12,0.017310371716761086,10000
10,griewank,ML-BJS train3,12,0.027041472691756163,10000
10,griewank,ML-BJS train4,12,0.1769766988649819,10000
10,griewank,ML-BJS disjoint,12,0.3148834374363746,10000
10,griewank,L3 matched+refine,12,0.008396447921226513,10000
10,griewank,B+ p=0.2,12,0.008154378388462669,30000
10,griewank,B+ ML-BJS,12,0.35728345254383653,29998
10,griewank,B+ ML-BJS free-probe,12,0.010970533549970796,30000
10,griewank,B+ history-BJS,12,0.025977944294594324,30000
10,griewank,B+ 1/5-rule,12,0.8140969371918461,30000
10,griewank,p=0.3,13,0.31235550813460045,10000
10,griewank,p=0.4,13,0.009072986451539422,10000
10,griewank,"p=0.0,sigma=0.003",13,0.009858816627763556,10000
10,griewank,"p=0.0,sigma=0.01",13,0.5708163366619896,10000
10,griewank,"p=0.0,sigma=0.03",13,0.009933687828383109,10000
10,griewank,"p=0.0,sigma=0.3",13,0.008086169761040152,10000
10,griewank,"p=0.0,sigma=1.0",13,0.2745363473023432,10000
10,griewank,1/5sigma+p=0.2,13,0.18947968953349392,10000
10,griewank,decay-p,13,0.1922855752212268,10000
10,griewank,history-BJS low,13,0.0010269841383658829,10000
10,griewank,ML-BJS reuse,13,0.18788427157151155,9998
10,griewank,ML-BJS probe/4,13,0.014582408916421374,9997
10,griewank,ML-BJS train1,13,0.204569036630606,10000
10,griewank,ML-BJS train2,13,0.19126199398746746,10000
10,griewank,ML-BJS train3,13,0.45605077211011313,10000
10,griewank,ML-BJS train4,13,0.20176445129939669,10000
10,griewank,ML-BJS disjoint,13,0.03339234946482439,10000
10,griewank,L3 matched+refine,13,0.008157480296377417,10000
10,griewank,B+ p=0.2,13,0.010341083056281564,30000
10,griewank,B+ ML-BJS,13,0.2032576132187287,29998
10,griewank,B+ ML-BJS free-probe,13,0.0014209630623429614,30000
10,griewank,B+ history-BJS,13,0.20476392702839774,30000
10,griewank,B+ 1/5-rule,13,3.3306690738754696e-16,30000
10,griewank,p=0.3,14,0.013627640580321176,10000
10,griewank,p=0.4,14,0.24119943464300087,10000
10,griewank,"p=0.0,sigma=0.003",14,0.5683777245832595,10000
10,griewank,"p=0.0,sigma=0.01",14,0.009864999637095528,10000
10,griewank,"p=0.0,sigma=0.03",14,0.012416499173647844,10000
10,griewank,"p=0.0,sigma=0.3",14,0.017275502951188404,10000
10,griewank,"p=0.0,sigma=1.0",14,0.2446779318011405,10000
10,griewank,1/5sigma+p=0.2,14,0.35018952458611097,10000
10,griewank,decay-p,14,0.33036640863107347,10000
10,griewank,history-BJS low,14,0.0013250224630321217,10000
10,griewank,ML-BJS reuse,14,0.16033583894528258,9998
10,griewank,ML-BJS probe/4,14,0.5990022847093319,9997
10,griewank,ML-BJS train1,14,0.24519899124424882,10000
10,griewank,ML-BJS train2,14,0.01707837118597233,10000
10,griewank,ML-BJS train3,14,0.012828240646927891,10000
10,griewank,ML-BJS train4,14,0.23724438474099607,10000
10,griewank,ML-BJS disjoint,14,0.4531909113760627,10000
10,griewank,L3 matched+refine,14,0.008429693016151374,10000
10,griewank,B+ p=0.2,14,0.3181332132501271,30000
10,griewank,B+ ML-BJS,14,0.014797226139432906,29998
10,griewank,B+ ML-BJS free-probe,14,0.0010493673697984374,30000
10,griewank,B+ history-BJS,14,0.16513936465426005,30000
10,griewank,B+ 1/5-rule,14,0.012320988875106798,30000
10,griewank,p=0.3,15,0.0005997495088880811,10000
10,griewank,p=0.4,15,0.569544937343879,10000
10,griewank,"p=0.0,sigma=0.003",15,0.1239801214811721,10000
10,griewank,"p=0.0,sigma=0.01",15,0.5927338164254112,10000
10,griewank,"p=0.0,sigma=0.03",15,0.7917136189081355,10000
10,griewank,"p=0.0,sigma=0.3",15,0.018545313330010527,10000
10,griewank,"p=0.0,sigma=1.0",15,0.18970263385709107,10000
10,griewank,1/5sigma+p=0.2,15,0.08249494688859371,10000
10,griewank,decay-p,15,0.23892222917869088,10000
10,griewank,history-BJS low,15,0.1223995827801514,10000
10,griewank,ML-BJS reuse,15,0.4882550607442899,10000
10,griewank,ML-BJS probe/4,15,0.08631558311431664,9997
10,griewank,ML-BJS train1,15,0.28774727728185967,10000
10,griewank,ML-BJS train2,15,0.049414698268877344,10000
10,griewank,ML-BJS train3,15,0.4915475411668335,10000
10,griewank,ML-BJS train4,15,0.7274838638828773,10000
10,griewank,ML-BJS disjoint,15,0.009707305472821948,10000
10,griewank,L3 matched+refine,15,0.0084277012980285,10000
10,griewank,B+ p=0.2,15,0.29868549304512704,30000
10,griewank,B+ ML-BJS,15,0.09905404724149003,29998
10,griewank,B+ ML-BJS free-probe,15,0.00829669377761899,30000
10,griewank,B+ history-BJS,15,0.008335303518713144,30000
10,griewank,B+ 1/5-rule,15,0.4877942718743796,30000
10,griewank,p=0.3,16,0.5227019109544732,10000
10,griewank,p=0.4,16,0.0013811140074010408,10000
10,griewank,"p=0.0,sigma=0.003",16,0.009867508170414374,10000
10,griewank,"p=0.0,sigma=0.01",16,0.11526738057505859,10000
10,griewank,"p=0.0,sigma=0.03",16,0.2994778026372126,10000
10,griewank,"p=0.0,sigma=0.3",16,0.04600418888481528,10000
10,griewank,"p=0.0,sigma=1.0",16,0.12001728912701726,10000
10,griewank,1/5sigma+p=0.2,16,0.14663697229320527,10000
10,griewank,decay-p,16,0.3561151595123082,10000
10,griewank,history-BJS low,16,0.33419884179932846,10000
10,griewank,ML-BJS reuse,16,0.011033455733394648,9999
10,griewank,ML-BJS probe/4,16,0.15864923716311585,9997
10,griewank,ML-BJS train1,16,0.16104899214405688,10000
10,griewank,ML-BJS train2,16,0.3426929086468069,10000
10,griewank,ML-BJS train3,16,0.16152149115034287,10000
10,griewank,ML-BJS train4,16,0.15764151364626322,10000
10,griewank,ML-BJS disjoint,16,0.025261254964755397,10000
10,griewank,L3 matched+refine,16,0.013831110316159245,10000
10,griewank,B+ p=0.2,16,0.22797300926220898,30000
10,griewank,B+ ML-BJS,16,0.3909311489003926,29998
10,griewank,B+ ML-BJS free-probe,16,0.14729425276955344,30000
10,griewank,B+ history-BJS,16,0.39708289190342316,30000
10,griewank,B+ 1/5-rule,16,0.17220387123028902,30000
10,griewank,p=0.3,17,0.33366996711957775,10000
10,griewank,p=0.4,17,0.17689088154424504,10000
10,griewank,"p=0.0,sigma=0.003",17,0.631275547884187,10000
10,griewank,"p=0.0,sigma=0.01",17,0.6113533691024763,10000
10,griewank,"p=0.0,sigma=0.03",17,0.025946518303172406,10000
10,griewank,"p=0.0,sigma=0.3",17,0.6019584942979266,10000
10,griewank,"p=0.0,sigma=1.0",17,0.10467584881108916,10000
10,griewank,1/5sigma+p=0.2,17,0.014779776754826113,10000
10,griewank,decay-p,17,0.16619110082766242,10000
10,griewank,history-BJS low,17,0.1835867020312022,10000
10,griewank,ML-BJS reuse,17,0.720567182333881,9998
10,griewank,ML-BJS probe/4,17,0.40708352959619865,9997
10,griewank,ML-BJS train1,17,0.3701914324693161,10000
10,griewank,ML-BJS train2,17,0.017170370820391856,10000
10,griewank,ML-BJS train3,17,0.009840058492474268,10000
10,griewank,ML-BJS train4,17,0.5409395238455161,10000
10,griewank,ML-BJS disjoint,17,0.18021617045531146,10000
10,griewank,L3 matched+refine,17,0.013733125446311667,10000
10,griewank,B+ p=0.2,17,0.36628084286400064,30000
10,griewank,B+ ML-BJS,17,0.17302648210729532,29998
10,griewank,B+ ML-BJS free-probe,17,0.17389576817856434,30000
10,griewank,B+ history-BJS,17,0.3565260343924821,30000
10,griewank,B+ 1/5-rule,17,0.007396040334115672,30000
10,griewank,p=0.3,18,0.31836655648398493,10000
10,griewank,p=0.4,18,0.4796417332857733,10000
10,griewank,"p=0.0,sigma=0.003",18,1.4615957173447214e-06,10000
10,griewank,"p=0.0,sigma=0.01",18,0.7039133361600077,10000
10,griewank,"p=0.0,sigma=0.03",18,0.00013046113111903068,10000
10,griewank,"p=0.0,sigma=0.3",18,0.8763263974200064,10000
10,griewank,"p=0.0,sigma=1.0",18,0.0873818966503721,10000
10,griewank,1/5sigma+p=0.2,18,0.05386252152663318,10000
10,griewank,decay-p,18,0.7175759034203171,10000
10,griewank,history-BJS low,18,0.275566096142401,10000
10,griewank,ML-BJS reuse,18,0.0007493804139241389,9997
10,griewank,ML-BJS probe/4,18,0.05495512289459159,9997
10,griewank,ML-BJS train1,18,0.5488379950238575,10000
10,griewank,ML-BJS train2,18,0.011832549241334811,10000
10,griewank,ML-BJS train3,18,0.06977818650946632,10000
10,griewank,ML-BJS train4,18,0.18877712027776916,10000
10,griewank,ML-BJS disjoint,18,0.004117810223981833,10000
10,griewank,L3 matched+refine,18,0.008846471553752844,10000
10,griewank,B+ p=0.2,18,0.479574031645827,30000
10,griewank,B+ ML-BJS,18,0.009709432588695055,29998
10,griewank,B+ ML-BJS free-probe,18,0.5439411694644067,30000
10,griewank,B+ history-BJS,18,0.008360611009677776,30000
10,griewank,B+ 1/5-rule,18,0.3678373039406603,30000
10,griewank,p=0.3,19,0.3288632089997011,10000
10,griewank,p=0.4,19,0.23631684439819445,10000
10,griewank,"p=0.0,sigma=0.003",19,0.014784177319165481,10000
10,griewank,"p=0.0,sigma=0.01",19,0.3307911969597417,10000
10,griewank,"p=0.0,sigma=0.03",19,0.014888165682387489,10000
10,griewank,"p=0.0,sigma=0.3",19,0.26854588188052453,10000
10,griewank,"p=0.0,sigma=1.0",19,0.3369040828799925,10000
10,griewank,1/5sigma+p=0.2,19,0.24336831189972563,10000
10,griewank,decay-p,19,0.6138513860268715,10000
10,griewank,history-BJS low,19,0.013456390889926673,10000
10,griewank,ML-BJS reuse,19,0.34442760410679985,9999
10,griewank,ML-BJS probe/4,19,0.013156883836099809,9997
10,griewank,ML-BJS train1,19,0.1109788062837822,10000
10,griewank,ML-BJS train2,19,0.01883666743475565,10000
10,griewank,ML-BJS train3,19,0.38632475684489953,10000
10,griewank,ML-BJS train4,19,0.6701489974880426,10000
10,griewank,ML-BJS disjoint,19,0.27833572568760645,10000
10,griewank,L3 matched+refine,19,0.008550453000107483,10000
10,griewank,B+ p=0.2,19,0.3188872906211796,30000
10,griewank,B+ ML-BJS,19,0.012907198631425087,29998
10,griewank,B+ ML-BJS free-probe,19,0.4659280041592755,30000
10,griewank,B+ history-BJS,19,0.015900802809751924,30000
10,griewank,B+ 1/5-rule,19,0.1032074577593809,30000
10,griewank,p=0.3,20,0.011289795496323252,10000
10,griewank,p=0.4,20,0.274310535806067,10000
10,griewank,"p=0.0,sigma=0.003",20,0.42084554923826356,10000
10,griewank,"p=0.0,sigma=0.01",20,0.42084987502464777,10000
10,griewank,"p=0.0,sigma=0.03",20,0.00013604995902483097,10000
10,griewank,"p=0.0,sigma=0.3",20,0.03367231872543541,10000
10,griewank,"p=0.0,sigma=1.0",20,0.4862847819775039,10000
10,griewank,1/5sigma+p=0.2,20,1.5543122344752192e-15,10000
10,griewank,decay-p,20,0.28879168251975806,10000
10,griewank,history-BJS low,20,0.11759050414270389,10000
10,griewank,ML-BJS reuse,20,0.4873652326748057,9997
10,griewank,ML-BJS probe/4,20,0.06311203783150365,9997
10,griewank,ML-BJS train1,20,0.4914752213483152,10000
10,griewank,ML-BJS train2,20,0.22602122611489062,10000
10,griewank,ML-BJS train3,20,0.4231747179029969,10000
10,griewank,ML-BJS train4,20,0.467864382368673,10000
10,griewank,ML-BJS disjoint,20,0.2781814991867142,10000
10,griewank,L3 matched+refine,20,0.00871773546435961,10000
10,griewank,B+ p=0.2,20,0.06324318687738939,30000
10,griewank,B+ ML-BJS,20,0.5113345101482044,29998
10,griewank,B+ ML-BJS free-probe,20,0.5112178991040218,30000
10,griewank,B+ history-BJS,20,0.6242416604378074,30000
10,griewank,B+ 1/5-rule,20,0.1783109528595358,30000
10,griewank,p=0.3,21,0.019251523682688565,10000
10,griewank,p=0.4,21,0.17208863163669852,10000
10,griewank,"p=0.0,sigma=0.003",21,0.1360872805701997,10000
10,griewank,"p=0.0,sigma=0.01",21,0.21768003339830944,10000
10,griewank,"p=0.0,sigma=0.03",21,6.221717467191912e-05,10000
10,griewank,"p=0.0,sigma=0.3",21,0.17554409217384814,10000
10,griewank,"p=0.0,sigma=1.0",21,0.28401246044777084,10000
10,griewank,1/5sigma+p=0.2,21,0.18139688701393697,10000
10,griewank,decay-p,21,0.3590819425864482,10000
10,griewank,history-BJS low,21,0.4417175809459781,10000
10,griewank,ML-BJS reuse,21,0.6583676489895296,9996
10,griewank,ML-BJS probe/4,21,0.5235763161814717,9997
10,griewank,ML-BJS train1,21,0.1404114109847795,10000
10,griewank,ML-BJS train2,21,0.22082495014160686,10000
10,griewank,ML-BJS train3,21,0.35646978613326896,10000
10,griewank,ML-BJS train4,21,0.27302070837649395,10000
10,griewank,ML-BJS disjoint,21,0.012138833010645,10000
10,griewank,L3 matched+refine,21,0.008122425684257695,10000
10,griewank,B+ p=0.2,21,0.215601235165353,30000
10,griewank,B+ ML-BJS,21,0.46295089253318356,29998
10,griewank,B+ ML-BJS free-probe,21,0.22309637958635464,30000
10,griewank,B+ history-BJS,21,0.0426062136128067,30000
10,griewank,B+ 1/5-rule,21,0.3310546862382864,30000
10,griewank,p=0.3,22,0.10501925729136574,10000
10,griewank,p=0.4,22,0.21265720441151537,10000
10,griewank,"p=0.0,sigma=0.003",22,0.007398191244058272,10000
10,griewank,"p=0.0,sigma=0.01",22,1.745433542854613e-05,10000
10,griewank,"p=0.0,sigma=0.03",22,0.05322466061587572,10000
10,griewank,"p=0.0,sigma=0.3",22,0.09311044771205057,10000
10,griewank,"p=0.0,sigma=1.0",22,0.10878117687960775,10000
10,griewank,1/5sigma+p=0.2,22,0.058045194182212434,10000
10,griewank,decay-p,22,0.36972171842714874,10000
10,griewank,history-BJS low,22,0.212927655462692,10000
10,griewank,ML-BJS reuse,22,0.04067363075944519,9997
10,griewank,ML-BJS probe/4,22,0.019424463598457398,9997
10,griewank,ML-BJS train1,22,0.15863241645599657,10000
10,griewank,ML-BJS train2,22,0.22625562453302073,10000
10,griewank,ML-BJS train3,22,0.011006221472420585,10000
10,griewank,ML-BJS train4,22,0.36501176228985255,10000
10,griewank,ML-BJS disjoint,22,0.31448990384583764,10000
10,griewank,L3 matched+refine,22,0.008394707159724901,10000
10,griewank,B+ p=0.2,22,0.013473343284213568,30000
10,griewank,B+ ML-BJS,22,0.26095316057252527,29998
10,griewank,B+ ML-BJS free-probe,22,0.013226642733211724,30000
10,griewank,B+ history-BJS,22,0.11945111292419353,30000
10,griewank,B+ 1/5-rule,22,7.771561172376096e-16,30000
10,griewank,p=0.3,23,0.1990865405084381,10000
10,griewank,p=0.4,23,0.0010643937692291772,10000
10,griewank,"p=0.0,sigma=0.003",23,0.4747022795555389,10000
10,griewank,"p=0.0,sigma=0.01",23,0.03397713363116006,10000
10,griewank,"p=0.0,sigma=0.03",23,0.8483878584074221,10000
10,griewank,"p=0.0,sigma=0.3",23,0.043778755495041954,10000
10,griewank,"p=0.0,sigma=1.0",23,0.10878699600133923,10000
10,griewank,1/5sigma+p=0.2,23,0.36737568665541087,10000
10,griewank,decay-p,23,0.15726289232127788,10000
10,griewank,history-BJS low,23,0.5859582363019926,10000
10,griewank,ML-BJS reuse,23,0.08013903316161985,9996
10,griewank,ML-BJS probe/4,23,0.16543895199630154,9997
10,griewank,ML-BJS train1,23,0.055344142583156564,10000
10,griewank,ML-BJS train2,23,0.1550033263777294,10000
10,griewank,ML-BJS train3,23,0.22364818079445692,10000
10,griewank,ML-BJS train4,23,0.013439780010804037,10000
10,griewank,ML-BJS disjoint,23,0.015948600172304372,10000
10,griewank,L3 matched+refine,23,0.00819724771673569,10000
10,griewank,B+ p=0.2,23,0.03988981301647532,30000
10,griewank,B+ ML-BJS,23,0.15330890657826113,29998
10,griewank,B+ ML-BJS free-probe,23,0.025649576790052198,30000
10,griewank,B+ history-BJS,23,0.010986486834579146,30000
10,griewank,B+ 1/5-rule,23,0.2717372651164154,30000
10,griewank,p=0.3,24,0.4291592671443505,10000
10,griewank,p=0.4,24,0.023785657593804133,10000
10,griewank,"p=0.0,sigma=0.003",24,0.03986261621998999,10000
10,griewank,"p=0.0,sigma=0.01",24,0.0398709543781266,10000
10,griewank,"p=0.0,sigma=0.03",24,0.1341686875794792,10000
10,griewank,"p=0.0,sigma=0.3",24,0.667927425419505,10000
10,griewank,"p=0.0,sigma=1.0",24,0.22012024423501564,10000
10,griewank,1/5sigma+p=0.2,24,0.08641417953852593,10000
10,griewank,decay-p,24,0.5873076174628862,10000
10,griewank,history-BJS low,24,0.01587186040390598,10000
10,griewank,ML-BJS reuse,24,0.01082432775315234,9993
10,griewank,ML-BJS probe/4,24,0.010904873128636194,9997
10,griewank,ML-BJS train1,24,0.02070938241020448,10000
10,griewank,ML-BJS train2,24,0.2429605069937083,10000
10,griewank,ML-BJS train3,24,0.24252056194049965,10000
10,griewank,ML-BJS train4,24,0.02694103710993012,10000
10,griewank,ML-BJS disjoint,24,0.04826432968768124,10000
10,griewank,L3 matched+refine,24,0.00892584080058112,10000
10,griewank,B+ p=0.2,24,0.21992788241089145,30000
10,griewank,B+ ML-BJS,24,0.002476265360128904,29998
10,griewank,B+ ML-BJS free-probe,24,0.0578010599080887,30000
10,griewank,B+ history-BJS,24,0.022987090098962937,30000
10,griewank,B+ 1/5-rule,24,1.7763568394002505e-15,30000
10,griewank,p=0.3,25,0.0017768154545723114,10000
10,griewank,p=0.4,25,0.0015387720164486973,10000
10,griewank,"p=0.0,sigma=0.003",25,0.850275396406354,10000
10,griewank,"p=0.0,sigma=0.01",25,0.7078416935773899,10000
10,griewank,"p=0.0,sigma=0.03",25,0.007447073842975271,10000
10,griewank,"p=0.0,sigma=0.3",25,0.06295543256246228,10000
10,griewank,"p=0.0,sigma=1.0",25,0.11988630770453601,10000
10,griewank,1/5sigma+p=0.2,25,1.7763568394002505e-15,10000
10,griewank,decay-p,25,0.14596829194129501,10000
10,griewank,history-BJS low,25,0.016120098737276267,10000
10,griewank,ML-BJS reuse,25,0.0010287296764553977,9996
10,griewank,ML-BJS probe/4,25,0.001558486133728998,9997
10,griewank,ML-BJS train1,25,0.06537906181231001,10000
10,griewank,ML-BJS train2,25,0.21286629125540035,10000
10,griewank,ML-BJS train3,25,0.005646977632816297,10000
10,griewank,ML-BJS train4,25,0.016711286542988812,10000
10,griewank,ML-BJS disjoint,25,0.15268436278495923,10000
10,griewank,L3 matched+refine,25,0.008001736636019663,10000
10,griewank,B+ p=0.2,25,0.02842835828950041,30000
10,griewank,B+ ML-BJS,25,0.06205960618209605,29998
10,griewank,B+ ML-BJS free-probe,25,0.009013409376357973,30000
10,griewank,B+ history-BJS,25,0.010810349101925798,30000
10,griewank,B+ 1/5-rule,25,0.048526258338493555,30000
10,griewank,p=0.3,26,0.023802549779678328,10000
10,griewank,p=0.4,26,0.02408903781469307,10000
10,griewank,"p=0.0,sigma=0.003",26,0.3167322809198885,10000
10,griewank,"p=0.0,sigma=0.01",26,0.4933640058098082,10000
10,griewank,"p=0.0,sigma=0.03",26,0.3539653117380951,10000
10,griewank,"p=0.0,sigma=0.3",26,0.3080582077791263,10000
10,griewank,"p=0.0,sigma=1.0",26,0.09330479302191586,10000
10,griewank,1/5sigma+p=0.2,26,0.3429240866383898,10000
10,griewank,decay-p,26,0.10341266757318446,10000
10,griewank,history-BJS low,26,0.00863111019616758,10000
10,griewank,ML-BJS reuse,26,0.08164958755333973,9999
10,griewank,ML-BJS probe/4,26,0.010064851187773893,9997
10,griewank,ML-BJS train1,26,0.004367877912965112,10000
10,griewank,ML-BJS train2,26,0.08325977262522966,10000
10,griewank,ML-BJS train3,26,0.36960716796845516,10000
10,griewank,ML-BJS train4,26,0.031418927644648265,10000
10,griewank,ML-BJS disjoint,26,0.0019819535104391717,10000
10,griewank,L3 matched+refine,26,0.00900395109962715,10000
10,griewank,B+ p=0.2,26,0.03070886264035877,30000
10,griewank,B+ ML-BJS,26,0.4246489011091591,29998
10,griewank,B+ ML-BJS free-probe,26,0.0390781439863741,30000
10,griewank,B+ history-BJS,26,0.0009577407724852272,30000
10,griewank,B+ 1/5-rule,26,0.3806635873326478,30000
10,griewank,p=0.3,27,0.44783839916434665,10000
10,griewank,p=0.4,27,0.09663503385225736,10000
10,griewank,"p=0.0,sigma=0.003",27,0.015449414302651898,10000
10,griewank,"p=0.0,sigma=0.01",27,1.0416415566094628e-05,10000
10,griewank,"p=0.0,sigma=0.03",27,9.890920300004158e-05,10000
10,griewank,"p=0.0,sigma=0.3",27,0.24245532232424205,10000
10,griewank,"p=0.0,sigma=1.0",27,0.08961755716620312,10000
10,griewank,1/5sigma+p=0.2,27,0.2892280426478414,10000
10,griewank,decay-p,27,0.008508759168839974,10000
10,griewank,history-BJS low,27,0.019753676355829364,10000
10,griewank,ML-BJS reuse,27,0.010903021199194396,9993
10,griewank,ML-BJS probe/4,27,0.01395699225005631,9997
10,griewank,ML-BJS train1,27,0.22679685056577814,10000
10,griewank,ML-BJS train2,27,0.017300975138545227,10000
10,griewank,ML-BJS train3,27,0.09777246526004713,10000
10,griewank,ML-BJS train4,27,0.01282812666560773,10000
10,griewank,ML-BJS disjoint,27,0.6279622627983173,10000
10,griewank,L3 matched+refine,27,0.008188526969910681,10000
10,griewank,B+ p=0.2,27,0.11608412058402084,30000
10,griewank,B+ ML-BJS,27,0.01718372523981171,29998
10,griewank,B+ ML-BJS free-probe,27,0.008610302345198995,30000
10,griewank,B+ history-BJS,27,0.551422573827409,30000
10,griewank,B+ 1/5-rule,27,0.01791159359272898,30000
10,griewank,p=0.3,28,0.2393087156069168,10000
10,griewank,p=0.4,28,0.07454385555649445,10000
10,griewank,"p=0.0,sigma=0.003",28,0.06663715996390951,10000
10,griewank,"p=0.0,sigma=0.01",28,0.3557526410326258,10000
10,griewank,"p=0.0,sigma=0.03",28,0.3558129158509955,10000
10,griewank,"p=0.0,sigma=0.3",28,0.8631470405224898,10000
10,griewank,"p=0.0,sigma=1.0",28,0.6719555728159977,10000
10,griewank,1/5sigma+p=0.2,28,0.06828408035132183,10000
10,griewank,decay-p,28,0.5104331388111543,10000
10,griewank,history-BJS low,28,0.2308838870214791,10000
10,griewank,ML-BJS reuse,28,0.2240553087587921,10000
10,griewank,ML-BJS probe/4,28,0.011816921146215464,9997
10,griewank,ML-BJS train1,28,0.014770796391166297,10000
10,griewank,ML-BJS train2,28,0.07373700354263968,10000
10,griewank,ML-BJS train3,28,0.057933608851134855,10000
10,griewank,ML-BJS train4,28,0.003831594141321726,10000
10,griewank,ML-BJS disjoint,28,0.29392757677914383,10000
10,griewank,L3 matched+refine,28,0.0013891877492916427,10000
10,griewank,B+ p=0.2,28,0.11630355281042648,30000
10,griewank,B+ ML-BJS,28,0.07490895448328283,29998
10,griewank,B+ ML-BJS free-probe,28,0.011148617678380046,30000
10,griewank,B+ history-BJS,28,0.07231666285111493,30000
10,griewank,B+ 1/5-rule,28,0.405536593696857,30000
10,griewank,p=0.3,29,0.14897421002204914,10000
10,griewank,p=0.4,29,0.2635666275984231,10000
10,griewank,"p=0.0,sigma=0.003",29,0.840917925240813,10000
10,griewank,"p=0.0,sigma=0.01",29,0.2390829083755538,10000
10,griewank,"p=0.0,sigma=0.03",29,0.388717983197438,10000
10,griewank,"p=0.0,sigma=0.3",29,0.015261316989596652,10000
10,griewank,"p=0.0,sigma=1.0",29,0.09652069821866316,10000
10,griewank,1/5sigma+p=0.2,29,0.662684690773822,10000
10,griewank,decay-p,29,0.0014176377241190696,10000
10,griewank,history-BJS low,29,0.15011833489883308,10000
10,griewank,ML-BJS reuse,29,0.15499979352156112,9994
10,griewank,ML-BJS probe/4,29,0.01856389906329514,9997
10,griewank,ML-BJS train1,29,0.01707768322919556,10000
10,griewank,ML-BJS train2,29,0.005317839151592674,10000
10,griewank,ML-BJS train3,29,0.159291771722057,10000
10,griewank,ML-BJS train4,29,0.026361038710846052,10000
10,griewank,ML-BJS disjoint,29,0.011314172450472393,10000
10,griewank,L3 matched+refine,29,0.009080853217951268,10000
10,griewank,B+ p=0.2,29,0.07468244430800697,30000
10,griewank,B+ ML-BJS,29,0.28992909311552395,29998
10,griewank,B+ ML-BJS free-probe,29,0.007975839714920663,30000
10,griewank,B+ history-BJS,29,0.01565794483971117,30000
10,griewank,B+ 1/5-rule,29,0.012316072519263477,30000
10,rosenbrock,p=0.3,0,9.297848649125646,10000
10,rosenbrock,p=0.4,0,9.512899280590213,10000
10,rosenbrock,"p=0.0,sigma=0.003",0,3.0041850231047365,10000
10,rosenbrock,"p=0.0,sigma=0.01",0,3.0152585999681523,10000
10,rosenbrock,"p=0.0,sigma=0.03",0,5.6786034157696035,10000
10,rosenbrock,"p=0.0,sigma=0.3",0,13.397461375410188,10000
10,rosenbrock,"p=0.0,sigma=1.0",0,64.43121248389224,10000
10,rosenbrock,1/5sigma+p=0.2,0,1.5524392796722304,10000
10,rosenbrock,decay-p,0,10.560282987580054,10000
10,rosenbrock,history-BJS low,0,7.222141469505806,10000
10,rosenbrock,ML-BJS reuse,0,7.112615316847408,9998
10,rosenbrock,ML-BJS probe/4,0,9.763124152605133,9997
10,rosenbrock,ML-BJS train1,0,14.17009838357774,10000
10,rosenbrock,ML-BJS train2,0,108.2077273568593,10000
10,rosenbrock,ML-BJS train3,0,12.927915188773033,10000
10,rosenbrock,ML-BJS train4,0,86.6751743172969,10000
10,rosenbrock,ML-BJS disjoint,0,11.276067282558223,10000
10,rosenbrock,L3 matched+refine,0,94.31803560362691,10000
10,rosenbrock,B+ p=0.2,0,9.223523672451048,30000
10,rosenbrock,B+ ML-BJS,0,10.626001073661348,29998
10,rosenbrock,B+ ML-BJS free-probe,0,10.374111849236868,30000
10,rosenbrock,B+ history-BJS,0,10.376297024058207,30000
10,rosenbrock,B+ 1/5-rule,0,0.07668005128335481,30000
10,rosenbrock,p=0.3,1,95.0010527509587,10000
10,rosenbrock,p=0.4,1,6.144992128289651,10000
10,rosenbrock,"p=0.0,sigma=0.003",1,59.84658499809967,10000
10,rosenbrock,"p=0.0,sigma=0.01",1,2.610921439054785,10000
10,rosenbrock,"p=0.0,sigma=0.03",1,6.21228111974384,10000
10,rosenbrock,"p=0.0,sigma=0.3",1,19.137727702150226,10000
10,rosenbrock,"p=0.0,sigma=1.0",1,208.49769643384576,10000
10,rosenbrock,1/5sigma+p=0.2,1,2.2724839824628544,10000
10,rosenbrock,decay-p,1,10.540060010848096,10000
10,rosenbrock,history-BJS low,1,8.371119212813669,10000
10,rosenbrock,ML-BJS reuse,1,8.75146006686038,9995
10,rosenbrock,ML-BJS probe/4,1,6.2069223499105135,9997
10,rosenbrock,ML-BJS train1,1,10.489870090108091,10000
10,rosenbrock,ML-BJS train2,1,13.086192479086554,10000
10,rosenbrock,ML-BJS train3,1,14.2839658526977,10000
10,rosenbrock,ML-BJS train4,1,201.29667145908113,10000
10,rosenbrock,ML-BJS disjoint,1,57.272726361509044,10000
10,rosenbrock,L3 matched+refine,1,81.41719691617885,10000
10,rosenbrock,B+ p=0.2,1,75.63603732907319,30000
10,rosenbrock,B+ ML-BJS,1,9.438970544416744,29998
10,rosenbrock,B+ ML-BJS free-probe,1,6.922827378488616,30000
10,rosenbrock,B+ history-BJS,1,10.306806316452045,30000
10,rosenbrock,B+ 1/5-rule,1,0.06490488714528408,30000
10,rosenbrock,p=0.3,2,93.225198026733,10000
10,rosenbrock,p=0.4,2,105.17473440772429,10000
10,rosenbrock,"p=0.0,sigma=0.003",2,3.5578260220910902,10000
10,rosenbrock,"p=0.0,sigma=0.01",2,2.905970739641819,10000
10,rosenbrock,"p=0.0,sigma=0.03",2,5.213942027551139,10000
10,rosenbrock,"p=0.0,sigma=0.3",2,14.797837028540211,10000
10,rosenbrock,"p=0.0,sigma=1.0",2,135.3078522010823,10000
10,rosenbrock,1/5sigma+p=0.2,2,1.220187165147908,10000
10,rosenbrock,decay-p,2,73.8496626004253,10000
10,rosenbrock,history-BJS low,2,9.72979741870298,10000
10,rosenbrock,ML-BJS reuse,2,8.647566883627317,9998
10,rosenbrock,ML-BJS probe/4,2,9.475794548932228,9997
10,rosenbrock,ML-BJS train1,2,91.31435245441509,10000
10,rosenbrock,ML-BJS train2,2,12.245890660876,10000
10,rosenbrock,ML-BJS train3,2,12.05891401747916,10000
10,rosenbrock,ML-BJS train4,2,10.429239936326681,10000
10,rosenbrock,ML-BJS disjoint,2,11.508530516318839,10000
10,rosenbrock,L3 matched+refine,2,7.64264575081073,10000
10,rosenbrock,B+ p=0.2,2,108.21849250272412,30000
10,rosenbrock,B+ ML-BJS,2,10.445640862141602,29998
10,rosenbrock,B+ ML-BJS free-probe,2,9.021036958545736,30000
10,rosenbrock,B+ history-BJS,2,7.140976285441794,30000
10,rosenbrock,B+ 1/5-rule,2,4.045505274286026,30000
10,rosenbrock,p=0.3,3,8.559867867245744,10000
10,rosenbrock,p=0.4,3,69.87704056093482,10000
10,rosenbrock,"p=0.0,sigma=0.003",3,3.6591309214148726,10000
10,rosenbrock,"p=0.0,sigma=0.01",3,3.2922518564898584,10000
10,rosenbrock,"p=0.0,sigma=0.03",3,2.3786751666900265,10000
10,rosenbrock,"p=0.0,sigma=0.3",3,17.5008047922348,10000
10,rosenbrock,"p=0.0,sigma=1.0",3,98.80977050160956,10000
10,rosenbrock,1/5sigma+p=0.2,3,5.668628946014975,10000
10,rosenbrock,decay-p,3,8.572054561623318,10000
10,rosenbrock,history-BJS low,3,7.844954488387586,10000
10,rosenbrock,ML-BJS reuse,3,6.942545577104589,9992
10,rosenbrock,ML-BJS probe/4,3,10.727270222056404,9997
10,rosenbrock,ML-BJS train1,3,12.017882234688269,10000
10,rosenbrock,ML-BJS train2,3,91.52076265198556,10000
10,rosenbrock,ML-BJS train3,3,124.7664270559759,10000
10,rosenbrock,ML-BJS train4,3,157.50419838740876,10000
10,rosenbrock,ML-BJS disjoint,3,12.856813491815284,10000
10,rosenbrock,L3 matched+refine,3,6.730211553166951,10000
10,rosenbrock,B+ p=0.2,3,9.380937228777375,30000
10,rosenbrock,B+ ML-BJS,3,10.70328405269815,29998
10,rosenbrock,B+ ML-BJS free-probe,3,6.382966653076105,30000
10,rosenbrock,B+ history-BJS,3,118.13617840217691,30000
10,rosenbrock,B+ 1/5-rule,3,0.06804089287729126,30000
10,rosenbrock,p=0.3,4,10.266910530372035,10000
10,rosenbrock,p=0.4,4,6.636035931173237,10000
10,rosenbrock,"p=0.0,sigma=0.003",4,8.698586567071136,10000
10,rosenbrock,"p=0.0,sigma=0.01",4,7.151288185437308,10000
10,rosenbrock,"p=0.0,sigma=0.03",4,6.540283653003816,10000
10,rosenbrock,"p=0.0,sigma=0.3",4,12.89402507742103,10000
10,rosenbrock,"p=0.0,sigma=1.0",4,104.2072912785803,10000
10,rosenbrock,1/5sigma+p=0.2,4,5.280235428690589,10000
10,rosenbrock,decay-p,4,9.432568301967654,10000
10,rosenbrock,history-BJS low,4,10.689600249771855,10000
10,rosenbrock,ML-BJS reuse,4,98.90179309110823,9993
10,rosenbrock,ML-BJS probe/4,4,12.258180840445194,9997
10,rosenbrock,ML-BJS train1,4,12.30723522424459,10000
10,rosenbrock,ML-BJS train2,4,11.600419403709445,10000
10,rosenbrock,ML-BJS train3,4,9.24972680906529,10000
10,rosenbrock,ML-BJS train4,4,10.629053110857358,10000
10,rosenbrock,ML-BJS disjoint,4,12.728931185107278,10000
10,rosenbrock,L3 matched+refine,4,10.1810560342727,10000
10,rosenbrock,B+ p=0.2,4,7.969440735574013,30000
10,rosenbrock,B+ ML-BJS,4,10.688814644325099,29998
10,rosenbrock,B+ ML-BJS free-probe,4,8.614182061364238,30000
10,rosenbrock,B+ history-BJS,4,10.156510407392929,30000
10,rosenbrock,B+ 1/5-rule,4,0.08792591729891479,30000
10,rosenbrock,p=0.3,5,78.18673284402053,10000
10,rosenbrock,p=0.4,5,8.787791267864318,10000
10,rosenbrock,"p=0.0,sigma=0.003",5,7.708107189241858,10000
10,rosenbrock,"p=0.0,sigma=0.01",5,3.624060511943557,10000
10,rosenbrock,"p=0.0,sigma=0.03",5,8.124232916887431,10000
10,rosenbrock,"p=0.0,sigma=0.3",5,94.70233914680878,10000
10,rosenbrock,"p=0.0,sigma=1.0",5,71.15143328747368,10000
10,rosenbrock,1/5sigma+p=0.2,5,1.8972120498312064,10000
10,rosenbrock,decay-p,5,7.243823180374029,10000
10,rosenbrock,history-BJS low,5,7.098855476103663,10000
10,rosenbrock,ML-BJS reuse,5,8.857477979930872,9993
10,rosenbrock,ML-BJS probe/4,5,11.135511648505931,9997
10,rosenbrock,ML-BJS train1,5,184.99589158796388,10000
10,rosenbrock,ML-BJS train2,5,131.63124221233807,10000
10,rosenbrock,ML-BJS train3,5,10.174358284916863,10000
10,rosenbrock,ML-BJS train4,5,10.110944919618621,10000
10,rosenbrock,ML-BJS disjoint,5,11.782780779449464,10000
10,rosenbrock,L3 matched+refine,5,2.7606432309782774,10000
10,rosenbrock,B+ p=0.2,5,7.596038673259555,30000
10,rosenbrock,B+ ML-BJS,5,10.66976001022126,29998
10,rosenbrock,B+ ML-BJS free-probe,5,3.3870094406847353,30000
10,rosenbrock,B+ history-BJS,5,6.516411029324912,30000
10,rosenbrock,B+ 1/5-rule,5,72.52258397535594,30000
10,rosenbrock,p=0.3,6,10.000573702311195,10000
10,rosenbrock,p=0.4,6,9.861986013792766,10000
10,rosenbrock,"p=0.0,sigma=0.003",6,103.80057957504768,10000
10,rosenbrock,"p=0.0,sigma=0.01",6,3.568828228997904,10000
10,rosenbrock,"p=0.0,sigma=0.03",6,8.761501573606353,10000
10,rosenbrock,"p=0.0,sigma=0.3",6,12.649854119552774,10000
10,rosenbrock,"p=0.0,sigma=1.0",6,147.92798043272703,10000
10,rosenbrock,1/5sigma+p=0.2,6,1.9248237658660243,10000
10,rosenbrock,decay-p,6,10.160692064021427,10000
10,rosenbrock,history-BJS low,6,7.961640381903524,10000
10,rosenbrock,ML-BJS reuse,6,7.102742323694834,9997
10,rosenbrock,ML-BJS probe/4,6,11.99635674073762,9997
10,rosenbrock,ML-BJS train1,6,11.467246631709243,10000
10,rosenbrock,ML-BJS train2,6,9.72839527540905,10000
10,rosenbrock,ML-BJS train3,6,13.005318471254867,10000
10,rosenbrock,ML-BJS train4,6,9.34671115157782,10000
10,rosenbrock,ML-BJS disjoint,6,10.15616940340717,10000
10,rosenbrock,L3 matched+refine,6,10.11711416069696,10000
10,rosenbrock,B+ p=0.2,6,8.025543899330819,30000
10,rosenbrock,B+ ML-BJS,6,10.376355718342698,29998
10,rosenbrock,B+ ML-BJS free-probe,6,77.1176761078244,30000
10,rosenbrock,B+ history-BJS,6,10.022277368795544,30000
10,rosenbrock,B+ 1/5-rule,6,0.0456239705993242,30000
10,rosenbrock,p=0.3,7,7.140462228911266,10000
10,rosenbrock,p=0.4,7,7.35172885179975,10000
10,rosenbrock,"p=0.0,sigma=0.003",7,9.592610482753189,10000
10,rosenbrock,"p=0.0,sigma=0.01",7,4.168254462622598,10000
10,rosenbrock,"p=0.0,sigma=0.03",7,6.139136294210763,10000
10,rosenbrock,"p=0.0,sigma=0.3",7,16.172069788369832,10000
10,rosenbrock,"p=0.0,sigma=1.0",7,104.40871056945755,10000
10,rosenbrock,1/5sigma+p=0.2,7,70.20754925563533,10000
10,rosenbrock,decay-p,7,6.460295249659072,10000
10,rosenbrock,history-BJS low,7,6.985337350094736,10000
10,rosenbrock,ML-BJS reuse,7,7.66596692972988,9994
10,rosenbrock,ML-BJS probe/4,7,10.282417004752757,9997
10,rosenbrock,ML-BJS train1,7,11.374347937811516,10000
10,rosenbrock,ML-BJS train2,7,10.534741975133896,10000
10,rosenbrock,ML-BJS train3,7,11.973798442776125,10000
10,rosenbrock,ML-BJS train4,7,11.121240011897488,10000
10,rosenbrock,ML-BJS disjoint,7,10.61071248513392,10000
10,rosenbrock,L3 matched+refine,7,7.278252306063426,10000
10,rosenbrock,B+ p=0.2,7,7.670053746706908,30000
10,rosenbrock,B+ ML-BJS,7,10.442411654547573,29998
10,rosenbrock,B+ ML-BJS free-probe,7,7.199089483657419,30000
10,rosenbrock,B+ history-BJS,7,79.90479478033612,30000
10,rosenbrock,B+ 1/5-rule,7,0.12746522653897155,30000
10,rosenbrock,p=0.3,8,8.29887989074757,10000
10,rosenbrock,p=0.4,8,7.664121740495336,10000
10,rosenbrock,"p=0.0,sigma=0.003",8,4.977791526070345,10000
10,rosenbrock,"p=0.0,sigma=0.01",8,3.7931950161140047,10000
10,rosenbrock,"p=0.0,sigma=0.03",8,6.619362448066324,10000
10,rosenbrock,"p=0.0,sigma=0.3",8,17.062190759166967,10000
10,rosenbrock,"p=0.0,sigma=1.0",8,81.63965838096769,10000
10,rosenbrock,1/5sigma+p=0.2,8,7.781888555386289,10000
10,rosenbrock,decay-p,8,10.068733646121242,10000
10,rosenbrock,history-BJS low,8,8.074538102257117,10000
10,rosenbrock,ML-BJS reuse,8,8.527886555637227,9993
10,rosenbrock,ML-BJS probe/4,8,10.625346845961793,9997
10,rosenbrock,ML-BJS train1,8,103.96225087390413,10000
10,rosenbrock,ML-BJS train2,8,11.214972856668286,10000
10,rosenbrock,ML-BJS train3,8,101.95838692174073,10000
10,rosenbrock,ML-BJS train4,8,8.64911123572292,10000
10,rosenbrock,ML-BJS disjoint,8,9.02449476435183,10000
10,rosenbrock,L3 matched+refine,8,7.475246356828431,10000
10,rosenbrock,B+ p=0.2,8,5.449553235486638,30000
10,rosenbrock,B+ ML-BJS,8,11.263816545197992,29998
10,rosenbrock,B+ ML-BJS free-probe,8,74.06587968690211,30000
10,rosenbrock,B+ history-BJS,8,10.4209716827609,30000
10,rosenbrock,B+ 1/5-rule,8,0.09691519849505233,30000
10,rosenbrock,p=0.3,9,8.247131416639132,10000
10,rosenbrock,p=0.4,9,9.284084969797142,10000
10,rosenbrock,"p=0.0,sigma=0.003",9,3.3471417701887023,10000
10,rosenbrock,"p=0.0,sigma=0.01",9,3.4794561243544218,10000
10,rosenbrock,"p=0.0,sigma=0.03",9,68.13987789524236,10000
10,rosenbrock,"p=0.0,sigma=0.3",9,13.80066995491215,10000
10,rosenbrock,"p=0.0,sigma=1.0",9,258.25835941390665,10000
10,rosenbrock,1/5sigma+p=0.2,9,2.225943760752753,10000
10,rosenbrock,decay-p,9,71.10452283014945,10000
10,rosenbrock,history-BJS low,9,3.634463523725226,10000
10,rosenbrock,ML-BJS reuse,9,10.448446032016989,9995
10,rosenbrock,ML-BJS probe/4,9,10.934336118137475,9997
10,rosenbrock,ML-BJS train1,9,25.85575428016459,10000
10,rosenbrock,ML-BJS train2,9,10.905823994411035,10000
10,rosenbrock,ML-BJS train3,9,10.26187945088045,10000
10,rosenbrock,ML-BJS train4,9,9.53420411176202,10000
10,rosenbrock,ML-BJS disjoint,9,9.142096380396698,10000
10,rosenbrock,L3 matched+refine,9,6.006411846132864,10000
10,rosenbrock,B+ p=0.2,9,3.43349084277633,30000
10,rosenbrock,B+ ML-BJS,9,11.280758518440503,29998
10,rosenbrock,B+ ML-BJS free-probe,9,10.04309673250744,30000
10,rosenbrock,B+ history-BJS,9,9.872824879269785,30000
10,rosenbrock,B+ 1/5-rule,9,0.05012883873676518,30000
10,rosenbrock,p=0.3,10,2.515512641449747,10000
10,rosenbrock,p=0.4,10,86.60862391991411,10000
10,rosenbrock,"p=0.0,sigma=0.003",10,134.0377644697309,10000
10,rosenbrock,"p=0.0,sigma=0.01",10,3.8487443931785776,10000
10,rosenbrock,"p=0.0,sigma=0.03",10,7.882375430955678,10000
10,rosenbrock,"p=0.0,sigma=0.3",10,14.521199171774487,10000
10,rosenbrock,"p=0.0,sigma=1.0",10,91.69070556036439,10000
10,rosenbrock,1/5sigma+p=0.2,10,6.253148413431273,10000
10,rosenbrock,decay-p,10,7.20427235825856,10000
10,rosenbrock,history-BJS low,10,6.1711958579307264,10000
10,rosenbrock,ML-BJS reuse,10,8.921963248048657,9992
10,rosenbrock,ML-BJS probe/4,10,77.06771789379697,9997
10,rosenbrock,ML-BJS train1,10,10.116220053624357,10000
10,rosenbrock,ML-BJS train2,10,12.61469566758608,10000
10,rosenbrock,ML-BJS train3,10,13.814832897493746,10000
10,rosenbrock,ML-BJS train4,10,11.904148072426494,10000
10,rosenbrock,ML-BJS disjoint,10,115.5023562975295,10000
10,rosenbrock,L3 matched+refine,10,8.194934743814779,10000
10,rosenbrock,B+ p=0.2,10,7.161161500188475,30000
10,rosenbrock,B+ ML-BJS,10,6.849111251746876,29998
10,rosenbrock,B+ ML-BJS free-probe,10,3.823102518941232,30000
10,rosenbrock,B+ history-BJS,10,7.661623676382587,30000
10,rosenbrock,B+ 1/5-rule,10,4.049075583583922,30000
10,rosenbrock,p=0.3,11,10.127413465802682,10000
10,rosenbrock,p=0.4,11,7.127685648886697,10000
10,rosenbrock,"p=0.0,sigma=0.003",11,88.15844234902768,10000
10,rosenbrock,"p=0.0,sigma=0.01",11,3.2904223847505176,10000
10,rosenbrock,"p=0.0,sigma=0.03",11,6.598582618489298,10000
10,rosenbrock,"p=0.0,sigma=0.3",11,17.837776741998393,10000
10,rosenbrock,"p=0.0,sigma=1.0",11,48.77159088528554,10000
10,rosenbrock,1/5sigma+p=0.2,11,1.8196877778042562,10000
10,rosenbrock,decay-p,11,10.28770034913496,10000
10,rosenbrock,history-BJS low,11,10.235272157461402,10000
10,rosenbrock,ML-BJS reuse,11,9.202054278024207,9999
10,rosenbrock,ML-BJS probe/4,11,9.315789036953564,9997
10,rosenbrock,ML-BJS train1,11,82.75171600716241,10000
10,rosenbrock,ML-BJS train2,11,11.129771370201627,10000
10,rosenbrock,ML-BJS train3,11,75.64818159360841,10000
10,rosenbrock,ML-BJS train4,11,7.484695086127861,10000
10,rosenbrock,ML-BJS disjoint,11,12.502270176467198,10000
10,rosenbrock,L3 matched+refine,11,8.126998157306359,10000
10,rosenbrock,B+ p=0.2,11,8.82197317793436,30000
10,rosenbrock,B+ ML-BJS,11,9.024359489041242,29998
10,rosenbrock,B+ ML-BJS free-probe,11,7.618515166158543,30000
10,rosenbrock,B+ history-BJS,11,5.567363970207537,30000
10,rosenbrock,B+ 1/5-rule,11,0.08934574988015251,30000
10,rosenbrock,p=0.3,12,7.480983694887276,10000
10,rosenbrock,p=0.4,12,9.80273567993272,10000
10,rosenbrock,"p=0.0,sigma=0.003",12,6.923962026306336,10000
10,rosenbrock,"p=0.0,sigma=0.01",12,6.820101032618924,10000
10,rosenbrock,"p=0.0,sigma=0.03",12,9.66306177431819,10000
10,rosenbrock,"p=0.0,sigma=0.3",12,41.65436241452159,10000
10,rosenbrock,"p=0.0,sigma=1.0",12,75.95639375856969,10000
10,rosenbrock,1/5sigma+p=0.2,12,4.718818594096913,10000
10,rosenbrock,decay-p,12,73.78410948017662,10000
10,rosenbrock,history-BJS low,12,10.120930518389377,10000
10,rosenbrock,ML-BJS reuse,12,9.548512735414205,9997
10,rosenbrock,ML-BJS probe/4,12,89.4391503679704,9997
10,rosenbrock,ML-BJS train1,12,11.306060920527276,10000
10,rosenbrock,ML-BJS train2,12,13.021425969972992,10000
10,rosenbrock,ML-BJS train3,12,7.456773862720546,10000
10,rosenbrock,ML-BJS train4,12,20.198095658564817,10000
10,rosenbrock,ML-BJS disjoint,12,180.73753174904323,10000
10,rosenbrock,L3 matched+refine,12,7.263149371315857,10000
10,rosenbrock,B+ p=0.2,12,8.694600147849819,30000
10,rosenbrock,B+ ML-BJS,12,141.69170147180296,29998
10,rosenbrock,B+ ML-BJS free-probe,12,8.445161518101457,30000
10,rosenbrock,B+ history-BJS,12,8.541162198986955,30000
10,rosenbrock,B+ 1/5-rule,12,4.034764734018702,30000
10,rosenbrock,p=0.3,13,7.46057194757487,10000
10,rosenbrock,p=0.4,13,6.212029877697438,10000
10,rosenbrock,"p=0.0,sigma=0.003",13,8.130513850387098,10000
10,rosenbrock,"p=0.0,sigma=0.01",13,2.6794881885805726,10000
10,rosenbrock,"p=0.0,sigma=0.03",13,6.266051534061662,10000
10,rosenbrock,"p=0.0,sigma=0.3",13,14.496167870448087,10000
10,rosenbrock,"p=0.0,sigma=1.0",13,109.06133657763434,10000
10,rosenbrock,1/5sigma+p=0.2,13,1.9865545443883104,10000
10,rosenbrock,decay-p,13,2.932404018017502,10000
10,rosenbrock,history-BJS low,13,10.444212635278998,10000
10,rosenbrock,ML-BJS reuse,13,7.1889796512512145,9999
10,rosenbrock,ML-BJS probe/4,13,10.798269397462997,9997
10,rosenbrock,ML-BJS train1,13,48.67546555624673,10000
10,rosenbrock,ML-BJS train2,13,118.46135009505764,10000
10,rosenbrock,ML-BJS train3,13,12.266815609757456,10000
10,rosenbrock,ML-BJS train4,13,11.142624482597041,10000
10,rosenbrock,ML-BJS disjoint,13,68.36071623215376,10000
10,rosenbrock,L3 matched+refine,13,8.887251513714494,10000
10,rosenbrock,B+ p=0.2,13,100.79057976957394,30000
10,rosenbrock,B+ ML-BJS,13,9.262364018368675,29998
10,rosenbrock,B+ ML-BJS free-probe,13,8.187776259905998,30000
10,rosenbrock,B+ history-BJS,13,4.336264981277596,30000
10,rosenbrock,B+ 1/5-rule,13,0.06360321226685461,30000
10,rosenbrock,p=0.3,14,80.14628664522655,10000
10,rosenbrock,p=0.4,14,8.501293622970513,10000
10,rosenbrock,"p=0.0,sigma=0.003",14,127.74294454246434,10000
10,rosenbrock,"p=0.0,sigma=0.01",14,2.5428823982526807,10000
10,rosenbrock,"p=0.0,sigma=0.03",14,6.876948363882516,10000
10,rosenbrock,"p=0.0,sigma=0.3",14,17.585729192483022,10000
10,rosenbrock,"p=0.0,sigma=1.0",14,146.95887362758697,10000
10,rosenbrock,1/5sigma+p=0.2,14,1.7991051544678598,10000
10,rosenbrock,decay-p,14,6.535256643247746,10000
10,rosenbrock,history-BJS low,14,5.79899476332991,10000
10,rosenbrock,ML-BJS reuse,14,9.270273567667996,9999
10,rosenbrock,ML-BJS probe/4,14,7.6482380037935656,9997
10,rosenbrock,ML-BJS train1,14,62.65585945907949,10000
10,rosenbrock,ML-BJS train2,14,22.057286810249707,10000
10,rosenbrock,ML-BJS train3,14,11.76046245953645,10000
10,rosenbrock,ML-BJS train4,14,12.119066141708979,10000
10,rosenbrock,ML-BJS disjoint,14,80.61156200415918,10000
10,rosenbrock,L3 matched+refine,14,8.642764455796595,10000
10,rosenbrock,B+ p=0.2,14,97.30009739405978,30000
10,rosenbrock,B+ ML-BJS,14,8.986357436672378,29998
10,rosenbrock,B+ ML-BJS free-probe,14,9.337518783380528,30000
10,rosenbrock,B+ history-BJS,14,7.145023430425253,30000
10,rosenbrock,B+ 1/5-rule,14,0.06304522574339505,30000
10,rosenbrock,p=0.3,15,10.425868305203482,10000
10,rosenbrock,p=0.4,15,9.150500868239739,10000
10,rosenbrock,"p=0.0,sigma=0.003",15,4.430859713068218,10000
10,rosenbrock,"p=0.0,sigma=0.01",15,4.82169102708275,10000
10,rosenbrock,"p=0.0,sigma=0.03",15,6.694815493801691,10000
10,rosenbrock,"p=0.0,sigma=0.3",15,12.893853352226614,10000
10,rosenbrock,"p=0.0,sigma=1.0",15,58.73325494696503,10000
10,rosenbrock,1/5sigma+p=0.2,15,1.6942832402050643,10000
10,rosenbrock,decay-p,15,8.085909272510547,10000
10,rosenbrock,history-BJS low,15,5.464086801772403,10000
10,rosenbrock,ML-BJS reuse,15,10.231845381379111,9995
10,rosenbrock,ML-BJS probe/4,15,9.370625626696693,9997
10,rosenbrock,ML-BJS train1,15,8.713610764887619,10000
10,rosenbrock,ML-BJS train2,15,11.588466238080604,10000
10,rosenbrock,ML-BJS train3,15,8.77532486134852,10000
10,rosenbrock,ML-BJS train4,15,13.7997893455843,10000
10,rosenbrock,ML-BJS disjoint,15,12.096157056149341,10000
10,rosenbrock,L3 matched+refine,15,8.130402473490172,10000
10,rosenbrock,B+ p=0.2,15,8.754700833570174,30000
10,rosenbrock,B+ ML-BJS,15,8.249834664328128,29998
10,rosenbrock,B+ ML-BJS free-probe,15,8.916876726211406,30000
10,rosenbrock,B+ history-BJS,15,7.115738861266477,30000
10,rosenbrock,B+ 1/5-rule,15,0.045348766044479634,30000
10,rosenbrock,p=0.3,16,9.239493116685557,10000
10,rosenbrock,p=0.4,16,8.814175899047992,10000
10,rosenbrock,"p=0.0,sigma=0.003",16,6.024285784274052,10000
10,rosenbrock,"p=0.0,sigma=0.01",16,3.235748495367868,10000
10,rosenbrock,"p=0.0,sigma=0.03",16,9.00533577962534,10000
10,rosenbrock,"p=0.0,sigma=0.3",16,15.537427907914143,10000
10,rosenbrock,"p=0.0,sigma=1.0",16,31.34843483638881,10000
10,rosenbrock,1/5sigma+p=0.2,16,1.9887484735551852,10000
10,rosenbrock,decay-p,16,9.809528783120928,10000
10,rosenbrock,history-BJS low,16,4.991558880466137,10000
10,rosenbrock,ML-BJS reuse,16,9.208347160329652,9994
10,rosenbrock,ML-BJS probe/4,16,10.531742757503032,9997
10,rosenbrock,ML-BJS train1,16,14.140673187533402,10000
10,rosenbrock,ML-BJS train2,16,12.985597675841797,10000
10,rosenbrock,ML-BJS train3,16,12.925119636799025,10000
10,rosenbrock,ML-BJS train4,16,10.612983985038678,10000
10,rosenbrock,ML-BJS disjoint,16,10.780350497493181,10000
10,rosenbrock,L3 matched+refine,16,4.368169261052215,10000
10,rosenbrock,B+ p=0.2,16,7.882674536723197,30000
10,rosenbrock,B+ ML-BJS,16,11.136002900659037,29998
10,rosenbrock,B+ ML-BJS free-probe,16,7.614251183150231,30000
10,rosenbrock,B+ history-BJS,16,7.776311869941918,30000
10,rosenbrock,B+ 1/5-rule,16,4.036582337098875,30000
10,rosenbrock,p=0.3,17,10.241364396256104,10000
10,rosenbrock,p=0.4,17,5.8358692263047525,10000
10,rosenbrock,"p=0.0,sigma=0.003",17,6.95302874516813,10000
10,rosenbrock,"p=0.0,sigma=0.01",17,3.354995087325747,10000
10,rosenbrock,"p=0.0,sigma=0.03",17,6.794065535866219,10000
10,rosenbrock,"p=0.0,sigma=0.3",17,14.627288241906761,10000
10,rosenbrock,"p=0.0,sigma=1.0",17,87.6503417415339,10000
10,rosenbrock,1/5sigma+p=0.2,17,4.808633549369732,10000
10,rosenbrock,decay-p,17,7.507505362499944,10000
10,rosenbrock,history-BJS low,17,8.396416580262336,10000
10,rosenbrock,ML-BJS reuse,17,9.621746489278017,9992
10,rosenbrock,ML-BJS probe/4,17,10.815916582556298,9997
10,rosenbrock,ML-BJS train1,17,15.880449769665592,10000
10,rosenbrock,ML-BJS train2,17,10.52102892935071,10000
10,rosenbrock,ML-BJS train3,17,12.25302018908792,10000
10,rosenbrock,ML-BJS train4,17,82.98883301756925,10000
10,rosenbrock,ML-BJS disjoint,17,83.25682644222825,10000
10,rosenbrock,L3 matched+refine,17,9.98926786209131,10000
10,rosenbrock,B+ p=0.2,17,7.099694032639336,30000
10,rosenbrock,B+ ML-BJS,17,71.79169762780143,29998
10,rosenbrock,B+ ML-BJS free-probe,17,8.908957750162905,30000
10,rosenbrock,B+ history-BJS,17,7.044382162276539,30000
10,rosenbrock,B+ 1/5-rule,17,4.056047943089214,30000
10,rosenbrock,p=0.3,18,10.39704421113748,10000
10,rosenbrock,p=0.4,18,10.726670430529143,10000
10,rosenbrock,"p=0.0,sigma=0.003",18,32.48984398103023,10000
10,rosenbrock,"p=0.0,sigma=0.01",18,6.921361275287311,10000
10,rosenbrock,"p=0.0,sigma=0.03",18,5.37781117328538,10000
10,rosenbrock,"p=0.0,sigma=0.3",18,37.35722758042667,10000
10,rosenbrock,"p=0.0,sigma=1.0",18,104.86575845418113,10000
10,rosenbrock,1/5sigma+p=0.2,18,5.393501106104829,10000
10,rosenbrock,decay-p,18,8.329265299843831,10000
10,rosenbrock,history-BJS low,18,10.154370280393819,10000
10,rosenbrock,ML-BJS reuse,18,9.14241513008578,9992
10,rosenbrock,ML-BJS probe/4,18,9.784738566107588,9997
10,rosenbrock,ML-BJS train1,18,12.195616694358328,10000
10,rosenbrock,ML-BJS train2,18,132.9984479488396,10000
10,rosenbrock,ML-BJS train3,18,10.179776190192538,10000
10,rosenbrock,ML-BJS train4,18,93.10921915350114,10000
10,rosenbrock,ML-BJS disjoint,18,9.49500000424763,10000
10,rosenbrock,L3 matched+refine,18,7.552487758466599,10000
10,rosenbrock,B+ p=0.2,18,3.256769985896133,30000
10,rosenbrock,B+ ML-BJS,18,8.951045328619688,29998
10,rosenbrock,B+ ML-BJS free-probe,18,9.128824952745617,30000
10,rosenbrock,B+ history-BJS,18,8.199919765567579,30000
10,rosenbrock,B+ 1/5-rule,18,4.045584982450595,30000
10,rosenbrock,p=0.3,19,11.392605247182498,10000
10,rosenbrock,p=0.4,19,9.482595740884577,10000
10,rosenbrock,"p=0.0,sigma=0.003",19,88.27153982935835,10000
10,rosenbrock,"p=0.0,sigma=0.01",19,3.1425429184598057,10000
10,rosenbrock,"p=0.0,sigma=0.03",19,8.322802076727982,10000
10,rosenbrock,"p=0.0,sigma=0.3",19,18.974476275824358,10000
10,rosenbrock,"p=0.0,sigma=1.0",19,147.70417774014942,10000
10,rosenbrock,1/5sigma+p=0.2,19,5.045465593277972,10000
10,rosenbrock,decay-p,19,106.31478390687501,10000
10,rosenbrock,history-BJS low,19,3.9672635079869174,10000
10,rosenbrock,ML-BJS reuse,19,8.560540957458423,9999
10,rosenbrock,ML-BJS probe/4,19,8.69300980404414,9997
10,rosenbrock,ML-BJS train1,19,12.755296719669607,10000
10,rosenbrock,ML-BJS train2,19,11.050442884317794,10000
10,rosenbrock,ML-BJS train3,19,10.683933790667343,10000
10,rosenbrock,ML-BJS train4,19,11.798635525797629,10000
10,rosenbrock,ML-BJS disjoint,19,9.411028349004305,10000
10,rosenbrock,L3 matched+refine,19,6.317136727139481,10000
10,rosenbrock,B+ p=0.2,19,4.872332990278383,30000
10,rosenbrock,B+ ML-BJS,19,107.41739371425783,29998
10,rosenbrock,B+ ML-BJS free-probe,19,10.214621148129128,30000
10,rosenbrock,B+ history-BJS,19,7.3126455346769,30000
10,rosenbrock,B+ 1/5-rule,19,0.06526015215605263,30000
10,rosenbrock,p=0.3,20,10.166411300163665,10000
10,rosenbrock,p=0.4,20,145.2650943489137,10000
10,rosenbrock,"p=0.0,sigma=0.003",20,22.131762906763147,10000
10,rosenbrock,"p=0.0,sigma=0.01",20,2.724001349112787,10000
10,rosenbrock,"p=0.0,sigma=0.03",20,4.826612667093286,10000
10,rosenbrock,"p=0.0,sigma=0.3",20,19.2465511153402,10000
10,rosenbrock,"p=0.0,sigma=1.0",20,216.76543669015132,10000
10,rosenbrock,1/5sigma+p=0.2,20,1.4424545331294751,10000
10,rosenbrock,decay-p,20,7.543270407508495,10000
10,rosenbrock,history-BJS low,20,8.494891883333954,10000
10,rosenbrock,ML-BJS reuse,20,7.967113998909566,9998
10,rosenbrock,ML-BJS probe/4,20,150.44069446179793,9997
10,rosenbrock,ML-BJS train1,20,87.2838016473962,10000
10,rosenbrock,ML-BJS train2,20,115.20643913139158,10000
10,rosenbrock,ML-BJS train3,20,136.17469569881456,10000
10,rosenbrock,ML-BJS train4,20,93.84208332473777,10000
10,rosenbrock,ML-BJS disjoint,20,14.159137751064392,10000
10,rosenbrock,L3 matched+refine,20,8.132186924124511,10000
10,rosenbrock,B+ p=0.2,20,7.0497078415668755,30000
10,rosenbrock,B+ ML-BJS,20,89.7601378107132,29998
10,rosenbrock,B+ ML-BJS free-probe,20,7.787706965213051,30000
10,rosenbrock,B+ history-BJS,20,146.05114369812597,30000
10,rosenbrock,B+ 1/5-rule,20,0.06314874518878125,30000
10,rosenbrock,p=0.3,21,8.469388079497485,10000
10,rosenbrock,p=0.4,21,9.826245810653147,10000
10,rosenbrock,"p=0.0,sigma=0.003",21,13.813682988489274,10000
10,rosenbrock,"p=0.0,sigma=0.01",21,3.5020866960206174,10000
10,rosenbrock,"p=0.0,sigma=0.03",21,9.523252753614756,10000
10,rosenbrock,"p=0.0,sigma=0.3",21,15.733560187140183,10000
10,rosenbrock,"p=0.0,sigma=1.0",21,93.49317312078836,10000
10,rosenbrock,1/5sigma+p=0.2,21,0.9010311166670186,10000
10,rosenbrock,decay-p,21,7.755452234944209,10000
10,rosenbrock,history-BJS low,21,10.59174201998959,10000
10,rosenbrock,ML-BJS reuse,21,7.628693230912965,9992
10,rosenbrock,ML-BJS probe/4,21,11.024660813217345,9997
10,rosenbrock,ML-BJS train1,21,15.270061114243937,10000
10,rosenbrock,ML-BJS train2,21,12.118237068404001,10000
10,rosenbrock,ML-BJS train3,21,12.979906371236455,10000
10,rosenbrock,ML-BJS train4,21,10.776860187414192,10000
10,rosenbrock,ML-BJS disjoint,21,13.543259372857051,10000
10,rosenbrock,L3 matched+refine,21,7.435552070844953,10000
10,rosenbrock,B+ p=0.2,21,6.830092134890412,30000
10,rosenbrock,B+ ML-BJS,21,9.573612439560334,29998
10,rosenbrock,B+ ML-BJS free-probe,21,6.538991583957279,30000
10,rosenbrock,B+ history-BJS,21,9.064540550575442,30000
10,rosenbrock,B+ 1/5-rule,21,0.06921478983637402,30000
10,rosenbrock,p=0.3,22,6.240546709845827,10000
10,rosenbrock,p=0.4,22,7.770752816643,10000
10,rosenbrock,"p=0.0,sigma=0.003",22,7.158364533999172,10000
10,rosenbrock,"p=0.0,sigma=0.01",22,3.126807823075412,10000
10,rosenbrock,"p=0.0,sigma=0.03",22,5.74474825875238,10000
10,rosenbrock,"p=0.0,sigma=0.3",22,15.728766896995335,10000
10,rosenbrock,"p=0.0,sigma=1.0",22,114.24351740744976,10000
10,rosenbrock,1/5sigma+p=0.2,22,1.9061047835513096,10000
10,rosenbrock,decay-p,22,7.51841825653172,10000
10,rosenbrock,history-BJS low,22,10.011390672270702,10000
10,rosenbrock,ML-BJS reuse,22,9.77514507071035,9999
10,rosenbrock,ML-BJS probe/4,22,5.560476287020473,9997
10,rosenbrock,ML-BJS train1,22,107.22911921411071,10000
10,rosenbrock,ML-BJS train2,22,212.38044268976333,10000
10,rosenbrock,ML-BJS train3,22,11.636592047074851,10000
10,rosenbrock,ML-BJS train4,22,136.0804708813973,10000
10,rosenbrock,ML-BJS disjoint,22,18.324429049142218,10000
10,rosenbrock,L3 matched+refine,22,8.219528422242492,10000
10,rosenbrock,B+ p=0.2,22,7.283582604630267,30000
10,rosenbrock,B+ ML-BJS,22,97.8839412149742,29998
10,rosenbrock,B+ ML-BJS free-probe,22,7.59647553115705,30000
10,rosenbrock,B+ history-BJS,22,5.873557384718284,30000
10,rosenbrock,B+ 1/5-rule,22,0.06638065000729487,30000
10,rosenbrock,p=0.3,23,8.804169353543925,10000
10,rosenbrock,p=0.4,23,73.81001336691492,10000
10,rosenbrock,"p=0.0,sigma=0.003",23,8.145069801598616,10000
10,rosenbrock,"p=0.0,sigma=0.01",23,3.1443000569983526,10000
10,rosenbrock,"p=0.0,sigma=0.03",23,5.675253209234381,10000
10,rosenbrock,"p=0.0,sigma=0.3",23,14.99150126518004,10000
10,rosenbrock,"p=0.0,sigma=1.0",23,141.67207460585615,10000
10,rosenbrock,1/5sigma+p=0.2,23,1.8320796514517177,10000
10,rosenbrock,decay-p,23,9.502262840692293,10000
10,rosenbrock,history-BJS low,23,9.093493177259855,10000
10,rosenbrock,ML-BJS reuse,23,8.257034905129727,9998
10,rosenbrock,ML-BJS probe/4,23,10.54917353001775,9997
10,rosenbrock,ML-BJS train1,23,11.72624286482231,10000
10,rosenbrock,ML-BJS train2,23,23.00616334454579,10000
10,rosenbrock,ML-BJS train3,23,9.797536843466379,10000
10,rosenbrock,ML-BJS train4,23,21.358422743385525,10000
10,rosenbrock,ML-BJS disjoint,23,81.47873632073437,10000
10,rosenbrock,L3 matched+refine,23,6.969175479209318,10000
10,rosenbrock,B+ p=0.2,23,10.227883699462364,30000
10,rosenbrock,B+ ML-BJS,23,10.073238753188834,29998
10,rosenbrock,B+ ML-BJS free-probe,23,83.27038935915292,30000
10,rosenbrock,B+ history-BJS,23,6.121456274360346,30000
10,rosenbrock,B+ 1/5-rule,23,4.5659335507913035,30000
10,rosenbrock,p=0.3,24,8.859181846950467,10000
10,rosenbrock,p=0.4,24,7.990706520825757,10000
10,rosenbrock,"p=0.0,sigma=0.003",24,100.50104349710882,10000
10,rosenbrock,"p=0.0,sigma=0.01",24,3.0538896291341873,10000
10,rosenbrock,"p=0.0,sigma=0.03",24,6.5713973928827984,10000
10,rosenbrock,"p=0.0,sigma=0.3",24,16.754830912448977,10000
10,rosenbrock,"p=0.0,sigma=1.0",24,109.76686061249382,10000
10,rosenbrock,1/5sigma+p=0.2,24,5.596244820682359,10000
10,rosenbrock,decay-p,24,2.333425676948246,10000
10,rosenbrock,history-BJS low,24,8.242716121649352,10000
10,rosenbrock,ML-BJS reuse,24,10.212530252732584,9998
10,rosenbrock,ML-BJS probe/4,24,10.937439542665102,9997
10,rosenbrock,ML-BJS train1,24,11.569305243751133,10000
10,rosenbrock,ML-BJS train2,24,11.535047916185176,10000
10,rosenbrock,ML-BJS train3,24,12.81258281344336,10000
10,rosenbrock,ML-BJS train4,24,11.982968752748647,10000
10,rosenbrock,ML-BJS disjoint,24,12.404513695623546,10000
10,rosenbrock,L3 matched+refine,24,80.20405120285434,10000
10,rosenbrock,B+ p=0.2,24,8.582040947265375,30000
10,rosenbrock,B+ ML-BJS,24,8.199071077018766,29998
10,rosenbrock,B+ ML-BJS free-probe,24,10.359080899269246,30000
10,rosenbrock,B+ history-BJS,24,9.855387687195368,30000
10,rosenbrock,B+ 1/5-rule,24,0.05410625565361442,30000
10,rosenbrock,p=0.3,25,8.516312689289858,10000
10,rosenbrock,p=0.4,25,7.468516853062521,10000
10,rosenbrock,"p=0.0,sigma=0.003",25,7.360091223788066,10000
10,rosenbrock,"p=0.0,sigma=0.01",25,3.3452888026153467,10000
10,rosenbrock,"p=0.0,sigma=0.03",25,5.677018124004523,10000
10,rosenbrock,"p=0.0,sigma=0.3",25,17.920023671088465,10000
10,rosenbrock,"p=0.0,sigma=1.0",25,93.46862971455714,10000
10,rosenbrock,1/5sigma+p=0.2,25,1.7814130736845737,10000
10,rosenbrock,decay-p,25,3.050284190788923,10000
10,rosenbrock,history-BJS low,25,9.551252664213992,10000
10,rosenbrock,ML-BJS reuse,25,9.012587602951488,9995
10,rosenbrock,ML-BJS probe/4,25,9.625800613162822,9997
10,rosenbrock,ML-BJS train1,25,11.057626543075594,10000
10,rosenbrock,ML-BJS train2,25,183.90113887620615,10000
10,rosenbrock,ML-BJS train3,25,10.3144211030828,10000
10,rosenbrock,ML-BJS train4,25,10.755342349169844,10000
10,rosenbrock,ML-BJS disjoint,25,10.635587103243418,10000
10,rosenbrock,L3 matched+refine,25,10.548736687159224,10000
10,rosenbrock,B+ p=0.2,25,4.75063395611706,30000
10,rosenbrock,B+ ML-BJS,25,92.37550082464314,29998
10,rosenbrock,B+ ML-BJS free-probe,25,6.021483564495584,30000
10,rosenbrock,B+ history-BJS,25,8.919085615944802,30000
10,rosenbrock,B+ 1/5-rule,25,0.06373125411089625,30000
10,rosenbrock,p=0.3,26,8.627745465434769,10000
10,rosenbrock,p=0.4,26,9.032821326984514,10000
10,rosenbrock,"p=0.0,sigma=0.003",26,7.602558947003252,10000
10,rosenbrock,"p=0.0,sigma=0.01",26,2.582867565980491,10000
10,rosenbrock,"p=0.0,sigma=0.03",26,4.938386480736343,10000
10,rosenbrock,"p=0.0,sigma=0.3",26,15.362569536594052,10000
10,rosenbrock,"p=0.0,sigma=1.0",26,99.03359817629327,10000
10,rosenbrock,1/5sigma+p=0.2,26,1.8797983316862454,10000
10,rosenbrock,decay-p,26,9.053537524931933,10000
10,rosenbrock,history-BJS low,26,6.974343912522661,10000
10,rosenbrock,ML-BJS reuse,26,7.353534871549208,9999
10,rosenbrock,ML-BJS probe/4,26,8.915990640009834,9997
10,rosenbrock,ML-BJS train1,26,99.26909227874918,10000
10,rosenbrock,ML-BJS train2,26,12.908192794520879,10000
10,rosenbrock,ML-BJS train3,26,10.57454383880396,10000
10,rosenbrock,ML-BJS train4,26,14.765003396966799,10000
10,rosenbrock,ML-BJS disjoint,26,13.321065297448584,10000
10,rosenbrock,L3 matched+refine,26,8.928575513826942,10000
10,rosenbrock,B+ p=0.2,26,8.829024027177462,30000
10,rosenbrock,B+ ML-BJS,26,10.381641632783788,29998
10,rosenbrock,B+ ML-BJS free-probe,26,7.4792672805397915,30000
10,rosenbrock,B+ history-BJS,26,9.858796835114592,30000
10,rosenbrock,B+ 1/5-rule,26,0.06395979205711871,30000
10,rosenbrock,p=0.3,27,8.567117912068401,10000
10,rosenbrock,p=0.4,27,9.085844550555553,10000
10,rosenbrock,"p=0.0,sigma=0.003",27,18.141859563365585,10000
10,rosenbrock,"p=0.0,sigma=0.01",27,3.326717262099667,10000
10,rosenbrock,"p=0.0,sigma=0.03",27,5.474713461545317,10000
10,rosenbrock,"p=0.0,sigma=0.3",27,11.23956072359004,10000
10,rosenbrock,"p=0.0,sigma=1.0",27,108.52555439164927,10000
10,rosenbrock,1/5sigma+p=0.2,27,2.3244792454734595,10000
10,rosenbrock,decay-p,27,5.637137557445725,10000
10,rosenbrock,history-BJS low,27,6.941315381041563,10000
10,rosenbrock,ML-BJS reuse,27,9.40448061809958,9998
10,rosenbrock,ML-BJS probe/4,27,9.301259324385086,9997
10,rosenbrock,ML-BJS train1,27,77.28673149484975,10000
10,rosenbrock,ML-BJS train2,27,12.977730954967237,10000
10,rosenbrock,ML-BJS train3,27,12.79162524819106,10000
10,rosenbrock,ML-BJS train4,27,10.805789165155318,10000
10,rosenbrock,ML-BJS disjoint,27,11.006390092837846,10000
10,rosenbrock,L3 matched+refine,27,7.307490513975577,10000
10,rosenbrock,B+ p=0.2,27,8.428480273133438,30000
10,rosenbrock,B+ ML-BJS,27,8.573689082938062,29998
10,rosenbrock,B+ ML-BJS free-probe,27,8.732139236149926,30000
10,rosenbrock,B+ history-BJS,27,7.04077413985112,30000
10,rosenbrock,B+ 1/5-rule,27,0.05262664345278384,30000
10,rosenbrock,p=0.3,28,8.432874041141218,10000
10,rosenbrock,p=0.4,28,10.775198546967326,10000
10,rosenbrock,"p=0.0,sigma=0.003",28,5.932493728846198,10000
10,rosenbrock,"p=0.0,sigma=0.01",28,2.66241912248415,10000
10,rosenbrock,"p=0.0,sigma=0.03",28,79.39568618149193,10000
10,rosenbrock,"p=0.0,sigma=0.3",28,15.444515444516451,10000
10,rosenbrock,"p=0.0,sigma=1.0",28,113.61757164867646,10000
10,rosenbrock,1/5sigma+p=0.2,28,1.5564659730903765,10000
10,rosenbrock,decay-p,28,4.008912470899177,10000
10,rosenbrock,history-BJS low,28,5.184559578322681,10000
10,rosenbrock,ML-BJS reuse,28,6.972256914472624,9996
10,rosenbrock,ML-BJS probe/4,28,7.974232605928469,9997
10,rosenbrock,ML-BJS train1,28,11.410841993496067,10000
10,rosenbrock,ML-BJS train2,28,83.50188118453184,10000
10,rosenbrock,ML-BJS train3,28,9.88784108975944,10000
10,rosenbrock,ML-BJS train4,28,97.67531093315054,10000
10,rosenbrock,ML-BJS disjoint,28,13.605003587623855,10000
10,rosenbrock,L3 matched+refine,28,7.968947647635116,10000
10,rosenbrock,B+ p=0.2,28,7.788886483241556,30000
10,rosenbrock,B+ ML-BJS,28,10.508315107936337,29998
10,rosenbrock,B+ ML-BJS free-probe,28,10.025595397909765,30000
10,rosenbrock,B+ history-BJS,28,7.999721999505334,30000
10,rosenbrock,B+ 1/5-rule,28,4.068030863993481,30000
10,rosenbrock,p=0.3,29,7.900427877380956,10000
10,rosenbrock,p=0.4,29,10.301052844537415,10000
10,rosenbrock,"p=0.0,sigma=0.003",29,7.732525495040483,10000
10,rosenbrock,"p=0.0,sigma=0.01",29,3.6321859171147293,10000
10,rosenbrock,"p=0.0,sigma=0.03",29,6.126026464160004,10000
10,rosenbrock,"p=0.0,sigma=0.3",29,80.52581115276394,10000
10,rosenbrock,"p=0.0,sigma=1.0",29,129.83817260487018,10000
10,rosenbrock,1/5sigma+p=0.2,29,1.853154792956786,10000
10,rosenbrock,decay-p,29,8.613700030833892,10000
10,rosenbrock,history-BJS low,29,76.08915914135285,10000
10,rosenbrock,ML-BJS reuse,29,9.8742132182191,10000
10,rosenbrock,ML-BJS probe/4,29,9.16703507382075,9997
10,rosenbrock,ML-BJS train1,29,9.017192347778316,10000
10,rosenbrock,ML-BJS train2,29,12.092656038038,10000
10,rosenbrock,ML-BJS train3,29,12.242837768839024,10000
10,rosenbrock,ML-BJS train4,29,11.547311297339036,10000
10,rosenbrock,ML-BJS disjoint,29,12.328728062263751,10000
10,rosenbrock,L3 matched+refine,29,4.36098499807895,10000
10,rosenbrock,B+ p=0.2,29,6.719887794249794,30000
10,rosenbrock,B+ ML-BJS,29,7.705064032584658,29998
10,rosenbrock,B+ ML-BJS free-probe,29,9.254398468585398,30000
10,rosenbrock,B+ history-BJS,29,8.2846664294202,30000
10,rosenbrock,B+ 1/5-rule,29,4.054292929736353,30000
