D,function,method,seed,best,FEs
2,sphere,p=0.3,0,3.207111302535181e-05,2000
2,sphere,p=0.4,0,4.352799548398426e-06,2000
2,sphere,"p=0.0,sigma=0.003",0,0.08225893338372493,2000
2,sphere,"p=0.0,sigma=0.01",0,1.2486670482636565e-08,2000
2,sphere,"p=0.0,sigma=0.03",0,1.5564960513267445e-06,2000
2,sphere,"p=0.0,sigma=0.3",0,0.0002065739544973703,2000
2,sphere,"p=0.0,sigma=1.0",0,3.385290750706919e-05,2000
2,sphere,1/5sigma+p=0.2,0,1.0869054974627363e-27,2000
2,sphere,decay-p,0,1.8592203098766464e-05,2000
2,sphere,history-BJS low,0,1.9606240432464447e-06,2000
2,sphere,ML-BJS reuse,0,3.4789764288097187e-06,1992
2,sphere,ML-BJS probe/4,0,0.00042290236798777205,1993
2,sphere,ML-BJS train1,0,0.0003360047694708364,1999
2,sphere,ML-BJS train2,0,0.0002829176263188053,1999
2,sphere,ML-BJS train3,0,0.0004359733789712809,1999
2,sphere,ML-BJS train4,0,0.00020744844675714844,1999
2,sphere,ML-BJS disjoint,0,4.292345080587024e-05,1999
2,sphere,L3 matched+refine,0,3.357511503553006e-05,2000
2,sphere,L3 full+refine,0,9.885198700020897e-05,2000
2,sphere,B+ p=0.2,0,1.5883786386718717e-06,10000
2,sphere,B+ ML-BJS,0,2.1580018353446594e-05,10000
2,sphere,B+ ML-BJS free-probe,0,4.812714417332861e-06,10000
2,sphere,B+ history-BJS,0,2.5469065114438e-06,10000
2,sphere,B+ 1/5-rule,0,0.0,10000
2,sphere,p=0.3,1,6.075369341144301e-06,2000
2,sphere,p=0.4,1,2.531578282751485e-05,2000
2,sphere,"p=0.0,sigma=0.003",1,4.654952945975923,2000
2,sphere,"p=0.0,sigma=0.01",1,5.502304988861769e-08,2000
2,sphere,"p=0.0,sigma=0.03",1,2.1990302878676462e-06,2000
2,sphere,"p=0.0,sigma=0.3",1,3.591815316677982e-05,2000
2,sphere,"p=0.0,sigma=1.0",1,0.000366857600894584,2000
2,sphere,1/5sigma+p=0.2,1,5.868229192234199e-27,2000
2,sphere,decay-p,1,1.834770567436976e-06,2000
2,sphere,history-BJS low,1,8.750480738055012e-06,2000
2,sphere,ML-BJS reuse,1,1.0654338743787953e-05,1995
2,sphere,ML-BJS probe/4,1,1.126224387875549e-05,1993
2,sphere,ML-BJS train1,1,0.0003592588016157963,1999
2,sphere,ML-BJS train2,1,0.00027870987616101514,1999
2,sphere,ML-BJS train3,1,0.0005886943175194191,1999
2,sphere,ML-BJS train4,1,0.0006360547027272476,1999
2,sphere,ML-BJS disjoint,1,0.0007585179941675197,1999
2,sphere,L3 matched+refine,1,6.597687831374422e-07,2000
2,sphere,L3 full+refine,1,0.0001475830261273511,2000
2,sphere,B+ p=0.2,1,1.0824563498963855e-07,10000
2,sphere,B+ ML-BJS,1,8.011194881905362e-05,10000
2,sphere,B+ ML-BJS free-probe,1,1.2712601316768788e-05,10000
2,sphere,B+ history-BJS,1,7.323158470646151e-06,10000
2,sphere,B+ 1/5-rule,1,0.0,10000
2,sphere,p=0.3,2,1.136316537833024e-05,2000
2,sphere,p=0.4,2,1.434760327888661e-05,2000
2,sphere,"p=0.0,sigma=0.003",2,0.5900432392908759,2000
2,sphere,"p=0.0,sigma=0.01",2,6.63141169153256e-09,2000
2,sphere,"p=0.0,sigma=0.03",2,1.7233521973774142e-06,2000
2,sphere,"p=0.0,sigma=0.3",2,3.0694169411405376e-05,2000
2,sphere,"p=0.0,sigma=1.0",2,0.000801716188042407,2000
2,sphere,1/5sigma+p=0.2,2,1.0383874703037331e-26,2000
2,sphere,decay-p,2,9.673313341782506e-08,2000
2,sphere,history-BJS low,2,9.203745410615694e-06,2000
2,sphere,ML-BJS reuse,2,6.256183097992946e-06,2000
2,sphere,ML-BJS probe/4,2,0.00010756652087817229,1993
2,sphere,ML-BJS train1,2,0.0008010656515247349,1999
2,sphere,ML-BJS train2,2,2.3418874142122163e-05,1999
2,sphere,ML-BJS train3,2,0.00032245093510223274,1999
2,sphere,ML-BJS train4,2,0.00012751263305107866,1999
2,sphere,ML-BJS disjoint,2,2.8665208291755084e-05,1999
2,sphere,L3 matched+refine,2,0.00011365762765752112,2000
2,sphere,L3 full+refine,2,1.30394277737811e-05,2000
2,sphere,B+ p=0.2,2,4.1876390212624704e-06,10000
2,sphere,B+ ML-BJS,2,5.6238183904725066e-05,10000
2,sphere,B+ ML-BJS free-probe,2,1.2717481834911494e-05,10000
2,sphere,B+ history-BJS,2,7.248612157242528e-08,10000
2,sphere,B+ 1/5-rule,2,0.0,10000
2,sphere,p=0.3,3,2.154272319518804e-06,2000
2,sphere,p=0.4,3,2.9508691356170984e-05,2000
2,sphere,"p=0.0,sigma=0.003",3,2.9018742840775804,2000
2,sphere,"p=0.0,sigma=0.01",3,5.019876550605142e-07,2000
2,sphere,"p=0.0,sigma=0.03",3,1.9234263308283306e-06,2000
2,sphere,"p=0.0,sigma=0.3",3,9.316795797956513e-05,2000
2,sphere,"p=0.0,sigma=1.0",3,0.0020520425664166306,2000
2,sphere,1/5sigma+p=0.2,3,3.9793225547258855e-27,2000
2,sphere,decay-p,3,1.4255718064052524e-05,2000
2,sphere,history-BJS low,3,8.561200058164132e-06,2000
2,sphere,ML-BJS reuse,3,1.4781212527225197e-05,1996
2,sphere,ML-BJS probe/4,3,0.00010447615072703196,1993
2,sphere,ML-BJS train1,3,0.00042906067792526013,1999
2,sphere,ML-BJS train2,3,0.00047583545655696473,1999
2,sphere,ML-BJS train3,3,0.0011174009383888787,1999
2,sphere,ML-BJS train4,3,0.0007325878466989144,1999
2,sphere,ML-BJS disjoint,3,0.00016905640867282863,1999
2,sphere,L3 matched+refine,3,2.750959249625398e-05,2000
2,sphere,L3 full+refine,3,7.332987182445612e-05,2000
2,sphere,B+ p=0.2,3,4.287184930724569e-06,10000
2,sphere,B+ ML-BJS,3,7.766322129028122e-05,10000
2,sphere,B+ ML-BJS free-probe,3,2.6711168079437906e-06,10000
2,sphere,B+ history-BJS,3,8.376099505183348e-06,10000
2,sphere,B+ 1/5-rule,3,0.0,10000
2,sphere,p=0.3,4,1.817552673283821e-05,2000
2,sphere,p=0.4,4,4.226589425301648e-06,2000
2,sphere,"p=0.0,sigma=0.003",4,0.79790356604331,2000
2,sphere,"p=0.0,sigma=0.01",4,9.448651745422555e-08,2000
2,sphere,"p=0.0,sigma=0.03",4,7.196731934743855e-07,2000
2,sphere,"p=0.0,sigma=0.3",4,6.076575604794665e-05,2000
2,sphere,"p=0.0,sigma=1.0",4,0.00023382287474979204,2000
2,sphere,1/5sigma+p=0.2,4,1.908812279041522e-27,2000
2,sphere,decay-p,4,4.066024822059036e-07,2000
2,sphere,history-BJS low,4,2.783235779754236e-05,2000
2,sphere,ML-BJS reuse,4,1.6394615965512966e-06,2000
2,sphere,ML-BJS probe/4,4,0.0001128185023932599,1993
2,sphere,ML-BJS train1,4,0.0006402806041789772,1999
2,sphere,ML-BJS train2,4,0.00016522410838615688,1999
2,sphere,ML-BJS train3,4,0.00032785728106781716,1999
2,sphere,ML-BJS train4,4,0.00034409908583757777,1999
2,sphere,ML-BJS disjoint,4,0.0006497356828611983,1999
2,sphere,L3 matched+refine,4,4.5641828404873e-05,2000
2,sphere,L3 full+refine,4,0.0002709452850631415,2000
2,sphere,B+ p=0.2,4,1.3394947338264116e-06,10000
2,sphere,B+ ML-BJS,4,7.041659501039898e-05,10000
2,sphere,B+ ML-BJS free-probe,4,1.1075513042299292e-05,10000
2,sphere,B+ history-BJS,4,3.0154935753437074e-07,10000
2,sphere,B+ 1/5-rule,4,0.0,10000
2,sphere,p=0.3,5,3.5072011550612813e-06,2000
2,sphere,p=0.4,5,1.3307311626520978e-05,2000
2,sphere,"p=0.0,sigma=0.003",5,4.035897392086154,2000
2,sphere,"p=0.0,sigma=0.01",5,4.599726802653857e-08,2000
2,sphere,"p=0.0,sigma=0.03",5,1.4119156638075751e-06,2000
2,sphere,"p=0.0,sigma=0.3",5,0.00014581629098098415,2000
2,sphere,"p=0.0,sigma=1.0",5,0.002085737331924146,2000
2,sphere,1/5sigma+p=0.2,5,1.8718714019642194e-27,2000
2,sphere,decay-p,5,1.9884293516319446e-05,2000
2,sphere,history-BJS low,5,2.4020303110636126e-05,2000
2,sphere,ML-BJS reuse,5,3.994480269377008e-06,1996
2,sphere,ML-BJS probe/4,5,0.00041478148417024564,1993
2,sphere,ML-BJS train1,5,0.0001057482773369229,1999
2,sphere,ML-BJS train2,5,7.816296533122985e-06,1999
2,sphere,ML-BJS train3,5,0.0007163237388698882,1999
2,sphere,ML-BJS train4,5,0.00030851910139421875,1999
2,sphere,ML-BJS disjoint,5,2.5503091705553446e-05,1999
2,sphere,L3 matched+refine,5,3.837686242447519e-06,2000
2,sphere,L3 full+refine,5,8.261190845210651e-05,2000
2,sphere,B+ p=0.2,5,5.26836387514729e-06,10000
2,sphere,B+ ML-BJS,5,0.00014945257280753492,10000
2,sphere,B+ ML-BJS free-probe,5,7.899316734094378e-06,10000
2,sphere,B+ history-BJS,5,9.852837890192527e-07,10000
2,sphere,B+ 1/5-rule,5,0.0,10000
2,sphere,p=0.3,6,1.919766367967161e-05,2000
2,sphere,p=0.4,6,1.0375616558182913e-05,2000
2,sphere,"p=0.0,sigma=0.003",6,5.544052691989702,2000
2,sphere,"p=0.0,sigma=0.01",6,2.1947503402290678e-07,2000
2,sphere,"p=0.0,sigma=0.03",6,2.2850461987690282e-06,2000
2,sphere,"p=0.0,sigma=0.3",6,3.857468217404627e-06,2000
2,sphere,"p=0.0,sigma=1.0",6,0.0005813231451062237,2000
2,sphere,1/5sigma+p=0.2,6,5.505065827084831e-27,2000
2,sphere,decay-p,6,3.388550759101748e-05,2000
2,sphere,history-BJS low,6,9.224711623509103e-06,2000
2,sphere,ML-BJS reuse,6,5.586277278005665e-06,1992
2,sphere,ML-BJS probe/4,6,7.783270759670655e-05,1993
2,sphere,ML-BJS train1,6,0.0008059637804344429,1999
2,sphere,ML-BJS train2,6,0.00022947469879952307,1999
2,sphere,ML-BJS train3,6,0.0006588857919406608,1999
2,sphere,ML-BJS train4,6,2.528421928442805e-05,1999
2,sphere,ML-BJS disjoint,6,8.616743265398414e-05,1999
2,sphere,L3 matched+refine,6,1.8397613123601213e-05,2000
2,sphere,L3 full+refine,6,6.0506386166349636e-05,2000
2,sphere,B+ p=0.2,6,2.9083566220395107e-06,10000
2,sphere,B+ ML-BJS,6,8.287193970902185e-05,10000
2,sphere,B+ ML-BJS free-probe,6,4.732997554235952e-07,10000
2,sphere,B+ history-BJS,6,1.2586339169276168e-06,10000
2,sphere,B+ 1/5-rule,6,0.0,10000
2,sphere,p=0.3,7,2.264346078766153e-05,2000
2,sphere,p=0.4,7,2.0076603784633138e-07,2000
2,sphere,"p=0.0,sigma=0.003",7,4.601634641339824,2000
2,sphere,"p=0.0,sigma=0.01",7,3.419343726619175e-07,2000
2,sphere,"p=0.0,sigma=0.03",7,9.40278856265022e-09,2000
2,sphere,"p=0.0,sigma=0.3",7,9.535870493809958e-06,2000
2,sphere,"p=0.0,sigma=1.0",7,0.0002833020494910616,2000
2,sphere,1/5sigma+p=0.2,7,2.696327344417396e-27,2000
2,sphere,decay-p,7,1.5917028545633312e-05,2000
2,sphere,history-BJS low,7,1.4743616122337449e-05,2000
2,sphere,ML-BJS reuse,7,3.061978673758971e-07,1996
2,sphere,ML-BJS probe/4,7,3.817107072758104e-05,1993
2,sphere,ML-BJS train1,7,2.5470015250223696e-05,1999
2,sphere,ML-BJS train2,7,0.00045456663773800796,1999
2,sphere,ML-BJS train3,7,0.0002650522117390886,1999
2,sphere,ML-BJS train4,7,0.0001576206715952654,1999
2,sphere,ML-BJS disjoint,7,2.9730045433167165e-05,1999
2,sphere,L3 matched+refine,7,1.1924327597741079e-05,2000
2,sphere,L3 full+refine,7,0.0002530047495231103,2000
2,sphere,B+ p=0.2,7,1.1047854701421351e-06,10000
2,sphere,B+ ML-BJS,7,5.887081549580188e-05,10000
2,sphere,B+ ML-BJS free-probe,7,1.4310627164346846e-06,10000
2,sphere,B+ history-BJS,7,2.428594822861811e-06,10000
2,sphere,B+ 1/5-rule,7,0.0,10000
2,sphere,p=0.3,8,2.899780686498552e-06,2000
2,sphere,p=0.4,8,2.0715959568814953e-06,2000
2,sphere,"p=0.0,sigma=0.003",8,2.6749658309752484,2000
2,sphere,"p=0.0,sigma=0.01",8,9.451578118534712e-08,2000
2,sphere,"p=0.0,sigma=0.03",8,2.7386270576785968e-06,2000
2,sphere,"p=0.0,sigma=0.3",8,7.52720666221465e-05,2000
2,sphere,"p=0.0,sigma=1.0",8,0.0008647129993038108,2000
2,sphere,1/5sigma+p=0.2,8,1.247241476448907e-27,2000
2,sphere,decay-p,8,4.517690099797356e-07,2000
2,sphere,history-BJS low,8,4.610659616339803e-05,2000
2,sphere,ML-BJS reuse,8,2.1394864759747905e-05,1992
2,sphere,ML-BJS probe/4,8,7.639328121709132e-05,1993
2,sphere,ML-BJS train1,8,0.00029250188232834973,1999
2,sphere,ML-BJS train2,8,6.759228849406506e-05,1999
2,sphere,ML-BJS train3,8,0.0004880243089476776,1999
2,sphere,ML-BJS train4,8,0.0001222256558995899,1999
2,sphere,ML-BJS disjoint,8,0.0006096412226677889,1999
2,sphere,L3 matched+refine,8,6.654266371209708e-05,2000
2,sphere,L3 full+refine,8,2.2074103595983367e-05,2000
2,sphere,B+ p=0.2,8,5.7555206303401975e-08,10000
2,sphere,B+ ML-BJS,8,9.392811569431802e-05,10000
2,sphere,B+ ML-BJS free-probe,8,7.234360347290159e-07,10000
2,sphere,B+ history-BJS,8,5.705830835512449e-06,10000
2,sphere,B+ 1/5-rule,8,3.0814879110195774e-33,10000
2,sphere,p=0.3,9,2.7463657397374392e-05,2000
2,sphere,p=0.4,9,1.8986203664108706e-06,2000
2,sphere,"p=0.0,sigma=0.003",9,11.950816531400172,2000
2,sphere,"p=0.0,sigma=0.01",9,9.680184228323223e-08,2000
2,sphere,"p=0.0,sigma=0.03",9,3.2645782368198206e-06,2000
2,sphere,"p=0.0,sigma=0.3",9,2.806619878231422e-06,2000
2,sphere,"p=0.0,sigma=1.0",9,0.0016748967234296692,2000
2,sphere,1/5sigma+p=0.2,9,2.2232473054819598e-27,2000
2,sphere,decay-p,9,5.85637730202363e-06,2000
2,sphere,history-BJS low,9,3.989747985700203e-06,2000
2,sphere,ML-BJS reuse,9,8.708596607889407e-06,1992
2,sphere,ML-BJS probe/4,9,0.00023788207444346314,1993
2,sphere,ML-BJS train1,9,0.0005033432984357884,1999
2,sphere,ML-BJS train2,9,0.0002002211852505136,1999
2,sphere,ML-BJS train3,9,0.0007903713900721731,1999
2,sphere,ML-BJS train4,9,0.001794914669858046,1999
2,sphere,ML-BJS disjoint,9,0.00023412865922936733,1999
2,sphere,L3 matched+refine,9,3.601151512052933e-05,2000
2,sphere,L3 full+refine,9,2.822419561722122e-05,2000
2,sphere,B+ p=0.2,9,2.5013607813441997e-06,10000
2,sphere,B+ ML-BJS,9,0.0002736820232910025,10000
2,sphere,B+ ML-BJS free-probe,9,3.7892194708061634e-06,10000
2,sphere,B+ history-BJS,9,1.825230504273972e-07,10000
2,sphere,B+ 1/5-rule,9,0.0,10000
2,sphere,p=0.3,10,2.4244794234780523e-05,2000
2,sphere,p=0.4,10,4.480961315384176e-05,2000
2,sphere,"p=0.0,sigma=0.003",10,3.6667463766377866,2000
2,sphere,"p=0.0,sigma=0.01",10,4.81671423498017e-08,2000
2,sphere,"p=0.0,sigma=0.03",10,3.2286477613190106e-06,2000
2,sphere,"p=0.0,sigma=0.3",10,2.604657614641666e-05,2000
2,sphere,"p=0.0,sigma=1.0",10,0.00025776996346945226,2000
2,sphere,1/5sigma+p=0.2,10,1.4654323909644702e-27,2000
2,sphere,decay-p,10,6.755191830276154e-06,2000
2,sphere,history-BJS low,10,5.429579959342135e-05,2000
2,sphere,ML-BJS reuse,10,3.0128729923509212e-05,1999
2,sphere,ML-BJS probe/4,10,5.466032722262341e-05,1993
2,sphere,ML-BJS train1,10,7.034392142518837e-05,1999
2,sphere,ML-BJS train2,10,0.0004947543419494148,1999
2,sphere,ML-BJS train3,10,0.0004050940391585415,1999
2,sphere,ML-BJS train4,10,0.0003739095577846704,1999
2,sphere,ML-BJS disjoint,10,0.000368505617695428,1999
2,sphere,L3 matched+refine,10,1.8466093992689843e-06,2000
2,sphere,L3 full+refine,10,0.00017433883817405876,2000
2,sphere,B+ p=0.2,10,7.905985542881324e-07,10000
2,sphere,B+ ML-BJS,10,6.712501576856489e-05,10000
2,sphere,B+ ML-BJS free-probe,10,3.3652281963145162e-06,10000
2,sphere,B+ history-BJS,10,7.0301374227672656e-06,10000
2,sphere,B+ 1/5-rule,10,0.0,10000
2,sphere,p=0.3,11,2.9884387674716497e-06,2000
2,sphere,p=0.4,11,1.0994098297493402e-05,2000
2,sphere,"p=0.0,sigma=0.003",11,0.32174782241534916,2000
2,sphere,"p=0.0,sigma=0.01",11,6.251772202836541e-08,2000
2,sphere,"p=0.0,sigma=0.03",11,1.4880391339789943e-06,2000
2,sphere,"p=0.0,sigma=0.3",11,0.00011210577797704857,2000
2,sphere,"p=0.0,sigma=1.0",11,0.0003653627934172245,2000
2,sphere,1/5sigma+p=0.2,11,4.5592000313094606e-27,2000
2,sphere,decay-p,11,1.8056258562107354e-05,2000
2,sphere,history-BJS low,11,9.827137424227e-07,2000
2,sphere,ML-BJS reuse,11,1.9725238353693236e-05,1993
2,sphere,ML-BJS probe/4,11,0.0001325730545672446,1993
2,sphere,ML-BJS train1,11,0.0005731067668941046,1999
2,sphere,ML-BJS train2,11,6.514164126496315e-05,1999
2,sphere,ML-BJS train3,11,0.0006773088048136466,1999
2,sphere,ML-BJS train4,11,0.000706242413018917,1999
2,sphere,ML-BJS disjoint,11,0.00018855660277706566,1999
2,sphere,L3 matched+refine,11,1.6120470527747236e-05,2000
2,sphere,L3 full+refine,11,1.4138789566948067e-05,2000
2,sphere,B+ p=0.2,11,1.837023801385318e-07,10000
2,sphere,B+ ML-BJS,11,3.3944253002152376e-05,10000
2,sphere,B+ ML-BJS free-probe,11,4.883731496989194e-06,10000
2,sphere,B+ history-BJS,11,6.644086079253113e-06,10000
2,sphere,B+ 1/5-rule,11,0.0,10000
2,sphere,p=0.3,12,8.074391260197472e-06,2000
2,sphere,p=0.4,12,5.314718423351278e-07,2000
2,sphere,"p=0.0,sigma=0.003",12,15.996443266746626,2000
2,sphere,"p=0.0,sigma=0.01",12,2.726316784300881e-07,2000
2,sphere,"p=0.0,sigma=0.03",12,3.7139960527313377e-07,2000
2,sphere,"p=0.0,sigma=0.3",12,1.6299111481014173e-05,2000
2,sphere,"p=0.0,sigma=1.0",12,0.0005518113868775512,2000
2,sphere,1/5sigma+p=0.2,12,7.502444690920922e-28,2000
2,sphere,decay-p,12,2.66524447415938e-06,2000
2,sphere,history-BJS low,12,2.440980560289282e-05,2000
2,sphere,ML-BJS reuse,12,2.1777371629752194e-05,2000
2,sphere,ML-BJS probe/4,12,0.0002685409519756059,1993
2,sphere,ML-BJS train1,12,0.0009082596399060217,1999
2,sphere,ML-BJS train2,12,0.00036911950413799437,1999
2,sphere,ML-BJS train3,12,0.0001755219210306133,1999
2,sphere,ML-BJS train4,12,0.00029098021107649876,1999
2,sphere,ML-BJS disjoint,12,0.00046913791562273334,1999
2,sphere,L3 matched+refine,12,2.8449632428768465e-05,2000
2,sphere,L3 full+refine,12,4.89099771127377e-06,2000
2,sphere,B+ p=0.2,12,7.60284283396817e-07,10000
2,sphere,B+ ML-BJS,12,0.00011192753329643868,10000
2,sphere,B+ ML-BJS free-probe,12,2.424182969391725e-06,10000
2,sphere,B+ history-BJS,12,2.1697592924996394e-06,10000
2,sphere,B+ 1/5-rule,12,0.0,10000
2,sphere,p=0.3,13,2.50485949776946e-06,2000
2,sphere,p=0.4,13,5.244435084246508e-06,2000
2,sphere,"p=0.0,sigma=0.003",13,16.17252630324652,2000
2,sphere,"p=0.0,sigma=0.01",13,1.5464840385758552e-08,2000
2,sphere,"p=0.0,sigma=0.03",13,5.698870200315349e-08,2000
2,sphere,"p=0.0,sigma=0.3",13,1.2586504855261566e-05,2000
2,sphere,"p=0.0,sigma=1.0",13,0.0005682331071705567,2000
2,sphere,1/5sigma+p=0.2,13,1.0349855076499675e-27,2000
2,sphere,decay-p,13,2.2440653326852513e-05,2000
2,sphere,history-BJS low,13,1.2388231497057022e-05,2000
2,sphere,ML-BJS reuse,13,1.6698310701321078e-06,1993
2,sphere,ML-BJS probe/4,13,0.00015576190702800842,1993
2,sphere,ML-BJS train1,13,0.0003153955643166018,1999
2,sphere,ML-BJS train2,13,0.0003675206333747466,1999
2,sphere,ML-BJS train3,13,1.3243488541073266e-06,1999
2,sphere,ML-BJS train4,13,0.0007537089876625267,1999
2,sphere,ML-BJS disjoint,13,0.00013715808997471948,1999
2,sphere,L3 matched+refine,13,0.0001251585960377209,2000
2,sphere,L3 full+refine,13,2.4238547732332106e-05,2000
2,sphere,B+ p=0.2,13,4.5971789216628646e-07,10000
2,sphere,B+ ML-BJS,13,2.873069268962583e-05,10000
2,sphere,B+ ML-BJS free-probe,13,8.844606573444324e-06,10000
2,sphere,B+ history-BJS,13,1.2838516678683826e-05,10000
2,sphere,B+ 1/5-rule,13,0.0,10000
2,sphere,p=0.3,14,2.125893943218269e-05,2000
2,sphere,p=0.4,14,1.521965146062691e-05,2000
2,sphere,"p=0.0,sigma=0.003",14,11.07040469217845,2000
2,sphere,"p=0.0,sigma=0.01",14,1.9755131418422802e-07,2000
2,sphere,"p=0.0,sigma=0.03",14,6.932133068753343e-07,2000
2,sphere,"p=0.0,sigma=0.3",14,7.558934590212088e-06,2000
2,sphere,"p=0.0,sigma=1.0",14,0.0005832243159519686,2000
2,sphere,1/5sigma+p=0.2,14,1.4626590518445526e-27,2000
2,sphere,decay-p,14,1.3882884235872667e-05,2000
2,sphere,history-BJS low,14,2.6114415609574626e-05,2000
2,sphere,ML-BJS reuse,14,4.057734776804786e-07,1992
2,sphere,ML-BJS probe/4,14,0.00016381633221720948,1993
2,sphere,ML-BJS train1,14,0.0008184426893500938,1999
2,sphere,ML-BJS train2,14,4.695146648768472e-05,1999
2,sphere,ML-BJS train3,14,3.5238771359821384e-05,1999
2,sphere,ML-BJS train4,14,0.0014933296267416283,1999
2,sphere,ML-BJS disjoint,14,0.0004980893013507964,1999
2,sphere,L3 matched+refine,14,1.153143754658356e-05,2000
2,sphere,L3 full+refine,14,5.289833600856128e-06,2000
2,sphere,B+ p=0.2,14,7.404282186087805e-07,10000
2,sphere,B+ ML-BJS,14,1.642978957957211e-05,10000
2,sphere,B+ ML-BJS free-probe,14,2.123919671993798e-05,10000
2,sphere,B+ history-BJS,14,4.207200055039485e-06,10000
2,sphere,B+ 1/5-rule,14,0.0,10000
2,sphere,p=0.3,15,1.3779405510799488e-05,2000
2,sphere,p=0.4,15,5.067971295201209e-05,2000
2,sphere,"p=0.0,sigma=0.003",15,1.9502121859903259,2000
2,sphere,"p=0.0,sigma=0.01",15,7.182656074074841e-08,2000
2,sphere,"p=0.0,sigma=0.03",15,2.96913593864633e-07,2000
2,sphere,"p=0.0,sigma=0.3",15,0.0002280844626896612,2000
2,sphere,"p=0.0,sigma=1.0",15,0.0010946975105109906,2000
2,sphere,1/5sigma+p=0.2,15,1.473903401231863e-27,2000
2,sphere,decay-p,15,4.360904343315796e-07,2000
2,sphere,history-BJS low,15,5.354888764899729e-06,2000
2,sphere,ML-BJS reuse,15,2.7678880165771936e-06,1998
2,sphere,ML-BJS probe/4,15,1.3166079375727724e-05,1993
2,sphere,ML-BJS train1,15,0.00023187752854826312,1999
2,sphere,ML-BJS train2,15,0.0005031055830097488,1999
2,sphere,ML-BJS train3,15,0.0003144541702579499,1999
2,sphere,ML-BJS train4,15,0.0007726323430748564,1999
2,sphere,ML-BJS disjoint,15,6.37367574260518e-05,1999
2,sphere,L3 matched+refine,15,1.7238426513640968e-05,2000
2,sphere,L3 full+refine,15,0.00012390967809998232,2000
2,sphere,B+ p=0.2,15,5.942188674826239e-07,10000
2,sphere,B+ ML-BJS,15,7.730411834276898e-05,10000
2,sphere,B+ ML-BJS free-probe,15,4.421989898759553e-06,10000
2,sphere,B+ history-BJS,15,1.4956318260734227e-06,10000
2,sphere,B+ 1/5-rule,15,0.0,10000
2,sphere,p=0.3,16,9.295438597109615e-06,2000
2,sphere,p=0.4,16,5.331965463440514e-07,2000
2,sphere,"p=0.0,sigma=0.003",16,5.955403270483088,2000
2,sphere,"p=0.0,sigma=0.01",16,1.508903188265411e-07,2000
2,sphere,"p=0.0,sigma=0.03",16,2.2726089626361384e-06,2000
2,sphere,"p=0.0,sigma=0.3",16,3.7149705558045575e-05,2000
2,sphere,"p=0.0,sigma=1.0",16,0.0013268714226610861,2000
2,sphere,1/5sigma+p=0.2,16,4.659222047413245e-27,2000
2,sphere,decay-p,16,3.1465687647619835e-06,2000
2,sphere,history-BJS low,16,1.5115473985485362e-05,2000
2,sphere,ML-BJS reuse,16,3.166495475170977e-06,1997
2,sphere,ML-BJS probe/4,16,3.226830508417196e-05,1993
2,sphere,ML-BJS train1,16,1.0785389854789443e-05,1999
2,sphere,ML-BJS train2,16,0.00028571492440537387,1999
2,sphere,ML-BJS train3,16,0.0005864096080678159,1999
2,sphere,ML-BJS train4,16,2.340536988565407e-05,1999
2,sphere,ML-BJS disjoint,16,0.0001302366336643155,1999
2,sphere,L3 matched+refine,16,1.738021905806789e-06,2000
2,sphere,L3 full+refine,16,3.755325610758922e-05,2000
2,sphere,B+ p=0.2,16,7.25810122545156e-06,10000
2,sphere,B+ ML-BJS,16,8.43554971026747e-06,10000
2,sphere,B+ ML-BJS free-probe,16,3.682201655159109e-06,10000
2,sphere,B+ history-BJS,16,1.967336350621733e-06,10000
2,sphere,B+ 1/5-rule,16,0.0,10000
2,sphere,p=0.3,17,2.5390802201815933e-05,2000
2,sphere,p=0.4,17,1.0201540867350535e-05,2000
2,sphere,"p=0.0,sigma=0.003",17,16.756414850552037,2000
2,sphere,"p=0.0,sigma=0.01",17,1.0197448745251391e-07,2000
2,sphere,"p=0.0,sigma=0.03",17,4.0765312063638275e-08,2000
2,sphere,"p=0.0,sigma=0.3",17,4.13539337186246e-05,2000
2,sphere,"p=0.0,sigma=1.0",17,0.0013215977699451921,2000
2,sphere,1/5sigma+p=0.2,17,4.7636413467660545e-28,2000
2,sphere,decay-p,17,1.0146573549929072e-05,2000
2,sphere,history-BJS low,17,8.320352523897282e-06,2000
2,sphere,ML-BJS reuse,17,3.964405489318637e-06,1999
2,sphere,ML-BJS probe/4,17,8.195372801431046e-06,1993
2,sphere,ML-BJS train1,17,0.0016025464010044359,1999
2,sphere,ML-BJS train2,17,0.00017750580550910639,1999
2,sphere,ML-BJS train3,17,0.0004166638597671872,1999
2,sphere,ML-BJS train4,17,0.0005524607221985504,1999
2,sphere,ML-BJS disjoint,17,5.731771609251252e-05,1999
2,sphere,L3 matched+refine,17,5.619404208802772e-05,2000
2,sphere,L3 full+refine,17,4.7994225812117115e-05,2000
2,sphere,B+ p=0.2,17,1.4595079890045706e-06,10000
2,sphere,B+ ML-BJS,17,1.3020430068993402e-05,10000
2,sphere,B+ ML-BJS free-probe,17,1.0875684842147323e-05,10000
2,sphere,B+ history-BJS,17,4.652268900145197e-06,10000
2,sphere,B+ 1/5-rule,17,0.0,10000
2,sphere,p=0.3,18,5.499917825066665e-05,2000
2,sphere,p=0.4,18,3.545816356327269e-05,2000
2,sphere,"p=0.0,sigma=0.003",18,0.003758572304688677,2000
2,sphere,"p=0.0,sigma=0.01",18,1.619144095492889e-08,2000
2,sphere,"p=0.0,sigma=0.03",18,1.722038038277137e-06,2000
2,sphere,"p=0.0,sigma=0.3",18,1.216663813276349e-05,2000
2,sphere,"p=0.0,sigma=1.0",18,0.0036308543850096914,2000
2,sphere,1/5sigma+p=0.2,18,6.753635424823387e-28,2000
2,sphere,decay-p,18,5.308803107213403e-06,2000
2,sphere,history-BJS low,18,5.762554880542875e-06,2000
2,sphere,ML-BJS reuse,18,3.961640848596709e-06,1993
2,sphere,ML-BJS probe/4,18,0.0001319832083716026,1993
2,sphere,ML-BJS train1,18,0.0003137342360937631,1999
2,sphere,ML-BJS train2,18,0.00017271689390232773,1999
2,sphere,ML-BJS train3,18,7.997019804372441e-05,1999
2,sphere,ML-BJS train4,18,0.00027825199643635197,1999
2,sphere,ML-BJS disjoint,18,0.0005648376710608179,1999
2,sphere,L3 matched+refine,18,3.0846271009905776e-05,2000
2,sphere,L3 full+refine,18,0.0001697261164951908,2000
2,sphere,B+ p=0.2,18,1.0599708858351296e-06,10000
2,sphere,B+ ML-BJS,18,3.1762259640320673e-06,10000
2,sphere,B+ ML-BJS free-probe,18,1.7813851849817505e-05,10000
2,sphere,B+ history-BJS,18,3.5587188677382666e-06,10000
2,sphere,B+ 1/5-rule,18,0.0,10000
2,sphere,p=0.3,19,8.461748463783148e-06,2000
2,sphere,p=0.4,19,1.927287734246805e-05,2000
2,sphere,"p=0.0,sigma=0.003",19,2.69034284248884,2000
2,sphere,"p=0.0,sigma=0.01",19,6.45394489655345e-07,2000
2,sphere,"p=0.0,sigma=0.03",19,2.1676919166082605e-07,2000
2,sphere,"p=0.0,sigma=0.3",19,0.00033486605970398044,2000
2,sphere,"p=0.0,sigma=1.0",19,0.0003983498691084734,2000
2,sphere,1/5sigma+p=0.2,19,2.573658703283551e-29,2000
2,sphere,decay-p,19,2.574133205060662e-06,2000
2,sphere,history-BJS low,19,4.5071339750659565e-06,2000
2,sphere,ML-BJS reuse,19,3.854728256192432e-05,1993
2,sphere,ML-BJS probe/4,19,1.5532255865243747e-06,1993
2,sphere,ML-BJS train1,19,5.016750975709159e-05,1999
2,sphere,ML-BJS train2,19,0.0005011724347437178,1999
2,sphere,ML-BJS train3,19,0.00024451345481803335,1999
2,sphere,ML-BJS train4,19,0.0002811445395527601,1999
2,sphere,ML-BJS disjoint,19,7.510682937544882e-05,1999
2,sphere,L3 matched+refine,19,6.3603263904429924e-06,2000
2,sphere,L3 full+refine,19,2.6903389991675743e-05,2000
2,sphere,B+ p=0.2,19,1.5860559093873657e-06,10000
2,sphere,B+ ML-BJS,19,8.631658058671657e-06,10000
2,sphere,B+ ML-BJS free-probe,19,1.7842864769418808e-06,10000
2,sphere,B+ history-BJS,19,3.492496600139439e-06,10000
2,sphere,B+ 1/5-rule,19,0.0,10000
2,sphere,p=0.3,20,2.435481534644307e-06,2000
2,sphere,p=0.4,20,5.089325292863717e-07,2000
2,sphere,"p=0.0,sigma=0.003",20,3.116491683689785e-08,2000
2,sphere,"p=0.0,sigma=0.01",20,4.6184430099894835e-07,2000
2,sphere,"p=0.0,sigma=0.03",20,1.2310445863256595e-06,2000
2,sphere,"p=0.0,sigma=0.3",20,3.4233343236892286e-06,2000
2,sphere,"p=0.0,sigma=1.0",20,0.001174246175780678,2000
2,sphere,1/5sigma+p=0.2,20,8.660558751775454e-27,2000
2,sphere,decay-p,20,1.7260446212865348e-06,2000
2,sphere,history-BJS low,20,9.07293529626459e-06,2000
2,sphere,ML-BJS reuse,20,1.329089184518366e-05,1998
2,sphere,ML-BJS probe/4,20,0.00010748444119386115,1993
2,sphere,ML-BJS train1,20,0.00018597499620497874,1999
2,sphere,ML-BJS train2,20,9.729581487156737e-05,1999
2,sphere,ML-BJS train3,20,0.0004987852798525792,1999
2,sphere,ML-BJS train4,20,0.0005504815891489422,1999
2,sphere,ML-BJS disjoint,20,0.0006625001066181451,1999
2,sphere,L3 matched+refine,20,3.35590073144295e-05,2000
2,sphere,L3 full+refine,20,5.5255264236534724e-05,2000
2,sphere,B+ p=0.2,20,1.4636087626775578e-06,10000
2,sphere,B+ ML-BJS,20,2.15768048808103e-05,10000
2,sphere,B+ ML-BJS free-probe,20,3.053589097868148e-06,10000
2,sphere,B+ history-BJS,20,6.060484241301982e-06,10000
2,sphere,B+ 1/5-rule,20,0.0,10000
2,sphere,p=0.3,21,1.0994197525270561e-05,2000
2,sphere,p=0.4,21,4.21907638562015e-05,2000
2,sphere,"p=0.0,sigma=0.003",21,7.493661392035115,2000
2,sphere,"p=0.0,sigma=0.01",21,2.9567486646824974e-07,2000
2,sphere,"p=0.0,sigma=0.03",21,1.1721063422921338e-08,2000
2,sphere,"p=0.0,sigma=0.3",21,0.00019793840490265626,2000
2,sphere,"p=0.0,sigma=1.0",21,0.0009819708700710029,2000
2,sphere,1/5sigma+p=0.2,21,5.663651520937542e-28,2000
2,sphere,decay-p,21,3.5994385660683755e-05,2000
2,sphere,history-BJS low,21,2.1440559047180793e-05,2000
2,sphere,ML-BJS reuse,21,1.3257182310566612e-05,1998
2,sphere,ML-BJS probe/4,21,9.102013126554351e-05,1993
2,sphere,ML-BJS train1,21,0.0004977831951950137,1999
2,sphere,ML-BJS train2,21,0.00022726306719990334,1999
2,sphere,ML-BJS train3,21,0.00037917621262169884,1999
2,sphere,ML-BJS train4,21,7.755661283274551e-06,1999
2,sphere,ML-BJS disjoint,21,6.415589329319515e-05,1999
2,sphere,L3 matched+refine,21,1.1523792756212443e-05,2000
2,sphere,L3 full+refine,21,3.567772908457137e-05,2000
2,sphere,B+ p=0.2,21,9.122306992610178e-07,10000
2,sphere,B+ ML-BJS,21,1.5740414464011756e-06,10000
2,sphere,B+ ML-BJS free-probe,21,4.6481433515592525e-06,10000
2,sphere,B+ history-BJS,21,1.5908218789547956e-05,10000
2,sphere,B+ 1/5-rule,21,0.0,10000
2,sphere,p=0.3,22,8.06815749793789e-06,2000
2,sphere,p=0.4,22,3.034928480687423e-06,2000
2,sphere,"p=0.0,sigma=0.003",22,2.4318795030603967e-08,2000
2,sphere,"p=0.0,sigma=0.01",22,8.861356116897914e-07,2000
2,sphere,"p=0.0,sigma=0.03",22,7.813741718340313e-07,2000
2,sphere,"p=0.0,sigma=0.3",22,3.6845287733369334e-05,2000
2,sphere,"p=0.0,sigma=1.0",22,0.00022537308003246228,2000
2,sphere,1/5sigma+p=0.2,22,1.2790640021060062e-28,2000
2,sphere,decay-p,22,7.710749649039019e-06,2000
2,sphere,history-BJS low,22,3.2813593853785665e-05,2000
2,sphere,ML-BJS reuse,22,1.7917191599509595e-06,1993
2,sphere,ML-BJS probe/4,22,4.657305318593096e-05,1993
2,sphere,ML-BJS train1,22,0.0008030776927391717,1999
2,sphere,ML-BJS train2,22,0.00038004708445689585,1999
2,sphere,ML-BJS train3,22,0.00022096459581119737,1999
2,sphere,ML-BJS train4,22,7.426017549353805e-05,1999
2,sphere,ML-BJS disjoint,22,0.0002285785342442402,1999
2,sphere,L3 matched+refine,22,2.4934585042894476e-05,2000
2,sphere,L3 full+refine,22,6.569645543688809e-05,2000
2,sphere,B+ p=0.2,22,5.0804601612303994e-06,10000
2,sphere,B+ ML-BJS,22,6.939850766002391e-05,10000
2,sphere,B+ ML-BJS free-probe,22,3.0226035170381707e-06,10000
2,sphere,B+ history-BJS,22,3.993953960452925e-06,10000
2,sphere,B+ 1/5-rule,22,0.0,10000
2,sphere,p=0.3,23,3.090450382652002e-05,2000
2,sphere,p=0.4,23,2.608192061261159e-07,2000
2,sphere,"p=0.0,sigma=0.003",23,6.686762730399861,2000
2,sphere,"p=0.0,sigma=0.01",23,4.02341961417375e-07,2000
2,sphere,"p=0.0,sigma=0.03",23,3.3462256617702476e-07,2000
2,sphere,"p=0.0,sigma=0.3",23,0.00014188033713753874,2000
2,sphere,"p=0.0,sigma=1.0",23,0.0036702036077183066,2000
2,sphere,1/5sigma+p=0.2,23,1.5280759587075872e-27,2000
2,sphere,decay-p,23,9.205074655558578e-06,2000
2,sphere,history-BJS low,23,6.438222101906989e-06,2000
2,sphere,ML-BJS reuse,23,4.370952537004284e-06,1998
2,sphere,ML-BJS probe/4,23,6.832092097948145e-05,1993
2,sphere,ML-BJS train1,23,0.0003561702600040107,1999
2,sphere,ML-BJS train2,23,0.0002790852434332654,1999
2,sphere,ML-BJS train3,23,0.0006511255061862729,1999
2,sphere,ML-BJS train4,23,0.0004415312019612413,1999
2,sphere,ML-BJS disjoint,23,7.791238393113779e-05,1999
2,sphere,L3 matched+refine,23,4.616426823403302e-05,2000
2,sphere,L3 full+refine,23,3.806030229600189e-05,2000
2,sphere,B+ p=0.2,23,1.1280647026473571e-05,10000
2,sphere,B+ ML-BJS,23,2.8115367269328584e-05,10000
2,sphere,B+ ML-BJS free-probe,23,6.5794664495438265e-06,10000
2,sphere,B+ history-BJS,23,3.067761919584833e-06,10000
2,sphere,B+ 1/5-rule,23,0.0,10000
2,sphere,p=0.3,24,5.0370283827349265e-06,2000
2,sphere,p=0.4,24,1.3247040925426273e-05,2000
2,sphere,"p=0.0,sigma=0.003",24,3.3647266487449494,2000
2,sphere,"p=0.0,sigma=0.01",24,2.923516982492053e-07,2000
2,sphere,"p=0.0,sigma=0.03",24,4.322332613408201e-07,2000
2,sphere,"p=0.0,sigma=0.3",24,5.577209878505532e-05,2000
2,sphere,"p=0.0,sigma=1.0",24,0.001650837240338025,2000
2,sphere,1/5sigma+p=0.2,24,4.358555108959243e-27,2000
2,sphere,decay-p,24,3.722866582715817e-06,2000
2,sphere,history-BJS low,24,1.6471139735168763e-06,2000
2,sphere,ML-BJS reuse,24,9.556010096130537e-06,1994
2,sphere,ML-BJS probe/4,24,4.344576957251529e-06,1993
2,sphere,ML-BJS train1,24,0.00036721984289385574,1999
2,sphere,ML-BJS train2,24,3.467900371560483e-06,1999
2,sphere,ML-BJS train3,24,5.6199191299691666e-05,1999
2,sphere,ML-BJS train4,24,2.6329014436960045e-05,1999
2,sphere,ML-BJS disjoint,24,0.0003714819119448779,1999
2,sphere,L3 matched+refine,24,5.445269648255598e-06,2000
2,sphere,L3 full+refine,24,6.0617795577662525e-05,2000
2,sphere,B+ p=0.2,24,3.984207682686084e-06,10000
2,sphere,B+ ML-BJS,24,5.064333235191678e-05,10000
2,sphere,B+ ML-BJS free-probe,24,1.3512871675484087e-06,10000
2,sphere,B+ history-BJS,24,3.3064631875562254e-06,10000
2,sphere,B+ 1/5-rule,24,0.0,10000
2,sphere,p=0.3,25,1.991501529106509e-06,2000
2,sphere,p=0.4,25,2.2159386795679198e-05,2000
2,sphere,"p=0.0,sigma=0.003",25,8.897979324627942e-08,2000
2,sphere,"p=0.0,sigma=0.01",25,1.434637970518262e-07,2000
2,sphere,"p=0.0,sigma=0.03",25,1.4592909149704135e-06,2000
2,sphere,"p=0.0,sigma=0.3",25,4.8256154402286706e-05,2000
2,sphere,"p=0.0,sigma=1.0",25,0.0008881921041616254,2000
2,sphere,1/5sigma+p=0.2,25,8.411032186692733e-27,2000
2,sphere,decay-p,25,2.480384428898979e-06,2000
2,sphere,history-BJS low,25,1.5116374219290522e-06,2000
2,sphere,ML-BJS reuse,25,2.2730188643429068e-05,1999
2,sphere,ML-BJS probe/4,25,4.945476534935007e-05,1993
2,sphere,ML-BJS train1,25,7.791759149428849e-05,1999
2,sphere,ML-BJS train2,25,0.0003190498556615922,1999
2,sphere,ML-BJS train3,25,0.0004084737381939307,1999
2,sphere,ML-BJS train4,25,1.7364731199443995e-05,1999
2,sphere,ML-BJS disjoint,25,0.0007838466564251651,1999
2,sphere,L3 matched+refine,25,1.59515193500066e-05,2000
2,sphere,L3 full+refine,25,1.771726978098126e-05,2000
2,sphere,B+ p=0.2,25,1.325785689481377e-08,10000
2,sphere,B+ ML-BJS,25,2.3618910926882414e-05,10000
2,sphere,B+ ML-BJS free-probe,25,1.4258572419064009e-05,10000
2,sphere,B+ history-BJS,25,6.006496327315563e-06,10000
2,sphere,B+ 1/5-rule,25,0.0,10000
2,sphere,p=0.3,26,9.39248637787635e-07,2000
2,sphere,p=0.4,26,1.3017767975043306e-05,2000
2,sphere,"p=0.0,sigma=0.003",26,15.412724557305895,2000
2,sphere,"p=0.0,sigma=0.01",26,9.913547403008208e-08,2000
2,sphere,"p=0.0,sigma=0.03",26,1.5601806959332382e-07,2000
2,sphere,"p=0.0,sigma=0.3",26,0.00027450865570864815,2000
2,sphere,"p=0.0,sigma=1.0",26,0.001318941990531747,2000
2,sphere,1/5sigma+p=0.2,26,3.264206867263484e-27,2000
2,sphere,decay-p,26,9.366812869273904e-06,2000
2,sphere,history-BJS low,26,3.7527842317553645e-06,2000
2,sphere,ML-BJS reuse,26,9.541486561874777e-06,1997
2,sphere,ML-BJS probe/4,26,7.91239941574975e-05,1993
2,sphere,ML-BJS train1,26,0.0005498941098199586,1999
2,sphere,ML-BJS train2,26,0.0007647047296202472,1999
2,sphere,ML-BJS train3,26,7.920181641936137e-05,1999
2,sphere,ML-BJS train4,26,0.00019638941687390485,1999
2,sphere,ML-BJS disjoint,26,0.0008411687775004196,1999
2,sphere,L3 matched+refine,26,6.160974431682655e-06,2000
2,sphere,L3 full+refine,26,0.0002449314494059017,2000
2,sphere,B+ p=0.2,26,5.510849788258789e-07,10000
2,sphere,B+ ML-BJS,26,1.5826327807841304e-05,10000
2,sphere,B+ ML-BJS free-probe,26,6.4921609375182795e-06,10000
2,sphere,B+ history-BJS,26,6.500474458338845e-06,10000
2,sphere,B+ 1/5-rule,26,0.0,10000
2,sphere,p=0.3,27,2.8488185304780044e-05,2000
2,sphere,p=0.4,27,1.4377917904701233e-08,2000
2,sphere,"p=0.0,sigma=0.003",27,8.669886909000784,2000
2,sphere,"p=0.0,sigma=0.01",27,2.5776614398378207e-07,2000
2,sphere,"p=0.0,sigma=0.03",27,9.942103393324457e-07,2000
2,sphere,"p=0.0,sigma=0.3",27,0.00010394549854850701,2000
2,sphere,"p=0.0,sigma=1.0",27,0.0002479537056487226,2000
2,sphere,1/5sigma+p=0.2,27,3.1436415221848422e-28,2000
2,sphere,decay-p,27,2.3113029764107554e-05,2000
2,sphere,history-BJS low,27,2.6360305591505502e-05,2000
2,sphere,ML-BJS reuse,27,1.766432484750029e-05,1994
2,sphere,ML-BJS probe/4,27,0.00029629199331141404,1993
2,sphere,ML-BJS train1,27,0.0003305729704446685,1999
2,sphere,ML-BJS train2,27,5.610161010579554e-05,1999
2,sphere,ML-BJS train3,27,0.00017114370369712454,1999
2,sphere,ML-BJS train4,27,0.00027341736727388955,1999
2,sphere,ML-BJS disjoint,27,0.00014283740600251098,1999
2,sphere,L3 matched+refine,27,1.2023660311717643e-06,2000
2,sphere,L3 full+refine,27,0.00014617807514759155,2000
2,sphere,B+ p=0.2,27,4.600264805128353e-07,10000
2,sphere,B+ ML-BJS,27,5.5636074706408784e-05,10000
2,sphere,B+ ML-BJS free-probe,27,1.896242562891595e-06,10000
2,sphere,B+ history-BJS,27,3.918469119579982e-06,10000
2,sphere,B+ 1/5-rule,27,0.0,10000
2,sphere,p=0.3,28,3.220313004694646e-06,2000
2,sphere,p=0.4,28,1.4996736726588569e-05,2000
2,sphere,"p=0.0,sigma=0.003",28,0.2257938944151223,2000
2,sphere,"p=0.0,sigma=0.01",28,2.4230178994274914e-08,2000
2,sphere,"p=0.0,sigma=0.03",28,4.713717271900559e-08,2000
2,sphere,"p=0.0,sigma=0.3",28,5.808023044913811e-05,2000
2,sphere,"p=0.0,sigma=1.0",28,0.000137562389569918,2000
2,sphere,1/5sigma+p=0.2,28,8.235707850507363e-28,2000
2,sphere,decay-p,28,2.4186730480776377e-05,2000
2,sphere,history-BJS low,28,3.381630687639403e-06,2000
2,sphere,ML-BJS reuse,28,2.0987075434842726e-05,1996
2,sphere,ML-BJS probe/4,28,9.759673635730122e-05,1993
2,sphere,ML-BJS train1,28,0.0002413177357641332,1999
2,sphere,ML-BJS train2,28,0.00023448249826261172,1999
2,sphere,ML-BJS train3,28,0.0003175914868156134,1999
2,sphere,ML-BJS train4,28,0.00013611709101092395,1999
2,sphere,ML-BJS disjoint,28,0.0006989719336022469,1999
2,sphere,L3 matched+refine,28,3.7115602739860524e-05,2000
2,sphere,L3 full+refine,28,3.1763501273908925e-05,2000
2,sphere,B+ p=0.2,28,8.697248881960437e-06,10000
2,sphere,B+ ML-BJS,28,1.4472189960938565e-06,10000
2,sphere,B+ ML-BJS free-probe,28,6.751527374545164e-07,10000
2,sphere,B+ history-BJS,28,8.793340008488485e-06,10000
2,sphere,B+ 1/5-rule,28,4.930380657631324e-32,10000
2,sphere,p=0.3,29,1.95282345989353e-05,2000
2,sphere,p=0.4,29,6.229391096548009e-05,2000
2,sphere,"p=0.0,sigma=0.003",29,0.1092077614710261,2000
2,sphere,"p=0.0,sigma=0.01",29,1.3902340754336526e-07,2000
2,sphere,"p=0.0,sigma=0.03",29,8.097066153630659e-07,2000
2,sphere,"p=0.0,sigma=0.3",29,0.0001792818425026408,2000
2,sphere,"p=0.0,sigma=1.0",29,0.00011821593713040688,2000
2,sphere,1/5sigma+p=0.2,29,9.08552135698032e-27,2000
2,sphere,decay-p,29,2.230985909722057e-05,2000
2,sphere,history-BJS low,29,3.898356256647592e-06,2000
2,sphere,ML-BJS reuse,29,2.7146762335585006e-06,1997
2,sphere,ML-BJS probe/4,29,1.2100561896356972e-05,1993
2,sphere,ML-BJS train1,29,0.0009704819230880981,1999
2,sphere,ML-BJS train2,29,0.0003715402953326021,1999
2,sphere,ML-BJS train3,29,6.983102263714315e-05,1999
2,sphere,ML-BJS train4,29,0.00036790613303670956,1999
2,sphere,ML-BJS disjoint,29,0.00016048499076374206,1999
2,sphere,L3 matched+refine,29,1.16167860405246e-05,2000
2,sphere,L3 full+refine,29,3.1180509542804905e-05,2000
2,sphere,B+ p=0.2,29,2.2793576039028103e-06,10000
2,sphere,B+ ML-BJS,29,2.0261163849837484e-05,10000
2,sphere,B+ ML-BJS free-probe,29,6.059618947960935e-06,10000
2,sphere,B+ history-BJS,29,2.92761134372757e-06,10000
2,sphere,B+ 1/5-rule,29,0.0,10000
2,rastrigin,p=0.3,0,0.9959347369068823,2000
2,rastrigin,p=0.4,0,0.002768632010507588,2000
2,rastrigin,"p=0.0,sigma=0.003",0,15.919245508402696,2000
2,rastrigin,"p=0.0,sigma=0.01",0,8.954632075953082,2000
2,rastrigin,"p=0.0,sigma=0.03",0,24.87402168606814,2000
2,rastrigin,"p=0.0,sigma=0.3",0,9.419460268812998,2000
2,rastrigin,"p=0.0,sigma=1.0",0,0.001069248439200976,2000
2,rastrigin,1/5sigma+p=0.2,0,0.9949590570932898,2000
2,rastrigin,decay-p,0,1.9901944238393483,2000
2,rastrigin,history-BJS low,0,1.993607422882718,2000
2,rastrigin,ML-BJS reuse,0,3.9826899025663423,1997
2,rastrigin,ML-BJS probe/4,0,2.105197308844918,1993
2,rastrigin,ML-BJS train1,0,1.0141160067217,1999
2,rastrigin,ML-BJS train2,0,0.9992646027630627,1999
2,rastrigin,ML-BJS train3,0,1.0795359055923939,1999
2,rastrigin,ML-BJS train4,0,1.0663448463117575,1999
2,rastrigin,ML-BJS disjoint,0,2.003656062677056,1999
2,rastrigin,L3 matched+refine,0,0.0037900202135077166,2000
2,rastrigin,L3 full+refine,0,1.7979121551547905e-06,2000
2,rastrigin,B+ p=0.2,0,0.9988796335306063,10000
2,rastrigin,B+ ML-BJS,0,1.003507913906354,10000
2,rastrigin,B+ ML-BJS free-probe,0,0.0008240843504978557,10000
2,rastrigin,B+ history-BJS,0,0.002046129817209419,10000
2,rastrigin,B+ 1/5-rule,0,19.899074983015616,10000
2,rastrigin,p=0.3,1,1.9953612325216383,2000
2,rastrigin,p=0.4,1,0.9967369366392553,2000
2,rastrigin,"p=0.0,sigma=0.003",1,24.873845531794117,2000
2,rastrigin,"p=0.0,sigma=0.01",1,19.89907857883796,2000
2,rastrigin,"p=0.0,sigma=0.03",1,86.66890113446074,2000
2,rastrigin,"p=0.0,sigma=0.3",1,2.0047755172245374,2000
2,rastrigin,"p=0.0,sigma=1.0",1,0.17576555596412646,2000
2,rastrigin,1/5sigma+p=0.2,1,4.974790247647377,2000
2,rastrigin,decay-p,1,0.9959503565288124,2000
2,rastrigin,history-BJS low,1,1.99151218498708,2000
2,rastrigin,ML-BJS reuse,1,1.9939036949011424,2000
2,rastrigin,ML-BJS probe/4,1,0.015854431584291007,1993
2,rastrigin,ML-BJS train1,1,5.180332400214374,1999
2,rastrigin,ML-BJS train2,1,0.36236938633943083,1999
2,rastrigin,ML-BJS train3,1,1.7616083128397904,1999
2,rastrigin,ML-BJS train4,1,1.0107510800595314,1999
2,rastrigin,ML-BJS disjoint,1,2.0189490209812604,1999
2,rastrigin,L3 matched+refine,1,0.0022870905421328303,2000
2,rastrigin,L3 full+refine,1,0.9977082966278701,2000
2,rastrigin,B+ p=0.2,1,0.00042055260313844656,10000
2,rastrigin,B+ ML-BJS,1,1.0039083738083008,10000
2,rastrigin,B+ ML-BJS free-probe,1,0.007654758998910438,10000
2,rastrigin,B+ history-BJS,1,0.9956967756672448,10000
2,rastrigin,B+ 1/5-rule,1,0.9949590570932898,10000
2,rastrigin,p=0.3,2,0.9954348497376344,2000
2,rastrigin,p=0.4,2,1.9899254661059196,2000
2,rastrigin,"p=0.0,sigma=0.003",2,24.87372985852717,2000
2,rastrigin,"p=0.0,sigma=0.01",2,57.66179978110513,2000
2,rastrigin,"p=0.0,sigma=0.03",2,7.959703928960861,2000
2,rastrigin,"p=0.0,sigma=0.3",2,12.938274677463557,2000
2,rastrigin,"p=0.0,sigma=1.0",2,0.030567540820776173,2000
2,rastrigin,1/5sigma+p=0.2,2,0.8169244155939488,2000
2,rastrigin,decay-p,2,3.980570485828604,2000
2,rastrigin,history-BJS low,2,0.9986813858332226,2000
2,rastrigin,ML-BJS reuse,2,0.9954003068212671,1999
2,rastrigin,ML-BJS probe/4,2,2.003792847734225,1993
2,rastrigin,ML-BJS train1,2,0.007986188882295409,1999
2,rastrigin,ML-BJS train2,2,2.2050055909520836,1999
2,rastrigin,ML-BJS train3,2,2.0096231922872434,1999
2,rastrigin,ML-BJS train4,2,1.9962244640689235,1999
2,rastrigin,ML-BJS disjoint,2,2.0443959541416277,1999
2,rastrigin,L3 matched+refine,2,0.008448296369138575,2000
2,rastrigin,L3 full+refine,2,0.9958270470078254,2000
2,rastrigin,B+ p=0.2,2,0.9954900352023159,10000
2,rastrigin,B+ ML-BJS,2,1.005506245300829,10000
2,rastrigin,B+ ML-BJS free-probe,2,0.0026123413350163105,10000
2,rastrigin,B+ history-BJS,2,9.188065757825825e-05,10000
2,rastrigin,B+ 1/5-rule,2,31.838487584923065,10000
2,rastrigin,p=0.3,3,1.9912329654940422,2000
2,rastrigin,p=0.4,3,0.996220301646531,2000
2,rastrigin,"p=0.0,sigma=0.003",3,8.954604153716373,2000
2,rastrigin,"p=0.0,sigma=0.01",3,33.82833114599004,2000
2,rastrigin,"p=0.0,sigma=0.03",3,24.873936855735526,2000
2,rastrigin,"p=0.0,sigma=0.3",3,4.023392096027916,2000
2,rastrigin,"p=0.0,sigma=1.0",3,0.06541142205584549,2000
2,rastrigin,1/5sigma+p=0.2,3,1.9899183138105059,2000
2,rastrigin,decay-p,3,0.9962393246577683,2000
2,rastrigin,history-BJS low,3,1.9918158980412244,2000
2,rastrigin,ML-BJS reuse,3,0.9959479106146212,1999
2,rastrigin,ML-BJS probe/4,3,2.027343209595017,1993
2,rastrigin,ML-BJS train1,3,4.156383820149596,1999
2,rastrigin,ML-BJS train2,3,5.007997332229895,1999
2,rastrigin,ML-BJS train3,3,1.1168669651514378,1999
2,rastrigin,ML-BJS train4,3,1.1261581085548755,1999
2,rastrigin,ML-BJS disjoint,3,1.0202111429113572,1999
2,rastrigin,L3 matched+refine,3,0.0008718761105157569,2000
2,rastrigin,L3 full+refine,3,1.008205389584731,2000
2,rastrigin,B+ p=0.2,3,0.9952510837396886,10000
2,rastrigin,B+ ML-BJS,3,1.0123348616441135,10000
2,rastrigin,B+ ML-BJS free-probe,3,0.0017595316412588602,10000
2,rastrigin,B+ history-BJS,3,0.0005646535002199471,10000
2,rastrigin,B+ 1/5-rule,3,17.909202482974017,10000
2,rastrigin,p=0.3,4,0.004539544072759583,2000
2,rastrigin,p=0.4,4,0.00620451860869764,2000
2,rastrigin,"p=0.0,sigma=0.003",4,7.9596655427758005,2000
2,rastrigin,"p=0.0,sigma=0.01",4,73.95953497638482,2000
2,rastrigin,"p=0.0,sigma=0.03",4,12.9351421491189,2000
2,rastrigin,"p=0.0,sigma=0.3",4,2.185991890634998,2000
2,rastrigin,"p=0.0,sigma=1.0",4,0.36226748010496834,2000
2,rastrigin,1/5sigma+p=0.2,4,0.0,2000
2,rastrigin,decay-p,4,1.9905746882354585,2000
2,rastrigin,history-BJS low,4,0.9954845575397187,2000
2,rastrigin,ML-BJS reuse,4,1.0033471106858798,2000
2,rastrigin,ML-BJS probe/4,4,2.021154744733721,1993
2,rastrigin,ML-BJS train1,4,2.003235412639036,1999
2,rastrigin,ML-BJS train2,4,3.9815151876778963,1999
2,rastrigin,ML-BJS train3,4,1.0830901784408908,1999
2,rastrigin,ML-BJS train4,4,3.9860785429632557,1999
2,rastrigin,ML-BJS disjoint,4,1.0270033253614201,1999
2,rastrigin,L3 matched+refine,4,0.010874113715203748,2000
2,rastrigin,L3 full+refine,4,0.021305056759043595,2000
2,rastrigin,B+ p=0.2,4,0.9950286490875371,10000
2,rastrigin,B+ ML-BJS,4,1.0067864202593206,10000
2,rastrigin,B+ ML-BJS free-probe,4,0.9963967824164044,10000
2,rastrigin,B+ history-BJS,4,0.0005839357519725752,10000
2,rastrigin,B+ 1/5-rule,4,24.873722934542222,10000
2,rastrigin,p=0.3,5,1.9899614008669282,2000
2,rastrigin,p=0.4,5,0.0061809788507218855,2000
2,rastrigin,"p=0.0,sigma=0.003",5,4.974791550052947,2000
2,rastrigin,"p=0.0,sigma=0.01",5,12.934467948054094,2000
2,rastrigin,"p=0.0,sigma=0.03",5,17.909683644198793,2000
2,rastrigin,"p=0.0,sigma=0.3",5,4.977935166742281,2000
2,rastrigin,"p=0.0,sigma=1.0",5,0.10001271678664381,2000
2,rastrigin,1/5sigma+p=0.2,5,1.9899181141865832,2000
2,rastrigin,decay-p,5,1.0116347336434188,2000
2,rastrigin,history-BJS low,5,0.9972532690673432,2000
2,rastrigin,ML-BJS reuse,5,1.9985305786298717,1999
2,rastrigin,ML-BJS probe/4,5,3.9886811342300454,1993
2,rastrigin,ML-BJS train1,5,2.027364551096227,1999
2,rastrigin,ML-BJS train2,5,4.0481246267444355,1999
2,rastrigin,ML-BJS train3,5,2.1674342939812092,1999
2,rastrigin,ML-BJS train4,5,5.085411901554309,1999
2,rastrigin,ML-BJS disjoint,5,0.02447889449466345,1999
2,rastrigin,L3 matched+refine,5,0.003882244526693057,2000
2,rastrigin,L3 full+refine,5,0.002726690578633395,2000
2,rastrigin,B+ p=0.2,5,0.0023872697921483166,10000
2,rastrigin,B+ ML-BJS,5,2.0027486079747234,10000
2,rastrigin,B+ ML-BJS free-probe,5,0.015647423879293854,10000
2,rastrigin,B+ history-BJS,5,0.0009013047700960897,10000
2,rastrigin,B+ 1/5-rule,5,0.9949590570932898,10000
2,rastrigin,p=0.3,6,1.9969814926540472,2000
2,rastrigin,p=0.4,6,1.9908790444664959,2000
2,rastrigin,"p=0.0,sigma=0.003",6,36.812952341434524,2000
2,rastrigin,"p=0.0,sigma=0.01",6,57.70660206681255,2000
2,rastrigin,"p=0.0,sigma=0.03",6,19.899719120482704,2000
2,rastrigin,"p=0.0,sigma=0.3",6,13.07688679035533,2000
2,rastrigin,"p=0.0,sigma=1.0",6,0.027194363476880312,2000
2,rastrigin,1/5sigma+p=0.2,6,0.9949590570932898,2000
2,rastrigin,decay-p,6,0.9984486002070128,2000
2,rastrigin,history-BJS low,6,0.9951616761131277,2000
2,rastrigin,ML-BJS reuse,6,4.977495344971796,1992
2,rastrigin,ML-BJS probe/4,6,1.0116804349097066,1993
2,rastrigin,ML-BJS train1,6,2.1797044221128914,1999
2,rastrigin,ML-BJS train2,6,2.1866808624534926,1999
2,rastrigin,ML-BJS train3,6,4.993257183550583,1999
2,rastrigin,ML-BJS train4,6,0.35155341154917963,1999
2,rastrigin,ML-BJS disjoint,6,1.0472193858904717,1999
2,rastrigin,L3 matched+refine,6,0.001137235939832948,2000
2,rastrigin,L3 full+refine,6,0.007000673293312332,2000
2,rastrigin,B+ p=0.2,6,0.9952056233391176,10000
2,rastrigin,B+ ML-BJS,6,1.994251984511095,10000
2,rastrigin,B+ ML-BJS free-probe,6,0.9953362475961853,10000
2,rastrigin,B+ history-BJS,6,0.00013279113285591393,10000
2,rastrigin,B+ 1/5-rule,6,9.9495602985803,10000
2,rastrigin,p=0.3,7,1.0118784283304478,2000
2,rastrigin,p=0.4,7,1.9934113875888002,2000
2,rastrigin,"p=0.0,sigma=0.003",7,28.853554885443014,2000
2,rastrigin,"p=0.0,sigma=0.01",7,7.959699524702163,2000
2,rastrigin,"p=0.0,sigma=0.03",7,8.954884946798003,2000
2,rastrigin,"p=0.0,sigma=0.3",7,13.255667690280323,2000
2,rastrigin,"p=0.0,sigma=1.0",7,0.0542818795758393,2000
2,rastrigin,1/5sigma+p=0.2,7,1.9899181141865867,2000
2,rastrigin,decay-p,7,0.997533135913919,2000
2,rastrigin,history-BJS low,7,0.000579066686803742,2000
2,rastrigin,ML-BJS reuse,7,1.993353343421365,1999
2,rastrigin,ML-BJS probe/4,7,1.17105099453849,1993
2,rastrigin,ML-BJS train1,7,2.0244074595236263,1999
2,rastrigin,ML-BJS train2,7,1.134468682203842,1999
2,rastrigin,ML-BJS train3,7,4.139337041863209,1999
2,rastrigin,ML-BJS train4,7,0.515712337156863,1999
2,rastrigin,ML-BJS disjoint,7,0.061203981450621114,1999
2,rastrigin,L3 matched+refine,7,0.0033485913185096194,2000
2,rastrigin,L3 full+refine,7,0.0017657305054079586,2000
2,rastrigin,B+ p=0.2,7,0.9950524920702506,10000
2,rastrigin,B+ ML-BJS,7,1.0047698245095837,10000
2,rastrigin,B+ ML-BJS free-probe,7,0.004004100869977378,10000
2,rastrigin,B+ history-BJS,7,0.9950820255859725,10000
2,rastrigin,B+ 1/5-rule,7,12.934432432041095,10000
2,rastrigin,p=0.3,8,0.9970322757600876,2000
2,rastrigin,p=0.4,8,0.006420364619284413,2000
2,rastrigin,"p=0.0,sigma=0.003",8,3.9798347726920156,2000
2,rastrigin,"p=0.0,sigma=0.01",8,19.899096040799616,2000
2,rastrigin,"p=0.0,sigma=0.03",8,4.974794546662075,2000
2,rastrigin,"p=0.0,sigma=0.3",8,13.019785836568307,2000
2,rastrigin,"p=0.0,sigma=1.0",8,0.08958137032090008,2000
2,rastrigin,1/5sigma+p=0.2,8,0.9949590570932898,2000
2,rastrigin,decay-p,8,0.9964665377333617,2000
2,rastrigin,history-BJS low,8,1.0012047841241767,2000
2,rastrigin,ML-BJS reuse,8,4.98020980832238,1997
2,rastrigin,ML-BJS probe/4,8,1.0408165097969686,1993
2,rastrigin,ML-BJS train1,8,5.0270504654208334,1999
2,rastrigin,ML-BJS train2,8,1.0763882678199295,1999
2,rastrigin,ML-BJS train3,8,2.2156922575673867,1999
2,rastrigin,ML-BJS train4,8,4.064619149341089,1999
2,rastrigin,ML-BJS disjoint,8,0.030027047854048305,1999
2,rastrigin,L3 matched+refine,8,0.0029545592617736816,2000
2,rastrigin,L3 full+refine,8,1.0033491178530412,2000
2,rastrigin,B+ p=0.2,8,0.9956801181078951,10000
2,rastrigin,B+ ML-BJS,8,1.9947150738336177,10000
2,rastrigin,B+ ML-BJS free-probe,8,0.0007365898374622759,10000
2,rastrigin,B+ history-BJS,8,0.0001776772480113209,10000
2,rastrigin,B+ 1/5-rule,8,16.91420284955482,10000
2,rastrigin,p=0.3,9,0.0036353644532809426,2000
2,rastrigin,p=0.4,9,0.9958556514628505,2000
2,rastrigin,"p=0.0,sigma=0.003",9,33.828324489794,2000
2,rastrigin,"p=0.0,sigma=0.01",9,1.9899267722762843,2000
2,rastrigin,"p=0.0,sigma=0.03",9,24.87403636259146,2000
2,rastrigin,"p=0.0,sigma=0.3",9,2.000981447290261,2000
2,rastrigin,"p=0.0,sigma=1.0",9,0.1148200059756519,2000
2,rastrigin,1/5sigma+p=0.2,9,1.9899181141865832,2000
2,rastrigin,decay-p,9,1.0011842233330341,2000
2,rastrigin,history-BJS low,9,1.0059738874230746,2000
2,rastrigin,ML-BJS reuse,9,1.990155347738245,1997
2,rastrigin,ML-BJS probe/4,9,1.0926436831929678,1993
2,rastrigin,ML-BJS train1,9,2.165634455058779,1999
2,rastrigin,ML-BJS train2,9,2.1092182652804823,1999
2,rastrigin,ML-BJS train3,9,0.042822686303185975,1999
2,rastrigin,ML-BJS train4,9,1.1211904339470635,1999
2,rastrigin,ML-BJS disjoint,9,5.234681906595231,1999
2,rastrigin,L3 matched+refine,9,0.0021320359747036832,2000
2,rastrigin,L3 full+refine,9,0.9949815589974449,2000
2,rastrigin,B+ p=0.2,9,0.9955815748720056,10000
2,rastrigin,B+ ML-BJS,9,1.0116213778796848,10000
2,rastrigin,B+ ML-BJS free-probe,9,0.0002312709022760373,10000
2,rastrigin,B+ history-BJS,9,8.657580993087777e-05,10000
2,rastrigin,B+ 1/5-rule,9,4.974790247647377,10000
2,rastrigin,p=0.3,10,0.9963394808994224,2000
2,rastrigin,p=0.4,10,2.015826574139602,2000
2,rastrigin,"p=0.0,sigma=0.003",10,12.934434628932094,2000
2,rastrigin,"p=0.0,sigma=0.01",10,16.91421815884366,2000
2,rastrigin,"p=0.0,sigma=0.03",10,36.81303678499903,2000
2,rastrigin,"p=0.0,sigma=0.3",10,0.9991837881690557,2000
2,rastrigin,"p=0.0,sigma=1.0",10,0.061217764753529025,2000
2,rastrigin,1/5sigma+p=0.2,10,3.979831190554087,2000
2,rastrigin,decay-p,10,1.0011238356130434,2000
2,rastrigin,history-BJS low,10,0.9954915762751888,2000
2,rastrigin,ML-BJS reuse,10,3.9803486721359853,1996
2,rastrigin,ML-BJS probe/4,10,1.097588562806358,1993
2,rastrigin,ML-BJS train1,10,0.16560699010625868,1999
2,rastrigin,ML-BJS train2,10,2.029613237289901,1999
2,rastrigin,ML-BJS train3,10,0.027359383367294043,1999
2,rastrigin,ML-BJS train4,10,0.9995543275779681,1999
2,rastrigin,ML-BJS disjoint,10,5.172197392590672,1999
2,rastrigin,L3 matched+refine,10,0.007441583294919951,2000
2,rastrigin,L3 full+refine,10,0.025760646770244477,2000
2,rastrigin,B+ p=0.2,10,9.558018363264864e-05,10000
2,rastrigin,B+ ML-BJS,10,2.00690147935682,10000
2,rastrigin,B+ ML-BJS free-probe,10,0.9966509678171391,10000
2,rastrigin,B+ history-BJS,10,0.9951707653038326,10000
2,rastrigin,B+ 1/5-rule,10,40.79296672700376,10000
2,rastrigin,p=0.3,11,1.9934907650540374,2000
2,rastrigin,p=0.4,11,0.9951320842725551,2000
2,rastrigin,"p=0.0,sigma=0.003",11,19.899076304108547,2000
2,rastrigin,"p=0.0,sigma=0.01",11,31.838536612615073,2000
2,rastrigin,"p=0.0,sigma=0.03",11,4.974867147823728,2000
2,rastrigin,"p=0.0,sigma=0.3",11,12.974457340731771,2000
2,rastrigin,"p=0.0,sigma=1.0",11,0.4339433246431881,2000
2,rastrigin,1/5sigma+p=0.2,11,1.4373959347391576,2000
2,rastrigin,decay-p,11,0.9956067331504919,2000
2,rastrigin,history-BJS low,11,1.9907230939021474,2000
2,rastrigin,ML-BJS reuse,11,0.004784352903083544,1997
2,rastrigin,ML-BJS probe/4,11,0.0610800551851014,1993
2,rastrigin,ML-BJS train1,11,2.4783944247961784,1999
2,rastrigin,ML-BJS train2,11,5.06243677457255,1999
2,rastrigin,ML-BJS train3,11,5.169421866104358,1999
2,rastrigin,ML-BJS train4,11,2.1430502073179696,1999
2,rastrigin,ML-BJS disjoint,11,3.99318120700741,1999
2,rastrigin,L3 matched+refine,11,0.004364692806966275,2000
2,rastrigin,L3 full+refine,11,0.0006828212617442375,2000
2,rastrigin,B+ p=0.2,11,0.9954867961404723,10000
2,rastrigin,B+ ML-BJS,11,0.9993704062351227,10000
2,rastrigin,B+ ML-BJS free-probe,11,0.00028367653077765453,10000
2,rastrigin,B+ history-BJS,11,9.237116899640796e-05,10000
2,rastrigin,B+ 1/5-rule,11,28.85355412509631,10000
2,rastrigin,p=0.3,12,0.9987454550194812,2000
2,rastrigin,p=0.4,12,0.9951520556924969,2000
2,rastrigin,"p=0.0,sigma=0.003",12,9.949571785792218,2000
2,rastrigin,"p=0.0,sigma=0.01",12,9.94957009588813,2000
2,rastrigin,"p=0.0,sigma=0.03",12,0.00010898003240811249,2000
2,rastrigin,"p=0.0,sigma=0.3",12,5.0315665473862925,2000
2,rastrigin,"p=0.0,sigma=1.0",12,0.0032657913596594312,2000
2,rastrigin,1/5sigma+p=0.2,12,1.9899181141865796,2000
2,rastrigin,decay-p,12,0.008291010545335098,2000
2,rastrigin,history-BJS low,12,2.005251987534386,2000
2,rastrigin,ML-BJS reuse,12,4.975730865122372,1994
2,rastrigin,ML-BJS probe/4,12,2.0561550434695874,1993
2,rastrigin,ML-BJS train1,12,0.9998392203636328,1999
2,rastrigin,ML-BJS train2,12,4.98956706088345,1999
2,rastrigin,ML-BJS train3,12,0.030631717640069667,1999
2,rastrigin,ML-BJS train4,12,1.0645880866135329,1999
2,rastrigin,ML-BJS disjoint,12,0.01087421912727038,1999
2,rastrigin,L3 matched+refine,12,0.0023535824395004568,2000
2,rastrigin,L3 full+refine,12,0.9995237783995421,2000
2,rastrigin,B+ p=0.2,12,0.9956039599695856,10000
2,rastrigin,B+ ML-BJS,12,0.010778736593014315,10000
2,rastrigin,B+ ML-BJS free-probe,12,0.0016279996413715025,10000
2,rastrigin,B+ history-BJS,12,0.00018743704374557524,10000
2,rastrigin,B+ 1/5-rule,12,0.0,10000
2,rastrigin,p=0.3,13,0.005775775354493362,2000
2,rastrigin,p=0.4,13,0.002105628936476478,2000
2,rastrigin,"p=0.0,sigma=0.003",13,36.81295262702402,2000
2,rastrigin,"p=0.0,sigma=0.01",13,4.974807558573847,2000
2,rastrigin,"p=0.0,sigma=0.03",13,25.036415067433943,2000
2,rastrigin,"p=0.0,sigma=0.3",13,8.979723172307576,2000
2,rastrigin,"p=0.0,sigma=1.0",13,0.009143648244844371,2000
2,rastrigin,1/5sigma+p=0.2,13,0.9949590570932898,2000
2,rastrigin,decay-p,13,0.0046467996406533985,2000
2,rastrigin,history-BJS low,13,0.008354854312734972,2000
2,rastrigin,ML-BJS reuse,13,4.975902067990585,1999
2,rastrigin,ML-BJS probe/4,13,2.2351971491193083,1993
2,rastrigin,ML-BJS train1,13,2.158028947668953,1999
2,rastrigin,ML-BJS train2,13,0.13022975944564408,1999
2,rastrigin,ML-BJS train3,13,5.073544055546304,1999
2,rastrigin,ML-BJS train4,13,2.1734538854570893,1999
2,rastrigin,ML-BJS disjoint,13,1.048298116523661,1999
2,rastrigin,L3 matched+refine,13,0.013095236299594859,2000
2,rastrigin,L3 full+refine,13,0.9967620103626871,2000
2,rastrigin,B+ p=0.2,13,0.99499500160249,10000
2,rastrigin,B+ ML-BJS,13,1.0064466035904118,10000
2,rastrigin,B+ ML-BJS free-probe,13,0.0012812927666132623,10000
2,rastrigin,B+ history-BJS,13,0.000380679242184101,10000
2,rastrigin,B+ 1/5-rule,13,8.954601241487008,10000
2,rastrigin,p=0.3,14,1.9947932937647366,2000
2,rastrigin,p=0.4,14,0.9992327100361287,2000
2,rastrigin,"p=0.0,sigma=0.003",14,3.9798319145156853,2000
2,rastrigin,"p=0.0,sigma=0.01",14,4.974829660240351,2000
2,rastrigin,"p=0.0,sigma=0.03",14,35.81801169249894,2000
2,rastrigin,"p=0.0,sigma=0.3",14,0.4103385057246385,2000
2,rastrigin,"p=0.0,sigma=1.0",14,0.3430796606970823,2000
2,rastrigin,1/5sigma+p=0.2,14,0.9949590570932898,2000
2,rastrigin,decay-p,14,0.999038788019277,2000
2,rastrigin,history-BJS low,14,1.9935903133220023,2000
2,rastrigin,ML-BJS reuse,14,1.9904535102615384,1996
2,rastrigin,ML-BJS probe/4,14,1.9945829144769398,1993
2,rastrigin,ML-BJS train1,14,0.04892294214377557,1999
2,rastrigin,ML-BJS train2,14,5.068929414626336,1999
2,rastrigin,ML-BJS train3,14,2.051967151963126,1999
2,rastrigin,ML-BJS train4,14,1.1005564493342348,1999
2,rastrigin,ML-BJS disjoint,14,4.016221936868272,1999
2,rastrigin,L3 matched+refine,14,0.0006607156961209171,2000
2,rastrigin,L3 full+refine,14,1.9902985168765568,2000
2,rastrigin,B+ p=0.2,14,0.9956033472585943,10000
2,rastrigin,B+ ML-BJS,14,0.011005917735907644,10000
2,rastrigin,B+ ML-BJS free-probe,14,0.004227759789408481,10000
2,rastrigin,B+ history-BJS,14,0.0022704461749114557,10000
2,rastrigin,B+ 1/5-rule,14,51.73723572525826,10000
2,rastrigin,p=0.3,15,0.9998483000700666,2000
2,rastrigin,p=0.4,15,0.006637327048316877,2000
2,rastrigin,"p=0.0,sigma=0.003",15,28.853554235284278,2000
2,rastrigin,"p=0.0,sigma=0.01",15,8.954601331274514,2000
2,rastrigin,"p=0.0,sigma=0.03",15,15.92032828096711,2000
2,rastrigin,"p=0.0,sigma=0.3",15,5.01865016887429,2000
2,rastrigin,"p=0.0,sigma=1.0",15,0.3645670469830087,2000
2,rastrigin,1/5sigma+p=0.2,15,0.9949590570932898,2000
2,rastrigin,decay-p,15,0.0025880796143660234,2000
2,rastrigin,history-BJS low,15,0.9962188058523296,2000
2,rastrigin,ML-BJS reuse,15,0.007520947366828068,1993
2,rastrigin,ML-BJS probe/4,15,1.0185539836527724,1993
2,rastrigin,ML-BJS train1,15,2.0460326844751435,1999
2,rastrigin,ML-BJS train2,15,8.051356613961929,1999
2,rastrigin,ML-BJS train3,15,0.08471382833167951,1999
2,rastrigin,ML-BJS train4,15,4.093747428725077,1999
2,rastrigin,ML-BJS disjoint,15,2.1018026119200286,1999
2,rastrigin,L3 matched+refine,15,0.005057387116650602,2000
2,rastrigin,L3 full+refine,15,0.004431323264750375,2000
2,rastrigin,B+ p=0.2,15,0.9949775680988857,10000
2,rastrigin,B+ ML-BJS,15,1.0678290922456242,10000
2,rastrigin,B+ ML-BJS free-probe,15,0.9972606464994627,10000
2,rastrigin,B+ history-BJS,15,0.003952992340522599,10000
2,rastrigin,B+ 1/5-rule,15,28.853554125096316,10000
2,rastrigin,p=0.3,16,1.9932774706361656,2000
2,rastrigin,p=0.4,16,2.0038267919294626,2000
2,rastrigin,"p=0.0,sigma=0.003",16,33.8283264851305,2000
2,rastrigin,"p=0.0,sigma=0.01",16,4.974798892826385,2000
2,rastrigin,"p=0.0,sigma=0.03",16,7.95975536259478,2000
2,rastrigin,"p=0.0,sigma=0.3",16,9.955550611152628,2000
2,rastrigin,"p=0.0,sigma=1.0",16,0.11542709503918047,2000
2,rastrigin,1/5sigma+p=0.2,16,1.9377011835109705,2000
2,rastrigin,decay-p,16,1.003722250366522,2000
2,rastrigin,history-BJS low,16,1.9913371889676554,2000
2,rastrigin,ML-BJS reuse,16,1.9922212937413875,1999
2,rastrigin,ML-BJS probe/4,16,2.011006691135826,1993
2,rastrigin,ML-BJS train1,16,2.0418620803999694,1999
2,rastrigin,ML-BJS train2,16,0.9960777367051961,1999
2,rastrigin,ML-BJS train3,16,5.038656653274142,1999
2,rastrigin,ML-BJS train4,16,5.000450057390607,1999
2,rastrigin,ML-BJS disjoint,16,5.023782539992087,1999
2,rastrigin,L3 matched+refine,16,0.003429760908353785,2000
2,rastrigin,L3 full+refine,16,1.0492463415257518,2000
2,rastrigin,B+ p=0.2,16,0.9956563568165571,10000
2,rastrigin,B+ ML-BJS,16,3.984820962046882,10000
2,rastrigin,B+ ML-BJS free-probe,16,0.0006142353233151709,10000
2,rastrigin,B+ history-BJS,16,0.995009129159822,10000
2,rastrigin,B+ 1/5-rule,16,40.79296672700375,10000
2,rastrigin,p=0.3,17,1.9915965575062415,2000
2,rastrigin,p=0.4,17,0.9964973923079512,2000
2,rastrigin,"p=0.0,sigma=0.003",17,7.9596638739732555,2000
2,rastrigin,"p=0.0,sigma=0.01",17,12.934439342544193,2000
2,rastrigin,"p=0.0,sigma=0.03",17,19.89917803800782,2000
2,rastrigin,"p=0.0,sigma=0.3",17,0.029979030647798055,2000
2,rastrigin,"p=0.0,sigma=1.0",17,0.2275735051785155,2000
2,rastrigin,1/5sigma+p=0.2,17,0.9949590570932898,2000
2,rastrigin,decay-p,17,4.9785966535665676,2000
2,rastrigin,history-BJS low,17,0.997782370049265,2000
2,rastrigin,ML-BJS reuse,17,4.976890280469064,1993
2,rastrigin,ML-BJS probe/4,17,2.0076816972750926,1993
2,rastrigin,ML-BJS train1,17,2.0739930555787467,1999
2,rastrigin,ML-BJS train2,17,2.247061131955064,1999
2,rastrigin,ML-BJS train3,17,1.0732135555008213,1999
2,rastrigin,ML-BJS train4,17,2.174956996095574,1999
2,rastrigin,ML-BJS disjoint,17,4.995506504690502,1999
2,rastrigin,L3 matched+refine,17,0.004200385615980906,2000
2,rastrigin,L3 full+refine,17,2.0352322103013236,2000
2,rastrigin,B+ p=0.2,17,0.9959171297784479,10000
2,rastrigin,B+ ML-BJS,17,0.018768804660041383,10000
2,rastrigin,B+ ML-BJS free-probe,17,0.002939950045217188,10000
2,rastrigin,B+ history-BJS,17,0.0007200514321255014,10000
2,rastrigin,B+ 1/5-rule,17,9.9495602985803,10000
2,rastrigin,p=0.3,18,0.9956591659469112,2000
2,rastrigin,p=0.4,18,0.9950084996814539,2000
2,rastrigin,"p=0.0,sigma=0.003",18,16.91420322942688,2000
2,rastrigin,"p=0.0,sigma=0.01",18,40.79299969847144,2000
2,rastrigin,"p=0.0,sigma=0.03",18,12.934943095180493,2000
2,rastrigin,"p=0.0,sigma=0.3",18,5.073287059095524,2000
2,rastrigin,"p=0.0,sigma=1.0",18,0.13748242959935197,2000
2,rastrigin,1/5sigma+p=0.2,18,0.9949590570932898,2000
2,rastrigin,decay-p,18,1.989961291838359,2000
2,rastrigin,history-BJS low,18,1.9932034599453594,2000
2,rastrigin,ML-BJS reuse,18,0.0010441202342406086,1992
2,rastrigin,ML-BJS probe/4,18,1.013349716969973,1993
2,rastrigin,ML-BJS train1,18,1.050568162468128,1999
2,rastrigin,ML-BJS train2,18,2.002324313076638,1999
2,rastrigin,ML-BJS train3,18,1.2092722310298214,1999
2,rastrigin,ML-BJS train4,18,2.0414721031804604,1999
2,rastrigin,ML-BJS disjoint,18,4.060577988009701,1999
2,rastrigin,L3 matched+refine,18,0.005270765901862262,2000
2,rastrigin,L3 full+refine,18,0.003906897555719269,2000
2,rastrigin,B+ p=0.2,18,0.9962477839304853,10000
2,rastrigin,B+ ML-BJS,18,1.9994835479165047,10000
2,rastrigin,B+ ML-BJS free-probe,18,0.9984368868731579,10000
2,rastrigin,B+ history-BJS,18,0.0009594163527637534,10000
2,rastrigin,B+ 1/5-rule,18,3.979831190554087,10000
2,rastrigin,p=0.3,19,0.00034692251251300377,2000
2,rastrigin,p=0.4,19,0.017494415376702932,2000
2,rastrigin,"p=0.0,sigma=0.003",19,7.959662596001031,2000
2,rastrigin,"p=0.0,sigma=0.01",19,4.974790272862823,2000
2,rastrigin,"p=0.0,sigma=0.03",19,35.81816197895772,2000
2,rastrigin,"p=0.0,sigma=0.3",19,1.0359130597036383,2000
2,rastrigin,"p=0.0,sigma=1.0",19,1.014055428052636,2000
2,rastrigin,1/5sigma+p=0.2,19,0.0,2000
2,rastrigin,decay-p,19,0.9969059423987119,2000
2,rastrigin,history-BJS low,19,0.9964513639281378,2000
2,rastrigin,ML-BJS reuse,19,1.9901798581413814,1995
2,rastrigin,ML-BJS probe/4,19,1.0094961720915592,1993
2,rastrigin,ML-BJS train1,19,2.070553497332817,1999
2,rastrigin,ML-BJS train2,19,4.97728387051516,1999
2,rastrigin,ML-BJS train3,19,1.004438539161871,1999
2,rastrigin,ML-BJS train4,19,2.1834885985886174,1999
2,rastrigin,ML-BJS disjoint,19,2.0103929953353266,1999
2,rastrigin,L3 matched+refine,19,0.01123675787905043,2000
2,rastrigin,L3 full+refine,19,1.0346516149358962,2000
2,rastrigin,B+ p=0.2,19,0.9954436470141168,10000
2,rastrigin,B+ ML-BJS,19,1.0046405238315756,10000
2,rastrigin,B+ ML-BJS free-probe,19,0.00011781237507335618,10000
2,rastrigin,B+ history-BJS,19,0.004134889644696216,10000
2,rastrigin,B+ 1/5-rule,19,19.899074983015616,10000
2,rastrigin,p=0.3,20,0.996084649333639,2000
2,rastrigin,p=0.4,20,0.9970830335567413,2000
2,rastrigin,"p=0.0,sigma=0.003",20,16.914205168714084,2000
2,rastrigin,"p=0.0,sigma=0.01",20,40.792989377683,2000
2,rastrigin,"p=0.0,sigma=0.03",20,36.81299017214014,2000
2,rastrigin,"p=0.0,sigma=0.3",20,2.228854662423661,2000
2,rastrigin,"p=0.0,sigma=1.0",20,0.004863621581513655,2000
2,rastrigin,1/5sigma+p=0.2,20,0.9949590570932898,2000
2,rastrigin,decay-p,20,1.9915220328401944,2000
2,rastrigin,history-BJS low,20,1.990878989953444,2000
2,rastrigin,ML-BJS reuse,20,0.9952302593128515,1992
2,rastrigin,ML-BJS probe/4,20,1.0067647780846478,1993
2,rastrigin,ML-BJS train1,20,1.121961386930323,1999
2,rastrigin,ML-BJS train2,20,3.988977954097763,1999
2,rastrigin,ML-BJS train3,20,1.103163011331592,1999
2,rastrigin,ML-BJS train4,20,5.1101594970949265,1999
2,rastrigin,ML-BJS disjoint,20,0.004047061021040577,1999
2,rastrigin,L3 matched+refine,20,0.004736693645398304,2000
2,rastrigin,L3 full+refine,20,0.02437975902908107,2000
2,rastrigin,B+ p=0.2,20,0.9965671033201922,10000
2,rastrigin,B+ ML-BJS,20,0.0287714790542708,10000
2,rastrigin,B+ ML-BJS free-probe,20,0.000933532506500967,10000
2,rastrigin,B+ history-BJS,20,0.005182081283038542,10000
2,rastrigin,B+ 1/5-rule,20,15.919243792461529,10000
2,rastrigin,p=0.3,21,0.9983554751495234,2000
2,rastrigin,p=0.4,21,1.0014698250579102,2000
2,rastrigin,"p=0.0,sigma=0.003",21,9.949569068533496,2000
2,rastrigin,"p=0.0,sigma=0.01",21,4.003269359031947e-05,2000
2,rastrigin,"p=0.0,sigma=0.03",21,9.949662046153318,2000
2,rastrigin,"p=0.0,sigma=0.3",21,10.001551610491132,2000
2,rastrigin,"p=0.0,sigma=1.0",21,0.11823424908731539,2000
2,rastrigin,1/5sigma+p=0.2,21,0.0,2000
2,rastrigin,decay-p,21,1.0002946724442197,2000
2,rastrigin,history-BJS low,21,0.9973997886456374,2000
2,rastrigin,ML-BJS reuse,21,0.999421961977859,2000
2,rastrigin,ML-BJS probe/4,21,2.015054448050435,1993
2,rastrigin,ML-BJS train1,21,2.038056848982265,1999
2,rastrigin,ML-BJS train2,21,4.060782052773543,1999
2,rastrigin,ML-BJS train3,21,1.0391535339421551,1999
2,rastrigin,ML-BJS train4,21,1.9962032168440693,1999
2,rastrigin,ML-BJS disjoint,21,5.172755158150466,1999
2,rastrigin,L3 matched+refine,21,0.004489582931963554,2000
2,rastrigin,L3 full+refine,21,1.9939185978766325,2000
2,rastrigin,B+ p=0.2,21,0.9949778680782515,10000
2,rastrigin,B+ ML-BJS,21,1.032415302275954,10000
2,rastrigin,B+ ML-BJS free-probe,21,0.002249918521165739,10000
2,rastrigin,B+ history-BJS,21,0.0015362188282033173,10000
2,rastrigin,B+ 1/5-rule,21,36.812950989890005,10000
2,rastrigin,p=0.3,22,0.005378394298517719,2000
2,rastrigin,p=0.4,22,0.01972721999216276,2000
2,rastrigin,"p=0.0,sigma=0.003",22,70.47552405229837,2000
2,rastrigin,"p=0.0,sigma=0.01",22,19.89908361657971,2000
2,rastrigin,"p=0.0,sigma=0.03",22,25.868897864246286,2000
2,rastrigin,"p=0.0,sigma=0.3",22,5.555804999144655,2000
2,rastrigin,"p=0.0,sigma=1.0",22,0.07341642660761494,2000
2,rastrigin,1/5sigma+p=0.2,22,1.9899181141865832,2000
2,rastrigin,decay-p,22,3.9895017311053778,2000
2,rastrigin,history-BJS low,22,0.0024964846270698615,2000
2,rastrigin,ML-BJS reuse,22,1.9905076467856375,1996
2,rastrigin,ML-BJS probe/4,22,0.008707302948145923,1993
2,rastrigin,ML-BJS train1,22,2.021280594813966,1999
2,rastrigin,ML-BJS train2,22,7.97059808847111,1999
2,rastrigin,ML-BJS train3,22,4.99272559765884,1999
2,rastrigin,ML-BJS train4,22,0.4032690551053726,1999
2,rastrigin,ML-BJS disjoint,22,5.520147692248566,1999
2,rastrigin,L3 matched+refine,22,0.00921609290405101,2000
2,rastrigin,L3 full+refine,22,0.015468135424544727,2000
2,rastrigin,B+ p=0.2,22,0.0003538905866271591,10000
2,rastrigin,B+ ML-BJS,22,1.0148942836014214,10000
2,rastrigin,B+ ML-BJS free-probe,22,0.0026497036465364943,10000
2,rastrigin,B+ history-BJS,22,0.0006267388826799447,10000
2,rastrigin,B+ 1/5-rule,22,1.9899181141865796,10000
2,rastrigin,p=0.3,23,1.0043359680631063,2000
2,rastrigin,p=0.4,23,0.997746871107104,2000
2,rastrigin,"p=0.0,sigma=0.003",23,1.9899185889337616,2000
2,rastrigin,"p=0.0,sigma=0.01",23,28.853557864397622,2000
2,rastrigin,"p=0.0,sigma=0.03",23,32.65662287207965,2000
2,rastrigin,"p=0.0,sigma=0.3",23,1.1346510009744932,2000
2,rastrigin,"p=0.0,sigma=1.0",23,0.4179371703857555,2000
2,rastrigin,1/5sigma+p=0.2,23,1.9899181141865796,2000
2,rastrigin,decay-p,23,0.9959563978682766,2000
2,rastrigin,history-BJS low,23,1.989991168013212,2000
2,rastrigin,ML-BJS reuse,23,0.9966389982623127,2000
2,rastrigin,ML-BJS probe/4,23,1.0130725042217605,1993
2,rastrigin,ML-BJS train1,23,4.06906378852254,1999
2,rastrigin,ML-BJS train2,23,1.093277830583311,1999
2,rastrigin,ML-BJS train3,23,1.0277308837687542,1999
2,rastrigin,ML-BJS train4,23,4.039440852778013,1999
2,rastrigin,ML-BJS disjoint,23,1.035987526586915,1999
2,rastrigin,L3 matched+refine,23,0.00017617426291138827,2000
2,rastrigin,L3 full+refine,23,0.030065710838115933,2000
2,rastrigin,B+ p=0.2,23,0.995913829018555,10000
2,rastrigin,B+ ML-BJS,23,0.011590431102725063,10000
2,rastrigin,B+ ML-BJS free-probe,23,0.9964277800912242,10000
2,rastrigin,B+ history-BJS,23,0.0022900098246836365,10000
2,rastrigin,B+ 1/5-rule,23,12.934432432041095,10000
2,rastrigin,p=0.3,24,1.991079066284641,2000
2,rastrigin,p=0.4,24,1.021995548636113,2000
2,rastrigin,"p=0.0,sigma=0.003",24,4.974790903361077,2000
2,rastrigin,"p=0.0,sigma=0.01",24,12.934439545251221,2000
2,rastrigin,"p=0.0,sigma=0.03",24,16.91427636330927,2000
2,rastrigin,"p=0.0,sigma=0.3",24,5.050606535176275,2000
2,rastrigin,"p=0.0,sigma=1.0",24,0.039173377211589866,2000
2,rastrigin,1/5sigma+p=0.2,24,0.0,2000
2,rastrigin,decay-p,24,0.0023301873406609275,2000
2,rastrigin,history-BJS low,24,0.02550480865653526,2000
2,rastrigin,ML-BJS reuse,24,4.979601356225736,2000
2,rastrigin,ML-BJS probe/4,24,0.9978629925736158,1993
2,rastrigin,ML-BJS train1,24,1.0329688669589316,1999
2,rastrigin,ML-BJS train2,24,1.1070604919254876,1999
2,rastrigin,ML-BJS train3,24,4.074501190602906,1999
2,rastrigin,ML-BJS train4,24,9.984501729378259,1999
2,rastrigin,ML-BJS disjoint,24,5.120522228188317,1999
2,rastrigin,L3 matched+refine,24,0.00016932187697449308,2000
2,rastrigin,L3 full+refine,24,1.003048243607651,2000
2,rastrigin,B+ p=0.2,24,0.9951078009003353,10000
2,rastrigin,B+ ML-BJS,24,1.0257850851519947,10000
2,rastrigin,B+ ML-BJS free-probe,24,0.0009799220028590128,10000
2,rastrigin,B+ history-BJS,24,0.0007352841088987816,10000
2,rastrigin,B+ 1/5-rule,24,4.974790247647377,10000
2,rastrigin,p=0.3,25,1.9930915815624672,2000
2,rastrigin,p=0.4,25,0.00961957035272576,2000
2,rastrigin,"p=0.0,sigma=0.003",25,9.949560991763473,2000
2,rastrigin,"p=0.0,sigma=0.01",25,25.868684864444333,2000
2,rastrigin,"p=0.0,sigma=0.03",25,9.949582816057987,2000
2,rastrigin,"p=0.0,sigma=0.3",25,9.001271119607129,2000
2,rastrigin,"p=0.0,sigma=1.0",25,0.06302495771929983,2000
2,rastrigin,1/5sigma+p=0.2,25,0.9949590570932898,2000
2,rastrigin,decay-p,25,0.9973943943202599,2000
2,rastrigin,history-BJS low,25,0.9954598270421826,2000
2,rastrigin,ML-BJS reuse,25,1.9920723623485195,1995
2,rastrigin,ML-BJS probe/4,25,5.025629038363217,1993
2,rastrigin,ML-BJS train1,25,1.0198150342111596,1999
2,rastrigin,ML-BJS train2,25,1.0198102103749846,1999
2,rastrigin,ML-BJS train3,25,0.05342448875421013,1999
2,rastrigin,ML-BJS train4,25,2.1808685164118735,1999
2,rastrigin,ML-BJS disjoint,25,0.1608569695347981,1999
2,rastrigin,L3 matched+refine,25,0.0026204982125825893,2000
2,rastrigin,L3 full+refine,25,0.03532424088295727,2000
2,rastrigin,B+ p=0.2,25,0.9950589859499885,10000
2,rastrigin,B+ ML-BJS,25,1.037303248864884,10000
2,rastrigin,B+ ML-BJS free-probe,25,0.996081926676446,10000
2,rastrigin,B+ history-BJS,25,0.019030199451254504,10000
2,rastrigin,B+ 1/5-rule,25,4.974790247647377,10000
2,rastrigin,p=0.3,26,0.9978871304897794,2000
2,rastrigin,p=0.4,26,0.9970354726442849,2000
2,rastrigin,"p=0.0,sigma=0.003",26,12.934433197821507,2000
2,rastrigin,"p=0.0,sigma=0.01",26,15.919250152339346,2000
2,rastrigin,"p=0.0,sigma=0.03",26,33.828447510250776,2000
2,rastrigin,"p=0.0,sigma=0.3",26,1.032000975142676,2000
2,rastrigin,"p=0.0,sigma=1.0",26,0.018513422723401618,2000
2,rastrigin,1/5sigma+p=0.2,26,4.974790247647377,2000
2,rastrigin,decay-p,26,0.9976814394958851,2000
2,rastrigin,history-BJS low,26,0.9969305858426907,2000
2,rastrigin,ML-BJS reuse,26,0.9977315193840681,1993
2,rastrigin,ML-BJS probe/4,26,0.9957227065308594,1993
2,rastrigin,ML-BJS train1,26,2.005225781228887,1999
2,rastrigin,ML-BJS train2,26,1.100337474256282,1999
2,rastrigin,ML-BJS train3,26,1.0681027481149101,1999
2,rastrigin,ML-BJS train4,26,1.0952809121026554,1999
2,rastrigin,ML-BJS disjoint,26,1.0053153450456165,1999
2,rastrigin,L3 matched+refine,26,0.00301328381797461,2000
2,rastrigin,L3 full+refine,26,0.004765383153713998,2000
2,rastrigin,B+ p=0.2,26,0.000534873459884011,10000
2,rastrigin,B+ ML-BJS,26,2.0082363030078128,10000
2,rastrigin,B+ ML-BJS free-probe,26,0.0003144184582311027,10000
2,rastrigin,B+ history-BJS,26,0.9972457889752206,10000
2,rastrigin,B+ 1/5-rule,26,31.838487584923065,10000
2,rastrigin,p=0.3,27,0.9987282729455735,2000
2,rastrigin,p=0.4,27,1.0019152004383685,2000
2,rastrigin,"p=0.0,sigma=0.003",27,16.91420476008355,2000
2,rastrigin,"p=0.0,sigma=0.01",27,19.89909295223459,2000
2,rastrigin,"p=0.0,sigma=0.03",27,19.899092968687587,2000
2,rastrigin,"p=0.0,sigma=0.3",27,12.973673458852707,2000
2,rastrigin,"p=0.0,sigma=1.0",27,0.03417324814655842,2000
2,rastrigin,1/5sigma+p=0.2,27,1.9899181141865796,2000
2,rastrigin,decay-p,27,0.996518069477986,2000
2,rastrigin,history-BJS low,27,0.001393821635357284,2000
2,rastrigin,ML-BJS reuse,27,0.004464715234739458,1999
2,rastrigin,ML-BJS probe/4,27,2.0157637919759743,1993
2,rastrigin,ML-BJS train1,27,4.088807191006357,1999
2,rastrigin,ML-BJS train2,27,1.0452836071098162,1999
2,rastrigin,ML-BJS train3,27,0.03112649873672524,1999
2,rastrigin,ML-BJS train4,27,1.9980571020931563,1999
2,rastrigin,ML-BJS disjoint,27,1.0411629189415699,1999
2,rastrigin,L3 matched+refine,27,0.0013599779439914528,2000
2,rastrigin,L3 full+refine,27,0.002640111632235431,2000
2,rastrigin,B+ p=0.2,27,0.0001881099828970889,10000
2,rastrigin,B+ ML-BJS,27,2.006834817094223,10000
2,rastrigin,B+ ML-BJS free-probe,27,0.9958886050101015,10000
2,rastrigin,B+ history-BJS,27,0.00029543784542340745,10000
2,rastrigin,B+ 1/5-rule,27,16.914202849554822,10000
2,rastrigin,p=0.3,28,0.9964377967890599,2000
2,rastrigin,p=0.4,28,0.012623924290807054,2000
2,rastrigin,"p=0.0,sigma=0.003",28,4.974791748315319,2000
2,rastrigin,"p=0.0,sigma=0.01",28,1.989941858445519,2000
2,rastrigin,"p=0.0,sigma=0.03",28,28.853838264081208,2000
2,rastrigin,"p=0.0,sigma=0.3",28,10.374473979170064,2000
2,rastrigin,"p=0.0,sigma=1.0",28,0.011023782159540474,2000
2,rastrigin,1/5sigma+p=0.2,28,0.9949590570932898,2000
2,rastrigin,decay-p,28,1.9901060001714441,2000
2,rastrigin,history-BJS low,28,0.018631836985154138,2000
2,rastrigin,ML-BJS reuse,28,0.9969507506600408,1999
2,rastrigin,ML-BJS probe/4,28,1.0528161534569094,1993
2,rastrigin,ML-BJS train1,28,1.0483153126100433,1999
2,rastrigin,ML-BJS train2,28,2.107307731845218,1999
2,rastrigin,ML-BJS train3,28,1.174029965779411,1999
2,rastrigin,ML-BJS train4,28,2.034928923934334,1999
2,rastrigin,ML-BJS disjoint,28,1.0228061222473812,1999
2,rastrigin,L3 matched+refine,28,0.0007463525353799128,2000
2,rastrigin,L3 full+refine,28,0.02226726828131831,2000
2,rastrigin,B+ p=0.2,28,0.995482521424492,10000
2,rastrigin,B+ ML-BJS,28,1.9961383495507548,10000
2,rastrigin,B+ ML-BJS free-probe,28,0.007107064447783529,10000
2,rastrigin,B+ history-BJS,28,0.9955841647925254,10000
2,rastrigin,B+ 1/5-rule,28,9.949560298580302,10000
2,rastrigin,p=0.3,29,1.9928606314575532,2000
2,rastrigin,p=0.4,29,1.0007974159660655,2000
2,rastrigin,"p=0.0,sigma=0.003",29,9.94956165138551,2000
2,rastrigin,"p=0.0,sigma=0.01",29,1.9899235896106333,2000
2,rastrigin,"p=0.0,sigma=0.03",29,16.914275343949562,2000
2,rastrigin,"p=0.0,sigma=0.3",29,3.756769676775839,2000
2,rastrigin,"p=0.0,sigma=1.0",29,0.09507696566326729,2000
2,rastrigin,1/5sigma+p=0.2,29,0.9949590570932898,2000
2,rastrigin,decay-p,29,0.002425980219069146,2000
2,rastrigin,history-BJS low,29,0.9964587328450669,2000
2,rastrigin,ML-BJS reuse,29,0.0029177142995742145,1993
2,rastrigin,ML-BJS probe/4,29,1.023790084684272,1993
2,rastrigin,ML-BJS train1,29,1.0330233086996365,1999
2,rastrigin,ML-BJS train2,29,4.1489944889271,1999
2,rastrigin,ML-BJS train3,29,1.0140971310002982,1999
2,rastrigin,ML-BJS train4,29,3.997030512068637,1999
2,rastrigin,ML-BJS disjoint,29,2.059507123490846,1999
2,rastrigin,L3 matched+refine,29,0.007513645673540736,2000
2,rastrigin,L3 full+refine,29,0.014001277385290223,2000
2,rastrigin,B+ p=0.2,29,0.9956177805261319,10000
2,rastrigin,B+ ML-BJS,29,1.0421905766225734,10000
2,rastrigin,B+ ML-BJS free-probe,29,1.0042270000461926,10000
2,rastrigin,B+ history-BJS,29,0.002140694053572645,10000
2,rastrigin,B+ 1/5-rule,29,3.979831190554087,10000
2,ackley,p=0.3,0,0.019685828499792724,2000
2,ackley,p=0.4,0,0.002316551312184334,2000
2,ackley,"p=0.0,sigma=0.003",0,7.180952676967081,2000
2,ackley,"p=0.0,sigma=0.01",0,6.559647137249939,2000
2,ackley,"p=0.0,sigma=0.03",0,8.813194914365074,2000
2,ackley,"p=0.0,sigma=0.3",0,0.025091988934172083,2000
2,ackley,"p=0.0,sigma=1.0",0,0.06731433774422557,2000
2,ackley,1/5sigma+p=0.2,0,1.283417816466681e-13,2000
2,ackley,decay-p,0,0.010250782585931706,2000
2,ackley,history-BJS low,0,0.0055343519907649075,2000
2,ackley,ML-BJS reuse,0,0.009651827760368992,1995
2,ackley,ML-BJS probe/4,0,0.04613597793772373,1993
2,ackley,ML-BJS train1,0,2.6035440853410887,1999
2,ackley,ML-BJS train2,0,0.011770712650811976,1999
2,ackley,ML-BJS train3,0,2.5806468092239006,1999
2,ackley,ML-BJS train4,0,2.5892666542319707,1999
2,ackley,ML-BJS disjoint,0,2.6130578365587955,1999
2,ackley,L3 matched+refine,0,0.01688089341162824,2000
2,ackley,L3 full+refine,0,0.008331205045319923,2000
2,ackley,B+ p=0.2,0,0.005762264522986005,10000
2,ackley,B+ ML-BJS,0,0.011387553918553284,10000
2,ackley,B+ ML-BJS free-probe,0,0.010665463418949361,10000
2,ackley,B+ history-BJS,0,0.006340997945198712,10000
2,ackley,B+ 1/5-rule,0,6.5596453756278805,10000
2,ackley,p=0.3,1,0.008803353381428014,2000
2,ackley,p=0.4,1,0.011045526928743943,2000
2,ackley,"p=0.0,sigma=0.003",1,6.882582702193883,2000
2,ackley,"p=0.0,sigma=0.01",1,7.180953076567006,2000
2,ackley,"p=0.0,sigma=0.03",1,7.1809609778338075,2000
2,ackley,"p=0.0,sigma=0.3",1,0.007721525194242407,2000
2,ackley,"p=0.0,sigma=1.0",1,0.12325320455147848,2000
2,ackley,1/5sigma+p=0.2,1,1.9939605522267811e-13,2000
2,ackley,decay-p,1,0.009519650650379408,2000
2,ackley,history-BJS low,1,0.0052865970581561506,2000
2,ackley,ML-BJS reuse,1,0.015794731521293404,1992
2,ackley,ML-BJS probe/4,1,0.023648028517716302,1993
2,ackley,ML-BJS train1,1,0.02580463181478665,1999
2,ackley,ML-BJS train2,1,3.5890569840888173,1999
2,ackley,ML-BJS train3,1,2.6073796857667593,1999
2,ackley,ML-BJS train4,1,1.4596517641917655,1999
2,ackley,ML-BJS disjoint,1,0.036383087862816854,1999
2,ackley,L3 matched+refine,1,0.009744093405825272,2000
2,ackley,L3 full+refine,1,0.02454716765178988,2000
2,ackley,B+ p=0.2,1,0.002829857310232331,10000
2,ackley,B+ ML-BJS,1,0.0443630633138139,10000
2,ackley,B+ ML-BJS free-probe,1,0.006893028801745249,10000
2,ackley,B+ history-BJS,1,0.0041663949627275265,10000
2,ackley,B+ 1/5-rule,1,5.381864187490191,10000
2,ackley,p=0.3,2,0.0077197730497649,2000
2,ackley,p=0.4,2,0.019324044856180667,2000
2,ackley,"p=0.0,sigma=0.003",2,7.180952099365104,2000
2,ackley,"p=0.0,sigma=0.01",2,7.961711442110165,2000
2,ackley,"p=0.0,sigma=0.03",2,11.810673539749427,2000
2,ackley,"p=0.0,sigma=0.3",2,0.013286615469017438,2000
2,ackley,"p=0.0,sigma=1.0",2,0.06724738592687673,2000
2,ackley,1/5sigma+p=0.2,2,2.5799275570298694,2000
2,ackley,decay-p,2,0.017658755623959355,2000
2,ackley,history-BJS low,2,0.001997794348451709,2000
2,ackley,ML-BJS reuse,2,0.007532631578492488,1999
2,ackley,ML-BJS probe/4,2,0.01723781120213319,1993
2,ackley,ML-BJS train1,2,2.5847195212695735,1999
2,ackley,ML-BJS train2,2,2.5806173351407797,1999
2,ackley,ML-BJS train3,2,2.584619225964691,1999
2,ackley,ML-BJS train4,2,0.045226757694341035,1999
2,ackley,ML-BJS disjoint,2,2.591152874165474,1999
2,ackley,L3 matched+refine,2,0.009329714793434807,2000
2,ackley,L3 full+refine,2,0.014132532989851843,2000
2,ackley,B+ p=0.2,2,0.005309413343831171,10000
2,ackley,B+ ML-BJS,2,0.05456950442422981,10000
2,ackley,B+ ML-BJS free-probe,2,0.016240830560712016,10000
2,ackley,B+ history-BJS,2,0.0101477705126638,10000
2,ackley,B+ 1/5-rule,2,10.645027483714342,10000
2,ackley,p=0.3,3,0.0044056960041989335,2000
2,ackley,p=0.4,3,0.012459351873179703,2000
2,ackley,"p=0.0,sigma=0.003",3,8.806593112398328,2000
2,ackley,"p=0.0,sigma=0.01",3,7.180951954121122,2000
2,ackley,"p=0.0,sigma=0.03",3,7.180966843084526,2000
2,ackley,"p=0.0,sigma=0.3",3,0.020306028812715926,2000
2,ackley,"p=0.0,sigma=1.0",3,0.0737445237622727,2000
2,ackley,1/5sigma+p=0.2,3,4.247781237864956e-09,2000
2,ackley,decay-p,3,0.016384164180852867,2000
2,ackley,history-BJS low,3,0.00759576492587799,2000
2,ackley,ML-BJS reuse,3,0.03633540050121953,1998
2,ackley,ML-BJS probe/4,3,0.08230609435739611,1993
2,ackley,ML-BJS train1,3,2.5900995751415796,1999
2,ackley,ML-BJS train2,3,2.6076431631764376,1999
2,ackley,ML-BJS train3,3,0.08333777876434256,1999
2,ackley,ML-BJS train4,3,2.58039770983627,1999
2,ackley,ML-BJS disjoint,3,0.004352356337037566,1999
2,ackley,L3 matched+refine,3,0.03891003164757878,2000
2,ackley,L3 full+refine,3,0.03806953729058238,2000
2,ackley,B+ p=0.2,3,0.004117365151306007,10000
2,ackley,B+ ML-BJS,3,0.039570974791154345,10000
2,ackley,B+ ML-BJS free-probe,3,0.00816141326790687,10000
2,ackley,B+ history-BJS,3,0.011957930009611761,10000
2,ackley,B+ 1/5-rule,3,11.810621416070042,10000
2,ackley,p=0.3,4,2.5819415591298065,2000
2,ackley,p=0.4,4,0.01032017284456943,2000
2,ackley,"p=0.0,sigma=0.003",4,7.961711506864219,2000
2,ackley,"p=0.0,sigma=0.01",4,12.24374762141927,2000
2,ackley,"p=0.0,sigma=0.03",4,5.381868113209961,2000
2,ackley,"p=0.0,sigma=0.3",4,0.03788637086696456,2000
2,ackley,"p=0.0,sigma=1.0",4,0.0611241053496383,2000
2,ackley,1/5sigma+p=0.2,4,1.567634910770721e-13,2000
2,ackley,decay-p,4,0.02160027326340641,2000
2,ackley,history-BJS low,4,0.009649069946661815,2000
2,ackley,ML-BJS reuse,4,2.5802707316141107,1992
2,ackley,ML-BJS probe/4,4,0.016953843272152103,1993
2,ackley,ML-BJS train1,4,0.10222129093583421,1999
2,ackley,ML-BJS train2,4,3.5771424478006506,1999
2,ackley,ML-BJS train3,4,3.5783135484065736,1999
2,ackley,ML-BJS train4,4,2.5801119063932707,1999
2,ackley,ML-BJS disjoint,4,0.046013698406274006,1999
2,ackley,L3 matched+refine,4,0.002744663581556228,2000
2,ackley,L3 full+refine,4,0.032140542934023575,2000
2,ackley,B+ p=0.2,4,0.007774792458957069,10000
2,ackley,B+ ML-BJS,4,2.5801763183200603,10000
2,ackley,B+ ML-BJS free-probe,4,0.007522154839975759,10000
2,ackley,B+ history-BJS,4,0.0063679487987085,10000
2,ackley,B+ 1/5-rule,4,4.440892098500626e-16,10000
2,ackley,p=0.3,5,0.018656390036373427,2000
2,ackley,p=0.4,5,0.01500112474843407,2000
2,ackley,"p=0.0,sigma=0.003",5,7.961711427701109,2000
2,ackley,"p=0.0,sigma=0.01",5,5.381865050840041,2000
2,ackley,"p=0.0,sigma=0.03",5,8.813211847743634,2000
2,ackley,"p=0.0,sigma=0.3",5,0.003956083448909187,2000
2,ackley,"p=0.0,sigma=1.0",5,0.07952086449334006,2000
2,ackley,1/5sigma+p=0.2,5,1.851852005074761e-13,2000
2,ackley,decay-p,5,0.011355356331773425,2000
2,ackley,history-BJS low,5,0.011260198134224186,2000
2,ackley,ML-BJS reuse,5,0.006173454811453372,1993
2,ackley,ML-BJS probe/4,5,0.03456965376327448,1993
2,ackley,ML-BJS train1,5,2.5825082232689067,1999
2,ackley,ML-BJS train2,5,2.604624236586997,1999
2,ackley,ML-BJS train3,5,2.586433398686307,1999
2,ackley,ML-BJS train4,5,0.041281902768755874,1999
2,ackley,ML-BJS disjoint,5,0.10398626532781607,1999
2,ackley,L3 matched+refine,5,0.012353044730343488,2000
2,ackley,L3 full+refine,5,0.009177584693525365,2000
2,ackley,B+ p=0.2,5,0.005515517448053675,10000
2,ackley,B+ ML-BJS,5,0.011660814117942397,10000
2,ackley,B+ ML-BJS free-probe,5,0.007799642581713062,10000
2,ackley,B+ history-BJS,5,0.00524377889149763,10000
2,ackley,B+ 1/5-rule,5,5.381864187490191,10000
2,ackley,p=0.3,6,0.012470566519926951,2000
2,ackley,p=0.4,6,0.012971985859728807,2000
2,ackley,"p=0.0,sigma=0.003",6,10.645028054752112,2000
2,ackley,"p=0.0,sigma=0.01",6,6.882584418292799,2000
2,ackley,"p=0.0,sigma=0.03",6,8.61625296768467,2000
2,ackley,"p=0.0,sigma=0.3",6,0.024370654274072923,2000
2,ackley,"p=0.0,sigma=1.0",6,0.11424487640574954,2000
2,ackley,1/5sigma+p=0.2,6,7.149836278586008e-14,2000
2,ackley,decay-p,6,0.0033773890544215313,2000
2,ackley,history-BJS low,6,0.012162662122432,2000
2,ackley,ML-BJS reuse,6,2.58017100842314,1992
2,ackley,ML-BJS probe/4,6,0.03181595378745827,1993
2,ackley,ML-BJS train1,6,0.07520083373894026,1999
2,ackley,ML-BJS train2,6,2.5870369910861126,1999
2,ackley,ML-BJS train3,6,2.58666282503355,1999
2,ackley,ML-BJS train4,6,0.027709664497053144,1999
2,ackley,ML-BJS disjoint,6,0.37581314453452963,1999
2,ackley,L3 matched+refine,6,0.01092416547859587,2000
2,ackley,L3 full+refine,6,0.04464661686455473,2000
2,ackley,B+ p=0.2,6,0.007655749470565798,10000
2,ackley,B+ ML-BJS,6,0.028021091439211165,10000
2,ackley,B+ ML-BJS free-probe,6,0.0018056751378776603,10000
2,ackley,B+ history-BJS,6,0.009538849327885845,10000
2,ackley,B+ 1/5-rule,6,9.353039239137804,10000
2,ackley,p=0.3,7,0.006766498995777415,2000
2,ackley,p=0.4,7,0.011384181051245168,2000
2,ackley,"p=0.0,sigma=0.003",7,0.0004159654386204359,2000
2,ackley,"p=0.0,sigma=0.01",7,10.120352610594903,2000
2,ackley,"p=0.0,sigma=0.03",7,11.217599783634025,2000
2,ackley,"p=0.0,sigma=0.3",7,0.022240685749427502,2000
2,ackley,"p=0.0,sigma=1.0",7,0.06724276427157294,2000
2,ackley,1/5sigma+p=0.2,7,2.1360690993788012e-13,2000
2,ackley,decay-p,7,0.011745121941086456,2000
2,ackley,history-BJS low,7,0.008671853461898582,2000
2,ackley,ML-BJS reuse,7,2.5800340278397553,1997
2,ackley,ML-BJS probe/4,7,0.0040341064985729425,1993
2,ackley,ML-BJS train1,7,0.049200735619024716,1999
2,ackley,ML-BJS train2,7,0.025577772955142297,1999
2,ackley,ML-BJS train3,7,0.10946886792471888,1999
2,ackley,ML-BJS train4,7,0.029556169470776883,1999
2,ackley,ML-BJS disjoint,7,0.015012891821417629,1999
2,ackley,L3 matched+refine,7,0.015710357878902403,2000
2,ackley,L3 full+refine,7,0.005739185930356161,2000
2,ackley,B+ p=0.2,7,0.005704608849268045,10000
2,ackley,B+ ML-BJS,7,0.012984953488786477,10000
2,ackley,B+ ML-BJS free-probe,7,0.005430323056409225,10000
2,ackley,B+ history-BJS,7,0.007098710534489516,10000
2,ackley,B+ 1/5-rule,7,10.12035074363267,10000
2,ackley,p=0.3,8,0.008731928447396786,2000
2,ackley,p=0.4,8,0.007013189686681631,2000
2,ackley,"p=0.0,sigma=0.003",8,10.120352017069596,2000
2,ackley,"p=0.0,sigma=0.01",8,8.616253549459003,2000
2,ackley,"p=0.0,sigma=0.03",8,5.381874007162516,2000
2,ackley,"p=0.0,sigma=0.3",8,0.022225379824132308,2000
2,ackley,"p=0.0,sigma=1.0",8,0.03399657073772078,2000
2,ackley,1/5sigma+p=0.2,8,1.851852005074761e-13,2000
2,ackley,decay-p,8,0.007592654811315658,2000
2,ackley,history-BJS low,8,0.0032448689984616585,2000
2,ackley,ML-BJS reuse,8,2.580271439326847,1997
2,ackley,ML-BJS probe/4,8,0.06143356893984775,1993
2,ackley,ML-BJS train1,8,0.09876559687948161,1999
2,ackley,ML-BJS train2,8,0.06591350099173754,1999
2,ackley,ML-BJS train3,8,0.02253280827702797,1999
2,ackley,ML-BJS train4,8,2.581004068126433,1999
2,ackley,ML-BJS disjoint,8,0.12186178046368967,1999
2,ackley,L3 matched+refine,8,0.0005800691607764641,2000
2,ackley,L3 full+refine,8,0.02164258406542574,2000
2,ackley,B+ p=0.2,8,0.008249015445116914,10000
2,ackley,B+ ML-BJS,8,0.013295946939337444,10000
2,ackley,B+ ML-BJS free-probe,8,0.005439832509893439,10000
2,ackley,B+ history-BJS,8,0.005047240214480997,10000
2,ackley,B+ 1/5-rule,8,10.25797437214942,10000
2,ackley,p=0.3,9,0.016833822840113033,2000
2,ackley,p=0.4,9,0.009492151354653533,2000
2,ackley,"p=0.0,sigma=0.003",9,7.9617113249403175,2000
2,ackley,"p=0.0,sigma=0.01",9,4.884070786848621,2000
2,ackley,"p=0.0,sigma=0.03",9,2.5799586083172774,2000
2,ackley,"p=0.0,sigma=0.3",9,0.02691438125024037,2000
2,ackley,"p=0.0,sigma=1.0",9,0.28642399852562805,2000
2,ackley,1/5sigma+p=0.2,9,6.794564910705958e-14,2000
2,ackley,decay-p,9,0.007584618815489552,2000
2,ackley,history-BJS low,9,0.018128651460312728,2000
2,ackley,ML-BJS reuse,9,2.579982757683489,1995
2,ackley,ML-BJS probe/4,9,2.5804053535409293,1993
2,ackley,ML-BJS train1,9,0.054557301044625195,1999
2,ackley,ML-BJS train2,9,0.00815886388803877,1999
2,ackley,ML-BJS train3,9,0.07991899019948123,1999
2,ackley,ML-BJS train4,9,0.04061205163232673,1999
2,ackley,ML-BJS disjoint,9,0.1341725658167232,1999
2,ackley,L3 matched+refine,9,0.022010544675684418,2000
2,ackley,L3 full+refine,9,0.01253224120457519,2000
2,ackley,B+ p=0.2,9,0.0035539130924324702,10000
2,ackley,B+ ML-BJS,9,0.03239144046502718,10000
2,ackley,B+ ML-BJS free-probe,9,0.00477602524483034,10000
2,ackley,B+ history-BJS,9,0.00430082748207683,10000
2,ackley,B+ 1/5-rule,9,10.25797437214942,10000
2,ackley,p=0.3,10,0.012700680401117825,2000
2,ackley,p=0.4,10,0.030610495627261702,2000
2,ackley,"p=0.0,sigma=0.003",10,5.381864567721305,2000
2,ackley,"p=0.0,sigma=0.01",10,5.381865671664517,2000
2,ackley,"p=0.0,sigma=0.03",10,4.884068251409506,2000
2,ackley,"p=0.0,sigma=0.3",10,0.045760733933363884,2000
2,ackley,"p=0.0,sigma=1.0",10,0.09005674295887944,2000
2,ackley,1/5sigma+p=0.2,10,2.2071233729548112e-13,2000
2,ackley,decay-p,10,0.0023753158035515476,2000
2,ackley,history-BJS low,10,0.014231441465618833,2000
2,ackley,ML-BJS reuse,10,2.5807168918800696,1996
2,ackley,ML-BJS probe/4,10,0.012926085365709827,1993
2,ackley,ML-BJS train1,10,0.09792846296875668,1999
2,ackley,ML-BJS train2,10,2.5954530325695733,1999
2,ackley,ML-BJS train3,10,2.5860436822187833,1999
2,ackley,ML-BJS train4,10,2.588027354698753,1999
2,ackley,ML-BJS disjoint,10,0.041712387639865955,1999
2,ackley,L3 matched+refine,10,0.0018680050899395617,2000
2,ackley,L3 full+refine,10,0.025897327745060483,2000
2,ackley,B+ p=0.2,10,0.003351324628952046,10000
2,ackley,B+ ML-BJS,10,0.014425041091400193,10000
2,ackley,B+ ML-BJS free-probe,10,0.004006397260106542,10000
2,ackley,B+ history-BJS,10,0.008525022934531723,10000
2,ackley,B+ 1/5-rule,10,9.001093478292006,10000
2,ackley,p=0.3,11,0.009022063473186126,2000
2,ackley,p=0.4,11,2.5813081160685276,2000
2,ackley,"p=0.0,sigma=0.003",11,6.559645379563634,2000
2,ackley,"p=0.0,sigma=0.01",11,11.217549725445313,2000
2,ackley,"p=0.0,sigma=0.03",11,8.813203692348118,2000
2,ackley,"p=0.0,sigma=0.3",11,0.016306717110009306,2000
2,ackley,"p=0.0,sigma=1.0",11,0.06932136076994455,2000
2,ackley,1/5sigma+p=0.2,11,7.149836278586008e-14,2000
2,ackley,decay-p,11,0.006987150645894946,2000
2,ackley,history-BJS low,11,0.013297782859563956,2000
2,ackley,ML-BJS reuse,11,0.015708661769064935,1999
2,ackley,ML-BJS probe/4,11,0.051175427948912944,1993
2,ackley,ML-BJS train1,11,0.047952861805374614,1999
2,ackley,ML-BJS train2,11,2.585332488350016,1999
2,ackley,ML-BJS train3,11,0.11877306000579724,1999
2,ackley,ML-BJS train4,11,0.0309068101684713,1999
2,ackley,ML-BJS disjoint,11,2.581854534524276,1999
2,ackley,L3 matched+refine,11,0.02331520144496979,2000
2,ackley,L3 full+refine,11,0.01004564279605491,2000
2,ackley,B+ p=0.2,11,0.004487483441327544,10000
2,ackley,B+ ML-BJS,11,0.017252717838303955,10000
2,ackley,B+ ML-BJS free-probe,11,0.003567279539137491,10000
2,ackley,B+ history-BJS,11,0.0076062596409482985,10000
2,ackley,B+ 1/5-rule,11,8.81315177404689,10000
2,ackley,p=0.3,12,0.017805860557946307,2000
2,ackley,p=0.4,12,0.011252618322882046,2000
2,ackley,"p=0.0,sigma=0.003",12,9.35303938839697,2000
2,ackley,"p=0.0,sigma=0.01",12,11.52528700925852,2000
2,ackley,"p=0.0,sigma=0.03",12,7.96172549237688,2000
2,ackley,"p=0.0,sigma=0.3",12,0.03774903478288438,2000
2,ackley,"p=0.0,sigma=1.0",12,0.21431443768685243,2000
2,ackley,1/5sigma+p=0.2,12,1.496580637194711e-13,2000
2,ackley,decay-p,12,0.004150155193255234,2000
2,ackley,history-BJS low,12,2.580125631233433,2000
2,ackley,ML-BJS reuse,12,2.580107012011404,2000
2,ackley,ML-BJS probe/4,12,0.02822177495418332,1993
2,ackley,ML-BJS train1,12,0.06893990466480249,1999
2,ackley,ML-BJS train2,12,0.019788199872877943,1999
2,ackley,ML-BJS train3,12,2.5944847234906523,1999
2,ackley,ML-BJS train4,12,0.0733278262224002,1999
2,ackley,ML-BJS disjoint,12,0.27845169983781703,1999
2,ackley,L3 matched+refine,12,0.013431063303109614,2000
2,ackley,L3 full+refine,12,0.020519486663236552,2000
2,ackley,B+ p=0.2,12,0.005552523013296895,10000
2,ackley,B+ ML-BJS,12,0.028120514838637423,10000
2,ackley,B+ ML-BJS free-probe,12,0.0028223961781468354,10000
2,ackley,B+ history-BJS,12,0.0065889764456028566,10000
2,ackley,B+ 1/5-rule,12,9.353039239137804,10000
2,ackley,p=0.3,13,0.013749289007851662,2000
2,ackley,p=0.4,13,0.013035248599198912,2000
2,ackley,"p=0.0,sigma=0.003",13,0.000534746908752215,2000
2,ackley,"p=0.0,sigma=0.01",13,9.353042911261728,2000
2,ackley,"p=0.0,sigma=0.03",13,8.813153122480148,2000
2,ackley,"p=0.0,sigma=0.3",13,11.003592594445692,2000
2,ackley,"p=0.0,sigma=1.0",13,0.2122940034482501,2000
2,ackley,1/5sigma+p=0.2,13,2.1760371282653068e-14,2000
2,ackley,decay-p,13,0.016786538102814053,2000
2,ackley,history-BJS low,13,2.579968930569685,2000
2,ackley,ML-BJS reuse,13,2.5804862092650933,1996
2,ackley,ML-BJS probe/4,13,2.580020729878474,1993
2,ackley,ML-BJS train1,13,0.07875408427809605,1999
2,ackley,ML-BJS train2,13,2.5829158710329208,1999
2,ackley,ML-BJS train3,13,0.04029101375402577,1999
2,ackley,ML-BJS train4,13,0.05098163847521464,1999
2,ackley,ML-BJS disjoint,13,0.036447995916088605,1999
2,ackley,L3 matched+refine,13,0.005968709465787203,2000
2,ackley,L3 full+refine,13,0.03820040953966641,2000
2,ackley,B+ p=0.2,13,0.004671664136925546,10000
2,ackley,B+ ML-BJS,13,0.013793832130872818,10000
2,ackley,B+ ML-BJS free-probe,13,0.006841661312109171,10000
2,ackley,B+ history-BJS,13,0.002106789287364297,10000
2,ackley,B+ 1/5-rule,13,10.12035074363267,10000
2,ackley,p=0.3,14,0.005456921461089781,2000
2,ackley,p=0.4,14,0.015897740552425876,2000
2,ackley,"p=0.0,sigma=0.003",14,5.381864306916,2000
2,ackley,"p=0.0,sigma=0.01",14,2.5799288763253085,2000
2,ackley,"p=0.0,sigma=0.03",14,10.645027908072937,2000
2,ackley,"p=0.0,sigma=0.3",14,0.0470242555269178,2000
2,ackley,"p=0.0,sigma=1.0",14,0.18007808447358942,2000
2,ackley,1/5sigma+p=0.2,14,1.9939605522267811e-13,2000
2,ackley,decay-p,14,0.007444739111541754,2000
2,ackley,history-BJS low,14,0.013406252687933051,2000
2,ackley,ML-BJS reuse,14,0.011558666232577952,1999
2,ackley,ML-BJS probe/4,14,0.03383505754511207,1993
2,ackley,ML-BJS train1,14,2.594755229044346,1999
2,ackley,ML-BJS train2,14,2.580153916701836,1999
2,ackley,ML-BJS train3,14,0.04471540051964995,1999
2,ackley,ML-BJS train4,14,0.04606438311569194,1999
2,ackley,ML-BJS disjoint,14,2.5896214811719998,1999
2,ackley,L3 matched+refine,14,0.004073891041706634,2000
2,ackley,L3 full+refine,14,0.044346226354374796,2000
2,ackley,B+ p=0.2,14,0.006349344787868194,10000
2,ackley,B+ ML-BJS,14,0.06032134317291993,10000
2,ackley,B+ ML-BJS free-probe,14,0.0060504688063507395,10000
2,ackley,B+ history-BJS,14,0.0027139389092885047,10000
2,ackley,B+ 1/5-rule,14,5.381864187490191,10000
2,ackley,p=0.3,15,0.006263738524950657,2000
2,ackley,p=0.4,15,0.013951256303564197,2000
2,ackley,"p=0.0,sigma=0.003",15,5.381864323781073,2000
2,ackley,"p=0.0,sigma=0.01",15,5.381866367103473,2000
2,ackley,"p=0.0,sigma=0.03",15,8.813188272982131,2000
2,ackley,"p=0.0,sigma=0.3",15,0.090769639766489,2000
2,ackley,"p=0.0,sigma=1.0",15,0.19722721408809862,2000
2,ackley,1/5sigma+p=0.2,15,2.8466118351389014e-13,2000
2,ackley,decay-p,15,0.00957263421294785,2000
2,ackley,history-BJS low,15,0.017202412637861375,2000
2,ackley,ML-BJS reuse,15,0.006238194955987542,1995
2,ackley,ML-BJS probe/4,15,0.03132857265078259,1993
2,ackley,ML-BJS train1,15,2.5822158847904793,1999
2,ackley,ML-BJS train2,15,2.6721223084654686,1999
2,ackley,ML-BJS train3,15,0.04471777609038741,1999
2,ackley,ML-BJS train4,15,2.589564826273055,1999
2,ackley,ML-BJS disjoint,15,2.5866511221690165,1999
2,ackley,L3 matched+refine,15,0.022192860944838078,2000
2,ackley,L3 full+refine,15,0.02237148012049106,2000
2,ackley,B+ p=0.2,15,0.0029356486510896396,10000
2,ackley,B+ ML-BJS,15,0.03907215344526138,10000
2,ackley,B+ ML-BJS free-probe,15,0.004985896645998356,10000
2,ackley,B+ history-BJS,15,0.003493544705833518,10000
2,ackley,B+ 1/5-rule,15,4.440892098500626e-16,10000
2,ackley,p=0.3,16,0.0289581312210605,2000
2,ackley,p=0.4,16,0.03079290316291905,2000
2,ackley,"p=0.0,sigma=0.003",16,11.525286204996206,2000
2,ackley,"p=0.0,sigma=0.01",16,10.257975894462083,2000
2,ackley,"p=0.0,sigma=0.03",16,12.84720252859313,2000
2,ackley,"p=0.0,sigma=0.3",16,0.008876905600957219,2000
2,ackley,"p=0.0,sigma=1.0",16,0.07576398222790148,2000
2,ackley,1/5sigma+p=0.2,16,1.9584334154387761e-13,2000
2,ackley,decay-p,16,0.015404834796687528,2000
2,ackley,history-BJS low,16,0.016357432636092017,2000
2,ackley,ML-BJS reuse,16,0.012382451846623344,1992
2,ackley,ML-BJS probe/4,16,0.024392956048178593,1993
2,ackley,ML-BJS train1,16,3.593466731886356,1999
2,ackley,ML-BJS train2,16,0.03963813847540765,1999
2,ackley,ML-BJS train3,16,2.5886481853714014,1999
2,ackley,ML-BJS train4,16,0.013604459508873123,1999
2,ackley,ML-BJS disjoint,16,0.04305510801878443,1999
2,ackley,L3 matched+refine,16,0.005958600431889227,2000
2,ackley,L3 full+refine,16,0.03262409055233961,2000
2,ackley,B+ p=0.2,16,0.002433849892501616,10000
2,ackley,B+ ML-BJS,16,0.035590873185658456,10000
2,ackley,B+ ML-BJS free-probe,16,0.009511022504089528,10000
2,ackley,B+ history-BJS,16,0.00503290284783775,10000
2,ackley,B+ 1/5-rule,16,2.5799275570298694,10000
2,ackley,p=0.3,17,0.0096667288221437,2000
2,ackley,p=0.4,17,0.005820219370268109,2000
2,ackley,"p=0.0,sigma=0.003",17,11.525286626777717,2000
2,ackley,"p=0.0,sigma=0.01",17,2.579930151433832,2000
2,ackley,"p=0.0,sigma=0.03",17,5.381908420345759,2000
2,ackley,"p=0.0,sigma=0.3",17,0.015060180325818795,2000
2,ackley,"p=0.0,sigma=1.0",17,0.09639431119718056,2000
2,ackley,1/5sigma+p=0.2,17,3.241851231905457e-14,2000
2,ackley,decay-p,17,0.00727796711895623,2000
2,ackley,history-BJS low,17,0.010324137572379488,2000
2,ackley,ML-BJS reuse,17,0.017755428631816006,1994
2,ackley,ML-BJS probe/4,17,0.07125327470343068,1993
2,ackley,ML-BJS train1,17,2.581333311270282,1999
2,ackley,ML-BJS train2,17,0.01836636151266946,1999
2,ackley,ML-BJS train3,17,2.5807479256506665,1999
2,ackley,ML-BJS train4,17,0.03879661096064213,1999
2,ackley,ML-BJS disjoint,17,3.5863467891805496,1999
2,ackley,L3 matched+refine,17,0.01415050531947104,2000
2,ackley,L3 full+refine,17,0.01904076704146762,2000
2,ackley,B+ p=0.2,17,0.002293372031204388,10000
2,ackley,B+ ML-BJS,17,0.04667670633643484,10000
2,ackley,B+ ML-BJS free-probe,17,0.007263848330286482,10000
2,ackley,B+ history-BJS,17,0.006167862770543042,10000
2,ackley,B+ 1/5-rule,17,11.755111971059316,10000
2,ackley,p=0.3,18,0.02214505963181468,2000
2,ackley,p=0.4,18,0.008260330077356048,2000
2,ackley,"p=0.0,sigma=0.003",18,11.90125675465971,2000
2,ackley,"p=0.0,sigma=0.01",18,10.120333943373083,2000
2,ackley,"p=0.0,sigma=0.03",18,11.52531151176501,2000
2,ackley,"p=0.0,sigma=0.3",18,0.028482655843515392,2000
2,ackley,"p=0.0,sigma=1.0",18,0.06180564815101208,2000
2,ackley,1/5sigma+p=0.2,18,1.603162047558726e-13,2000
2,ackley,decay-p,18,2.5804208052544593,2000
2,ackley,history-BJS low,18,0.022897848882199145,2000
2,ackley,ML-BJS reuse,18,2.580860612887815,1996
2,ackley,ML-BJS probe/4,18,0.015118652479781947,1993
2,ackley,ML-BJS train1,18,0.037516764990229934,1999
2,ackley,ML-BJS train2,18,2.5822916042760053,1999
2,ackley,ML-BJS train3,18,2.5803640071967817,1999
2,ackley,ML-BJS train4,18,3.584262874288218,1999
2,ackley,ML-BJS disjoint,18,0.025546443994667545,1999
2,ackley,L3 matched+refine,18,0.018665854068100618,2000
2,ackley,L3 full+refine,18,0.003968572605739684,2000
2,ackley,B+ p=0.2,18,0.007095115010181008,10000
2,ackley,B+ ML-BJS,18,0.0035092545559440858,10000
2,ackley,B+ ML-BJS free-probe,18,0.004794563771636451,10000
2,ackley,B+ history-BJS,18,0.0064106681079896255,10000
2,ackley,B+ 1/5-rule,18,7.1809516477153625,10000
2,ackley,p=0.3,19,0.008730844890373124,2000
2,ackley,p=0.4,19,0.012574538417272851,2000
2,ackley,"p=0.0,sigma=0.003",19,8.813152712297526,2000
2,ackley,"p=0.0,sigma=0.01",19,7.180956559526885,2000
2,ackley,"p=0.0,sigma=0.03",19,10.120358010846473,2000
2,ackley,"p=0.0,sigma=0.3",19,0.02549935681327442,2000
2,ackley,"p=0.0,sigma=1.0",19,0.08238945971314893,2000
2,ackley,1/5sigma+p=0.2,19,7.505107646466058e-14,2000
2,ackley,decay-p,19,0.0025475918088599947,2000
2,ackley,history-BJS low,19,0.004901418522106571,2000
2,ackley,ML-BJS reuse,19,2.2935548435886983,1999
2,ackley,ML-BJS probe/4,19,0.004584750237814905,1993
2,ackley,ML-BJS train1,19,2.5899122304382876,1999
2,ackley,ML-BJS train2,19,0.057368673107579315,1999
2,ackley,ML-BJS train3,19,0.08395773035990262,1999
2,ackley,ML-BJS train4,19,0.010676935870393311,1999
2,ackley,ML-BJS disjoint,19,0.04066985635333653,1999
2,ackley,L3 matched+refine,19,0.015334173751864189,2000
2,ackley,L3 full+refine,19,0.024409169880577952,2000
2,ackley,B+ p=0.2,19,0.008055254812472601,10000
2,ackley,B+ ML-BJS,19,0.031084313427314658,10000
2,ackley,B+ ML-BJS free-probe,19,0.007532533292096577,10000
2,ackley,B+ history-BJS,19,0.011259474240308709,10000
2,ackley,B+ 1/5-rule,19,7.961711274689826,10000
2,ackley,p=0.3,20,0.0049002899777090825,2000
2,ackley,p=0.4,20,0.019784307813648372,2000
2,ackley,"p=0.0,sigma=0.003",20,11.810622061618115,2000
2,ackley,"p=0.0,sigma=0.01",20,5.3818658776162245,2000
2,ackley,"p=0.0,sigma=0.03",20,2.5799306941511273,2000
2,ackley,"p=0.0,sigma=0.3",20,0.024400153602830432,2000
2,ackley,"p=0.0,sigma=1.0",20,0.10588522511529108,2000
2,ackley,1/5sigma+p=0.2,20,6.652145501107043e-11,2000
2,ackley,decay-p,20,0.010537421735943742,2000
2,ackley,history-BJS low,20,0.008906127965954358,2000
2,ackley,ML-BJS reuse,20,0.00831816282252662,1999
2,ackley,ML-BJS probe/4,20,0.06549680975849315,1993
2,ackley,ML-BJS train1,20,2.5834953013651227,1999
2,ackley,ML-BJS train2,20,2.5811019853009616,1999
2,ackley,ML-BJS train3,20,2.592267589281786,1999
2,ackley,ML-BJS train4,20,0.10101654521313863,1999
2,ackley,ML-BJS disjoint,20,0.19471944914290207,1999
2,ackley,L3 matched+refine,20,0.01165275171978708,2000
2,ackley,L3 full+refine,20,0.021325364409446212,2000
2,ackley,B+ p=0.2,20,0.0023841770214443336,10000
2,ackley,B+ ML-BJS,20,0.014435926439642532,10000
2,ackley,B+ ML-BJS free-probe,20,0.011251666034386876,10000
2,ackley,B+ history-BJS,20,0.012029260990616297,10000
2,ackley,B+ 1/5-rule,20,7.961711274689826,10000
2,ackley,p=0.3,21,0.0014349053161422098,2000
2,ackley,p=0.4,21,0.012413271049713348,2000
2,ackley,"p=0.0,sigma=0.003",21,9.353039438873376,2000
2,ackley,"p=0.0,sigma=0.01",21,9.0010949585042,2000
2,ackley,"p=0.0,sigma=0.03",21,7.9617147220180815,2000
2,ackley,"p=0.0,sigma=0.3",21,0.020217928042129518,2000
2,ackley,"p=0.0,sigma=1.0",21,0.19157575684821682,2000
2,ackley,1/5sigma+p=0.2,21,5.078560905147356e-08,2000
2,ackley,decay-p,21,0.021248417605424397,2000
2,ackley,history-BJS low,21,0.006583573953282684,2000
2,ackley,ML-BJS reuse,21,2.5811081915722665,1997
2,ackley,ML-BJS probe/4,21,2.586050273619318,1993
2,ackley,ML-BJS train1,21,0.0601126207207483,1999
2,ackley,ML-BJS train2,21,2.594727586760446,1999
2,ackley,ML-BJS train3,21,2.594307419854776,1999
2,ackley,ML-BJS train4,21,0.031039478109182728,1999
2,ackley,ML-BJS disjoint,21,2.581140905404656,1999
2,ackley,L3 matched+refine,21,0.010541803255503357,2000
2,ackley,L3 full+refine,21,0.02827662102262396,2000
2,ackley,B+ p=0.2,21,0.0026178405200352195,10000
2,ackley,B+ ML-BJS,21,2.580163318753016,10000
2,ackley,B+ ML-BJS free-probe,21,0.003930865737804101,10000
2,ackley,B+ history-BJS,21,0.003959584501022295,10000
2,ackley,B+ 1/5-rule,21,3.9968028886505635e-15,10000
2,ackley,p=0.3,22,0.0047061812426218985,2000
2,ackley,p=0.4,22,0.043928706133780526,2000
2,ackley,"p=0.0,sigma=0.003",22,8.813151845602036,2000
2,ackley,"p=0.0,sigma=0.01",22,7.961711941665733,2000
2,ackley,"p=0.0,sigma=0.03",22,7.180958350631087,2000
2,ackley,"p=0.0,sigma=0.3",22,0.04592521091766999,2000
2,ackley,"p=0.0,sigma=1.0",22,0.23892899337634477,2000
2,ackley,1/5sigma+p=0.2,22,2.5799275570298694,2000
2,ackley,decay-p,22,0.001196080736086902,2000
2,ackley,history-BJS low,22,0.007603184159677756,2000
2,ackley,ML-BJS reuse,22,2.5802152123503608,1998
2,ackley,ML-BJS probe/4,22,0.0718056956072961,1993
2,ackley,ML-BJS train1,22,0.030564319446352517,1999
2,ackley,ML-BJS train2,22,0.09625991854011007,1999
2,ackley,ML-BJS train3,22,0.11678732920258783,1999
2,ackley,ML-BJS train4,22,2.593637431442272,1999
2,ackley,ML-BJS disjoint,22,0.2305961757220314,1999
2,ackley,L3 matched+refine,22,0.002427204158611307,2000
2,ackley,L3 full+refine,22,0.02343122599801406,2000
2,ackley,B+ p=0.2,22,0.005071505480082283,10000
2,ackley,B+ ML-BJS,22,0.04012632823964468,10000
2,ackley,B+ ML-BJS free-probe,22,0.005515312955826079,10000
2,ackley,B+ history-BJS,22,0.00018016138087917355,10000
2,ackley,B+ 1/5-rule,22,5.381864187490191,10000
2,ackley,p=0.3,23,0.012288194167976219,2000
2,ackley,p=0.4,23,0.012330712646968056,2000
2,ackley,"p=0.0,sigma=0.003",23,11.217550015847266,2000
2,ackley,"p=0.0,sigma=0.01",23,10.120350877861561,2000
2,ackley,"p=0.0,sigma=0.03",23,9.353081237270022,2000
2,ackley,"p=0.0,sigma=0.3",23,0.03302601003409977,2000
2,ackley,"p=0.0,sigma=1.0",23,0.039202087371091654,2000
2,ackley,1/5sigma+p=0.2,23,1.745270594710746e-13,2000
2,ackley,decay-p,23,0.008996733417199199,2000
2,ackley,history-BJS low,23,0.017790002266253158,2000
2,ackley,ML-BJS reuse,23,3.574751510374569,1995
2,ackley,ML-BJS probe/4,23,0.02774214327395841,1993
2,ackley,ML-BJS train1,23,0.15606334213913842,1999
2,ackley,ML-BJS train2,23,0.016381729935048828,1999
2,ackley,ML-BJS train3,23,0.0726572541784134,1999
2,ackley,ML-BJS train4,23,2.5997192317435105,1999
2,ackley,ML-BJS disjoint,23,0.07608728941690801,1999
2,ackley,L3 matched+refine,23,0.011547815550653429,2000
2,ackley,L3 full+refine,23,0.0074953558068497905,2000
2,ackley,B+ p=0.2,23,0.00807442366266331,10000
2,ackley,B+ ML-BJS,23,0.02152217270622403,10000
2,ackley,B+ ML-BJS free-probe,23,0.007636134118201188,10000
2,ackley,B+ history-BJS,23,0.0023064953787579334,10000
2,ackley,B+ 1/5-rule,23,3.9968028886505635e-15,10000
2,ackley,p=0.3,24,0.00990439012616351,2000
2,ackley,p=0.4,24,0.003362620192824739,2000
2,ackley,"p=0.0,sigma=0.003",24,13.364487284178779,2000
2,ackley,"p=0.0,sigma=0.01",24,5.381865942062522,2000
2,ackley,"p=0.0,sigma=0.03",24,2.579943167785203,2000
2,ackley,"p=0.0,sigma=0.3",24,0.03840405432153249,2000
2,ackley,"p=0.0,sigma=1.0",24,0.16522060318838117,2000
2,ackley,1/5sigma+p=0.2,24,2.5979218776228663e-13,2000
2,ackley,decay-p,24,0.01607395442438575,2000
2,ackley,history-BJS low,24,0.02161933593306431,2000
2,ackley,ML-BJS reuse,24,0.001949965597955572,1998
2,ackley,ML-BJS probe/4,24,0.036955040490110225,1993
2,ackley,ML-BJS train1,24,0.08499910003585542,1999
2,ackley,ML-BJS train2,24,0.019111561463614368,1999
2,ackley,ML-BJS train3,24,0.03695528274524351,1999
2,ackley,ML-BJS train4,24,0.05068806516897739,1999
2,ackley,ML-BJS disjoint,24,0.08199820716035378,1999
2,ackley,L3 matched+refine,24,0.01287179166706709,2000
2,ackley,L3 full+refine,24,0.03207549351738992,2000
2,ackley,B+ p=0.2,24,0.010345124404722572,10000
2,ackley,B+ ML-BJS,24,0.03913182691866668,10000
2,ackley,B+ ML-BJS free-probe,24,0.001546702928937993,10000
2,ackley,B+ history-BJS,24,0.0010913451241489902,10000
2,ackley,B+ 1/5-rule,24,3.9968028886505635e-15,10000
2,ackley,p=0.3,25,0.0013455153266090925,2000
2,ackley,p=0.4,25,0.0055074312667078296,2000
2,ackley,"p=0.0,sigma=0.003",25,5.3818642163191335,2000
2,ackley,"p=0.0,sigma=0.01",25,3.574451971330302,2000
2,ackley,"p=0.0,sigma=0.03",25,2.5799296086383916,2000
2,ackley,"p=0.0,sigma=0.3",25,0.03783049813443329,2000
2,ackley,"p=0.0,sigma=1.0",25,0.06356297130246391,2000
2,ackley,1/5sigma+p=0.2,25,1.141309269314661e-13,2000
2,ackley,decay-p,25,0.016869195947308402,2000
2,ackley,history-BJS low,25,0.007879834650115658,2000
2,ackley,ML-BJS reuse,25,2.5800452783490866,1992
2,ackley,ML-BJS probe/4,25,0.012300480586607154,1993
2,ackley,ML-BJS train1,25,2.594971298413246,1999
2,ackley,ML-BJS train2,25,0.04861295461834603,1999
2,ackley,ML-BJS train3,25,0.2579125365845809,1999
2,ackley,ML-BJS train4,25,3.575104195835952,1999
2,ackley,ML-BJS disjoint,25,2.584842814515501,1999
2,ackley,L3 matched+refine,25,0.018374754021416084,2000
2,ackley,L3 full+refine,25,0.02777261608561732,2000
2,ackley,B+ p=0.2,25,0.004508479374447649,10000
2,ackley,B+ ML-BJS,25,0.0589259233581676,10000
2,ackley,B+ ML-BJS free-probe,25,0.0052958284062545324,10000
2,ackley,B+ history-BJS,25,0.004675387057567537,10000
2,ackley,B+ 1/5-rule,25,10.12035074363267,10000
2,ackley,p=0.3,26,0.008537872083327347,2000
2,ackley,p=0.4,26,0.0026250973262951227,2000
2,ackley,"p=0.0,sigma=0.003",26,7.961712092155599,2000
2,ackley,"p=0.0,sigma=0.01",26,6.559651876485898,2000
2,ackley,"p=0.0,sigma=0.03",26,6.559681193685591,2000
2,ackley,"p=0.0,sigma=0.3",26,0.016235350643626578,2000
2,ackley,"p=0.0,sigma=1.0",26,0.04430285217353047,2000
2,ackley,1/5sigma+p=0.2,26,2.4919993728739027,2000
2,ackley,decay-p,26,0.004191032968638542,2000
2,ackley,history-BJS low,26,0.13499809396250528,2000
2,ackley,ML-BJS reuse,26,2.580172530340658,1997
2,ackley,ML-BJS probe/4,26,0.0692557442268904,1993
2,ackley,ML-BJS train1,26,0.04983824492932998,1999
2,ackley,ML-BJS train2,26,0.043940115876580865,1999
2,ackley,ML-BJS train3,26,3.5925296239124163,1999
2,ackley,ML-BJS train4,26,0.010689391043773089,1999
2,ackley,ML-BJS disjoint,26,0.04289204146761394,1999
2,ackley,L3 matched+refine,26,0.02392785240006079,2000
2,ackley,L3 full+refine,26,0.01375675916674668,2000
2,ackley,B+ p=0.2,26,0.005673108839424845,10000
2,ackley,B+ ML-BJS,26,2.5803100620357324,10000
2,ackley,B+ ML-BJS free-probe,26,0.006330817066257044,10000
2,ackley,B+ history-BJS,26,0.00663158458482771,10000
2,ackley,B+ 1/5-rule,26,3.5744518772576765,10000
2,ackley,p=0.3,27,0.015371641714847062,2000
2,ackley,p=0.4,27,0.00042467561367631745,2000
2,ackley,"p=0.0,sigma=0.003",27,10.12033130731199,2000
2,ackley,"p=0.0,sigma=0.01",27,10.998265279581808,2000
2,ackley,"p=0.0,sigma=0.03",27,8.813177372283416,2000
2,ackley,"p=0.0,sigma=0.3",27,0.03006917348703597,2000
2,ackley,"p=0.0,sigma=1.0",27,0.09259481937195391,2000
2,ackley,1/5sigma+p=0.2,27,1.283417816466681e-13,2000
2,ackley,decay-p,27,2.5800067670695737,2000
2,ackley,history-BJS low,27,0.015051304984386338,2000
2,ackley,ML-BJS reuse,27,0.02544685400061697,1997
2,ackley,ML-BJS probe/4,27,0.03911789281692579,1993
2,ackley,ML-BJS train1,27,2.6065248348729857,1999
2,ackley,ML-BJS train2,27,0.006578342075546306,1999
2,ackley,ML-BJS train3,27,2.587070849796025,1999
2,ackley,ML-BJS train4,27,0.03982278634130454,1999
2,ackley,ML-BJS disjoint,27,2.5805092093150077,1999
2,ackley,L3 matched+refine,27,0.014037170764332974,2000
2,ackley,L3 full+refine,27,0.010822976203080703,2000
2,ackley,B+ p=0.2,27,0.006992994007366082,10000
2,ackley,B+ ML-BJS,27,0.033732468820492745,10000
2,ackley,B+ ML-BJS free-probe,27,0.0041556896993388825,10000
2,ackley,B+ history-BJS,27,0.014817704659293884,10000
2,ackley,B+ 1/5-rule,27,8.81315177404689,10000
2,ackley,p=0.3,28,0.015313808347098945,2000
2,ackley,p=0.4,28,0.0031027203778646317,2000
2,ackley,"p=0.0,sigma=0.003",28,7.961711358764042,2000
2,ackley,"p=0.0,sigma=0.01",28,10.120354089994624,2000
2,ackley,"p=0.0,sigma=0.03",28,5.381871106959345,2000
2,ackley,"p=0.0,sigma=0.3",28,5.389261461497224,2000
2,ackley,"p=0.0,sigma=1.0",28,0.28560604433367986,2000
2,ackley,1/5sigma+p=0.2,28,2.5799275570298694,2000
2,ackley,decay-p,28,0.012460851215401636,2000
2,ackley,history-BJS low,28,0.042299234448816225,2000
2,ackley,ML-BJS reuse,28,0.00638061769035092,1995
2,ackley,ML-BJS probe/4,28,0.06851303164798539,1993
2,ackley,ML-BJS train1,28,0.028541905093753872,1999
2,ackley,ML-BJS train2,28,2.5866447286229826,1999
2,ackley,ML-BJS train3,28,2.5799785107969666,1999
2,ackley,ML-BJS train4,28,0.08308624967958567,1999
2,ackley,ML-BJS disjoint,28,0.07011943956304068,1999
2,ackley,L3 matched+refine,28,0.010108084981311993,2000
2,ackley,L3 full+refine,28,0.00855954104486445,2000
2,ackley,B+ p=0.2,28,0.0048508934492734745,10000
2,ackley,B+ ML-BJS,28,0.008058273176356767,10000
2,ackley,B+ ML-BJS free-probe,28,0.007368663730030978,10000
2,ackley,B+ history-BJS,28,0.006472153565959093,10000
2,ackley,B+ 1/5-rule,28,11.52528615461626,10000
2,ackley,p=0.3,29,0.016220739744504886,2000
2,ackley,p=0.4,29,0.01455422179080701,2000
2,ackley,"p=0.0,sigma=0.003",29,7.961711355861061,2000
2,ackley,"p=0.0,sigma=0.01",29,0.0005361276758013567,2000
2,ackley,"p=0.0,sigma=0.03",29,8.61626570439605,2000
2,ackley,"p=0.0,sigma=0.3",29,0.03483640275715105,2000
2,ackley,"p=0.0,sigma=1.0",29,0.19139076764144436,2000
2,ackley,1/5sigma+p=0.2,29,1.567634910770721e-13,2000
2,ackley,decay-p,29,0.013331571856145974,2000
2,ackley,history-BJS low,29,0.014920814936126181,2000
2,ackley,ML-BJS reuse,29,0.00888336711796045,1998
2,ackley,ML-BJS probe/4,29,2.5810133445825163,1993
2,ackley,ML-BJS train1,29,0.10595999846397364,1999
2,ackley,ML-BJS train2,29,2.5822827483278705,1999
2,ackley,ML-BJS train3,29,2.58005418204332,1999
2,ackley,ML-BJS train4,29,2.588645275530887,1999
2,ackley,ML-BJS disjoint,29,2.5823135564807633,1999
2,ackley,L3 matched+refine,29,0.01459110887781323,2000
2,ackley,L3 full+refine,29,0.02679480512242849,2000
2,ackley,B+ p=0.2,29,0.0052102323155804875,10000
2,ackley,B+ ML-BJS,29,0.00846510602187367,10000
2,ackley,B+ ML-BJS free-probe,29,0.0008804263268982204,10000
2,ackley,B+ history-BJS,29,0.006277977766874887,10000
2,ackley,B+ 1/5-rule,29,8.81315177404689,10000
2,griewank,p=0.3,0,0.0074006386850759,2000
2,griewank,p=0.4,0,4.0810235588661925e-06,2000
2,griewank,"p=0.0,sigma=0.003",0,0.3698768149096844,2000
2,griewank,"p=0.0,sigma=0.01",0,0.0073960414469557145,2000
2,griewank,"p=0.0,sigma=0.03",0,8.431930573760127e-07,2000
2,griewank,"p=0.0,sigma=0.3",0,0.007508021101142459,2000
2,griewank,"p=0.0,sigma=1.0",0,0.007905975363031614,2000
2,griewank,1/5sigma+p=0.2,0,0.007396040334115006,2000
2,griewank,decay-p,0,0.007396917132587388,2000
2,griewank,history-BJS low,0,7.188284652959176e-06,2000
2,griewank,ML-BJS reuse,0,0.007396548943925829,1992
2,griewank,ML-BJS probe/4,0,0.007407612037006905,1993
2,griewank,ML-BJS train1,0,0.007435222625053695,1999
2,griewank,ML-BJS train2,0,0.007476652570867048,1999
2,griewank,ML-BJS train3,0,0.007455908602003403,1999
2,griewank,ML-BJS train4,0,0.007540229241099761,1999
2,griewank,ML-BJS disjoint,0,0.0075488531632949,1999
2,griewank,L3 matched+refine,0,8.547575381490091e-06,2000
2,griewank,L3 full+refine,0,5.993851434960007e-06,2000
2,griewank,B+ p=0.2,0,1.2230739873109187e-06,10000
2,griewank,B+ ML-BJS,0,1.913994780111672e-06,10000
2,griewank,B+ ML-BJS free-probe,0,1.0860743168139564e-06,10000
2,griewank,B+ history-BJS,0,0.007401338184456985,10000
2,griewank,B+ 1/5-rule,0,0.0,10000
2,griewank,p=0.3,1,5.1893479194875525e-06,2000
2,griewank,p=0.4,1,0.0073968824593223514,2000
2,griewank,"p=0.0,sigma=0.003",1,0.1925905107086846,2000
2,griewank,"p=0.0,sigma=0.01",1,8.906057114010935e-09,2000
2,griewank,"p=0.0,sigma=0.03",1,9.943930345812646e-09,2000
2,griewank,"p=0.0,sigma=0.3",1,0.19259051188556053,2000
2,griewank,"p=0.0,sigma=1.0",1,0.007633893553435023,2000
2,griewank,1/5sigma+p=0.2,1,0.0,2000
2,griewank,decay-p,1,1.0660552870800366e-05,2000
2,griewank,history-BJS low,1,0.007399587841220856,2000
2,griewank,ML-BJS reuse,1,0.00739965407736598,1999
2,griewank,ML-BJS probe/4,1,0.007453448791902351,1993
2,griewank,ML-BJS train1,1,0.00011909280976363235,1999
2,griewank,ML-BJS train2,1,0.007529018573226853,1999
2,griewank,ML-BJS train3,1,0.007706399547809495,1999
2,griewank,ML-BJS train4,1,0.007660015505072004,1999
2,griewank,ML-BJS disjoint,1,0.007442016607591917,1999
2,griewank,L3 matched+refine,1,7.30814878380226e-06,2000
2,griewank,L3 full+refine,1,8.079526265025727e-06,2000
2,griewank,B+ p=0.2,1,3.966244574993283e-07,10000
2,griewank,B+ ML-BJS,1,2.5005282426882047e-06,10000
2,griewank,B+ ML-BJS free-probe,1,1.0562110900336208e-06,10000
2,griewank,B+ history-BJS,1,4.496582419633022e-06,10000
2,griewank,B+ 1/5-rule,1,0.19259051069872968,10000
2,griewank,p=0.3,2,0.009865042617234976,2000
2,griewank,p=0.4,2,2.9124705688277075e-06,2000
2,griewank,"p=0.0,sigma=0.003",2,8.34394997539789e-09,2000
2,griewank,"p=0.0,sigma=0.01",2,0.009864693126579005,2000
2,griewank,"p=0.0,sigma=0.03",2,0.00986640176782061,2000
2,griewank,"p=0.0,sigma=0.3",2,0.009893280592074838,2000
2,griewank,"p=0.0,sigma=1.0",2,0.00763316252681534,2000
2,griewank,1/5sigma+p=0.2,2,0.0,2000
2,griewank,decay-p,2,1.1394184479263103e-06,2000
2,griewank,history-BJS low,2,0.007401082913936485,2000
2,griewank,ML-BJS reuse,2,0.0073980492588344715,1999
2,griewank,ML-BJS probe/4,2,0.009874887821676004,1993
2,griewank,ML-BJS train1,2,0.00023137079995283472,1999
2,griewank,ML-BJS train2,2,8.55286743084438e-06,1999
2,griewank,ML-BJS train3,2,0.009921322246740694,1999
2,griewank,ML-BJS train4,2,0.009965236763482377,1999
2,griewank,ML-BJS disjoint,2,0.007435447404144702,1999
2,griewank,L3 matched+refine,2,0.007398321540447617,2000
2,griewank,L3 full+refine,2,3.0416743362571275e-05,2000
2,griewank,B+ p=0.2,2,3.975892673091508e-06,10000
2,griewank,B+ ML-BJS,2,3.191743098496236e-05,10000
2,griewank,B+ ML-BJS free-probe,2,4.476076154058539e-06,10000
2,griewank,B+ history-BJS,2,8.917663392171704e-07,10000
2,griewank,B+ 1/5-rule,2,0.007396040334115006,10000
2,griewank,p=0.3,3,0.007407611620850241,2000
2,griewank,p=0.4,3,1.6729294211037526e-05,2000
2,griewank,"p=0.0,sigma=0.003",3,0.017983161317550178,2000
2,griewank,"p=0.0,sigma=0.01",3,0.0073961266104513035,2000
2,griewank,"p=0.0,sigma=0.03",3,4.3981293884609585e-07,2000
2,griewank,"p=0.0,sigma=0.3",3,0.11301963550126215,2000
2,griewank,"p=0.0,sigma=1.0",3,0.11301979548845931,2000
2,griewank,1/5sigma+p=0.2,3,4.8488744130992245e-09,2000
2,griewank,decay-p,3,0.007396075044792894,2000
2,griewank,history-BJS low,3,2.0759372938106146e-05,2000
2,griewank,ML-BJS reuse,3,0.009876144323480385,1996
2,griewank,ML-BJS probe/4,3,1.3197450913327025e-05,1993
2,griewank,ML-BJS train1,3,0.010144623775442119,1999
2,griewank,ML-BJS train2,3,8.644862191020675e-05,1999
2,griewank,ML-BJS train3,3,0.0074714768092211115,1999
2,griewank,ML-BJS train4,3,0.009891545860594042,1999
2,griewank,ML-BJS disjoint,3,0.00747152817838781,1999
2,griewank,L3 matched+refine,3,7.030739687108323e-07,2000
2,griewank,L3 full+refine,3,3.3154315718597616e-05,2000
2,griewank,B+ p=0.2,3,5.443971938801084e-07,10000
2,griewank,B+ ML-BJS,3,0.007468708752333297,10000
2,griewank,B+ ML-BJS free-probe,3,2.7113679091916865e-06,10000
2,griewank,B+ history-BJS,3,2.2990347643414566e-06,10000
2,griewank,B+ 1/5-rule,3,0.007396040334115117,10000
2,griewank,p=0.3,4,5.12548193543072e-06,2000
2,griewank,p=0.4,4,0.007396493737163001,2000
2,griewank,"p=0.0,sigma=0.003",4,0.009864675339045226,2000
2,griewank,"p=0.0,sigma=0.01",4,1.6069000130514155e-08,2000
2,griewank,"p=0.0,sigma=0.03",4,4.0825426583790403e-07,2000
2,griewank,"p=0.0,sigma=0.3",4,0.007400072619352049,2000
2,griewank,"p=0.0,sigma=1.0",4,0.008153120301601424,2000
2,griewank,1/5sigma+p=0.2,4,0.007396040334114895,2000
2,griewank,decay-p,4,0.0073964614226980085,2000
2,griewank,history-BJS low,4,1.7943481623539093e-05,2000
2,griewank,ML-BJS reuse,4,5.140520597080034e-06,1994
2,griewank,ML-BJS probe/4,4,0.007459662761667318,1993
2,griewank,ML-BJS train1,4,0.007396476658055984,1999
2,griewank,ML-BJS train2,4,0.009957079986777306,1999
2,griewank,ML-BJS train3,4,2.2538435303642856e-05,1999
2,griewank,ML-BJS train4,4,9.28043415839852e-05,1999
2,griewank,ML-BJS disjoint,4,0.007501564668592309,1999
2,griewank,L3 matched+refine,4,3.435054765077439e-07,2000
2,griewank,L3 full+refine,4,4.2248164163538604e-05,2000
2,griewank,B+ p=0.2,4,2.5298657602146335e-06,10000
2,griewank,B+ ML-BJS,4,3.8376022860053816e-05,10000
2,griewank,B+ ML-BJS free-probe,4,4.848504468579762e-06,10000
2,griewank,B+ history-BJS,4,4.996795309852864e-06,10000
2,griewank,B+ 1/5-rule,4,0.2814041571581324,10000
2,griewank,p=0.3,5,2.143087906025798e-06,2000
2,griewank,p=0.4,5,1.3256673907502403e-06,2000
2,griewank,"p=0.0,sigma=0.003",5,1.8467939399968714e-09,2000
2,griewank,"p=0.0,sigma=0.01",5,0.007396053042494466,2000
2,griewank,"p=0.0,sigma=0.03",5,4.923931115063951e-07,2000
2,griewank,"p=0.0,sigma=0.3",5,0.05323471253563239,2000
2,griewank,"p=0.0,sigma=1.0",5,0.014156584572779685,2000
2,griewank,1/5sigma+p=0.2,5,0.0,2000
2,griewank,decay-p,5,1.5935424912960627e-06,2000
2,griewank,history-BJS low,5,3.703409601207852e-06,2000
2,griewank,ML-BJS reuse,5,7.019838770050413e-06,1999
2,griewank,ML-BJS probe/4,5,0.00020254143274378578,1993
2,griewank,ML-BJS train1,5,0.007626062050983151,1999
2,griewank,ML-BJS train2,5,0.00756469643018054,1999
2,griewank,ML-BJS train3,5,7.103575956457497e-05,1999
2,griewank,ML-BJS train4,5,0.0003157281562278236,1999
2,griewank,ML-BJS disjoint,5,0.0074850275197814176,1999
2,griewank,L3 matched+refine,5,1.1151644293772023e-05,2000
2,griewank,L3 full+refine,5,1.8962115285736658e-06,2000
2,griewank,B+ p=0.2,5,0.007398153810323271,10000
2,griewank,B+ ML-BJS,5,0.007404734428531734,10000
2,griewank,B+ ML-BJS free-probe,5,1.9846300036707731e-07,10000
2,griewank,B+ history-BJS,5,4.1970716069261726e-07,10000
2,griewank,B+ 1/5-rule,5,0.007396040334115006,10000
2,griewank,p=0.3,6,4.778160072171911e-05,2000
2,griewank,p=0.4,6,0.007415146997967748,2000
2,griewank,"p=0.0,sigma=0.003",6,1.2162803569373164,2000
2,griewank,"p=0.0,sigma=0.01",6,3.409511095675555e-08,2000
2,griewank,"p=0.0,sigma=0.03",6,1.4362277067636597e-07,2000
2,griewank,"p=0.0,sigma=0.3",6,0.007481531764524263,2000
2,griewank,"p=0.0,sigma=1.0",6,0.0004053473398947238,2000
2,griewank,1/5sigma+p=0.2,6,0.0,2000
2,griewank,decay-p,6,6.0917833741847005e-06,2000
2,griewank,history-BJS low,6,0.007406473488856258,2000
2,griewank,ML-BJS reuse,6,0.009871140847984683,1995
2,griewank,ML-BJS probe/4,6,9.683832604334697e-05,1993
2,griewank,ML-BJS train1,6,0.0012778645657455234,1999
2,griewank,ML-BJS train2,6,0.007433365542135362,1999
2,griewank,ML-BJS train3,6,0.007583197223857363,1999
2,griewank,ML-BJS train4,6,0.01040108901286807,1999
2,griewank,ML-BJS disjoint,6,4.648610249813334e-05,1999
2,griewank,L3 matched+refine,6,8.742309033360485e-07,2000
2,griewank,L3 full+refine,6,3.905885886945626e-06,2000
2,griewank,B+ p=0.2,6,0.0073965212366667865,10000
2,griewank,B+ ML-BJS,6,1.94378970391762e-05,10000
2,griewank,B+ ML-BJS free-probe,6,6.047518393170748e-06,10000
2,griewank,B+ history-BJS,6,1.3749939075102802e-06,10000
2,griewank,B+ 1/5-rule,6,0.03513103774762838,10000
2,griewank,p=0.3,7,8.107161592052492e-07,2000
2,griewank,p=0.4,7,1.1017083523912063e-05,2000
2,griewank,"p=0.0,sigma=0.003",7,0.15497082449592314,2000
2,griewank,"p=0.0,sigma=0.01",7,0.0073960566849679,2000
2,griewank,"p=0.0,sigma=0.03",7,0.00986477617158299,2000
2,griewank,"p=0.0,sigma=0.3",7,0.00989495617817393,2000
2,griewank,"p=0.0,sigma=1.0",7,0.15497615696160505,2000
2,griewank,1/5sigma+p=0.2,7,0.006960280510973527,2000
2,griewank,decay-p,7,0.0074007710477159705,2000
2,griewank,history-BJS low,7,0.007398868247742385,2000
2,griewank,ML-BJS reuse,7,0.009870965122079078,1995
2,griewank,ML-BJS probe/4,7,0.007919160009847714,1993
2,griewank,ML-BJS train1,7,0.00010619487572927078,1999
2,griewank,ML-BJS train2,7,0.009877486626858611,1999
2,griewank,ML-BJS train3,7,0.007660771879886785,1999
2,griewank,ML-BJS train4,7,0.009880251069443569,1999
2,griewank,ML-BJS disjoint,7,3.343327304616839e-05,1999
2,griewank,L3 matched+refine,7,2.43484986139908e-06,2000
2,griewank,L3 full+refine,7,1.5666058691410356e-06,2000
2,griewank,B+ p=0.2,7,5.123554293051669e-07,10000
2,griewank,B+ ML-BJS,7,8.250914313390201e-05,10000
2,griewank,B+ ML-BJS free-probe,7,3.825246127631132e-07,10000
2,griewank,B+ history-BJS,7,2.1481100196396596e-06,10000
2,griewank,B+ 1/5-rule,7,0.0,10000
2,griewank,p=0.3,8,0.007396482719397968,2000
2,griewank,p=0.4,8,0.00740598448668961,2000
2,griewank,"p=0.0,sigma=0.003",8,0.007396042542668346,2000
2,griewank,"p=0.0,sigma=0.01",8,0.007396080786855941,2000
2,griewank,"p=0.0,sigma=0.03",8,0.007396609864228076,2000
2,griewank,"p=0.0,sigma=0.3",8,4.157077196553782e-05,2000
2,griewank,"p=0.0,sigma=1.0",8,0.0003293759205722502,2000
2,griewank,1/5sigma+p=0.2,8,0.0,2000
2,griewank,decay-p,8,0.007402549815705539,2000
2,griewank,history-BJS low,8,1.215658146247467e-05,2000
2,griewank,ML-BJS reuse,8,9.668860059375284e-06,1998
2,griewank,ML-BJS probe/4,8,3.379484201704308e-06,1993
2,griewank,ML-BJS train1,8,0.00020385227348740376,1999
2,griewank,ML-BJS train2,8,8.492304288498786e-05,1999
2,griewank,ML-BJS train3,8,0.007476519452333297,1999
2,griewank,ML-BJS train4,8,0.0074093078857925265,1999
2,griewank,ML-BJS disjoint,8,0.007418313365360696,1999
2,griewank,L3 matched+refine,8,7.50128533066885e-07,2000
2,griewank,L3 full+refine,8,1.955964914346353e-05,2000
2,griewank,B+ p=0.2,8,0.0073960492321792914,10000
2,griewank,B+ ML-BJS,8,0.007414763689105652,10000
2,griewank,B+ ML-BJS free-probe,8,1.635900116703226e-06,10000
2,griewank,B+ history-BJS,8,1.5127476142851037e-06,10000
2,griewank,B+ 1/5-rule,8,0.007396040334115117,10000
2,griewank,p=0.3,9,0.00740366978026652,2000
2,griewank,p=0.4,9,1.690228746742406e-06,2000
2,griewank,"p=0.0,sigma=0.003",9,0.0073960490050920535,2000
2,griewank,"p=0.0,sigma=0.01",9,8.386099159540805e-08,2000
2,griewank,"p=0.0,sigma=0.03",9,1.508641664926813e-07,2000
2,griewank,"p=0.0,sigma=0.3",9,0.0074254229017357565,2000
2,griewank,"p=0.0,sigma=1.0",9,5.365294574644075e-05,2000
2,griewank,1/5sigma+p=0.2,9,0.0,2000
2,griewank,decay-p,9,2.7258969457100157e-05,2000
2,griewank,history-BJS low,9,1.4262267142961527e-05,2000
2,griewank,ML-BJS reuse,9,0.00739933702893647,1998
2,griewank,ML-BJS probe/4,9,5.6721524579694815e-05,1993
2,griewank,ML-BJS train1,9,1.9727207540953806e-05,1999
2,griewank,ML-BJS train2,9,0.007423958633287486,1999
2,griewank,ML-BJS train3,9,0.007776270991052048,1999
2,griewank,ML-BJS train4,9,0.007521235534084902,1999
2,griewank,ML-BJS disjoint,9,0.0075144799988822175,1999
2,griewank,L3 matched+refine,9,0.007396705532227155,2000
2,griewank,L3 full+refine,9,4.472921385634265e-05,2000
2,griewank,B+ p=0.2,9,0.00739620375992589,10000
2,griewank,B+ ML-BJS,9,0.007407852254248448,10000
2,griewank,B+ ML-BJS free-probe,9,1.4079435612934788e-06,10000
2,griewank,B+ history-BJS,9,1.3112928365366372e-06,10000
2,griewank,B+ 1/5-rule,9,0.007396040334114895,10000
2,griewank,p=0.3,10,0.009865207747320692,2000
2,griewank,p=0.4,10,5.338985614056213e-06,2000
2,griewank,"p=0.0,sigma=0.003",10,0.1995868882148426,2000
2,griewank,"p=0.0,sigma=0.01",10,0.007396064419636583,2000
2,griewank,"p=0.0,sigma=0.03",10,0.007396207780749342,2000
2,griewank,"p=0.0,sigma=0.3",10,0.00988711034561196,2000
2,griewank,"p=0.0,sigma=1.0",10,0.0001331108285105298,2000
2,griewank,1/5sigma+p=0.2,10,0.0,2000
2,griewank,decay-p,10,3.0293214041687833e-06,2000
2,griewank,history-BJS low,10,0.007405708535433431,2000
2,griewank,ML-BJS reuse,10,2.5399641068180046e-07,1993
2,griewank,ML-BJS probe/4,10,0.007518175105719727,1993
2,griewank,ML-BJS train1,10,0.007468623383740325,1999
2,griewank,ML-BJS train2,10,0.007401209955672727,1999
2,griewank,ML-BJS train3,10,0.007759805438294909,1999
2,griewank,ML-BJS train4,10,0.007456798112465801,1999
2,griewank,ML-BJS disjoint,10,6.797487820153769e-05,1999
2,griewank,L3 matched+refine,10,0.007417503542846093,2000
2,griewank,L3 full+refine,10,1.3383525397037133e-05,2000
2,griewank,B+ p=0.2,10,0.007398431011570117,10000
2,griewank,B+ ML-BJS,10,4.825616587433856e-06,10000
2,griewank,B+ ML-BJS free-probe,10,8.847404923129076e-07,10000
2,griewank,B+ history-BJS,10,2.0643502194328534e-06,10000
2,griewank,B+ 1/5-rule,10,0.009864672061006163,10000
2,griewank,p=0.3,11,8.658763511082412e-06,2000
2,griewank,p=0.4,11,0.007397419792870896,2000
2,griewank,"p=0.0,sigma=0.003",11,0.25401983360428493,2000
2,griewank,"p=0.0,sigma=0.01",11,0.00739605476256977,2000
2,griewank,"p=0.0,sigma=0.03",11,0.0073964854759808185,2000
2,griewank,"p=0.0,sigma=0.3",11,0.00744950419505952,2000
2,griewank,"p=0.0,sigma=1.0",11,0.12959004356208537,2000
2,griewank,1/5sigma+p=0.2,11,0.0,2000
2,griewank,decay-p,11,2.664506426608426e-07,2000
2,griewank,history-BJS low,11,1.8267207537725483e-05,2000
2,griewank,ML-BJS reuse,11,4.329108054479391e-06,1998
2,griewank,ML-BJS probe/4,11,0.007422205246375713,1993
2,griewank,ML-BJS train1,11,0.007589629100735351,1999
2,griewank,ML-BJS train2,11,0.0074319654321410855,1999
2,griewank,ML-BJS train3,11,0.007792957247953591,1999
2,griewank,ML-BJS train4,11,0.021550459877590855,1999
2,griewank,ML-BJS disjoint,11,0.007505299920491759,1999
2,griewank,L3 matched+refine,11,3.6875882550857497e-06,2000
2,griewank,L3 full+refine,11,6.225031319695429e-05,2000
2,griewank,B+ p=0.2,11,2.6262499064344524e-07,10000
2,griewank,B+ ML-BJS,11,0.007409713862954637,10000
2,griewank,B+ ML-BJS free-probe,11,1.5413833529542842e-06,10000
2,griewank,B+ history-BJS,11,1.1254144594019522e-06,10000
2,griewank,B+ 1/5-rule,11,0.12959002043278622,10000
2,griewank,p=0.3,12,4.44659642151457e-06,2000
2,griewank,p=0.4,12,4.0123314293261103e-07,2000
2,griewank,"p=0.0,sigma=0.003",12,0.02721836798395716,2000
2,griewank,"p=0.0,sigma=0.01",12,0.31861736290294507,2000
2,griewank,"p=0.0,sigma=0.03",12,0.0073963225997445425,2000
2,griewank,"p=0.0,sigma=0.3",12,0.007426953503947398,2000
2,griewank,"p=0.0,sigma=1.0",12,0.007758402655340446,2000
2,griewank,1/5sigma+p=0.2,12,0.0,2000
2,griewank,decay-p,12,0.007396482049641606,2000
2,griewank,history-BJS low,12,1.3384652592596247e-05,2000
2,griewank,ML-BJS reuse,12,0.007416961876260064,1997
2,griewank,ML-BJS probe/4,12,1.8233602569361906e-05,1993
2,griewank,ML-BJS train1,12,0.007611793278363921,1999
2,griewank,ML-BJS train2,12,0.00741515876780674,1999
2,griewank,ML-BJS train3,12,0.00014490864758776034,1999
2,griewank,ML-BJS train4,12,2.526666384905507e-05,1999
2,griewank,ML-BJS disjoint,12,1.9638864038773463e-05,1999
2,griewank,L3 matched+refine,12,3.610036034551456e-07,2000
2,griewank,L3 full+refine,12,1.759203443030266e-06,2000
2,griewank,B+ p=0.2,12,0.0073960782364059785,10000
2,griewank,B+ ML-BJS,12,0.0074013261142937825,10000
2,griewank,B+ ML-BJS free-probe,12,1.0576432465159158e-05,10000
2,griewank,B+ history-BJS,12,1.281146314147108e-06,10000
2,griewank,B+ 1/5-rule,12,0.0,10000
2,griewank,p=0.3,13,0.009868006395876705,2000
2,griewank,p=0.4,13,4.196028641878513e-06,2000
2,griewank,"p=0.0,sigma=0.003",13,5.7865903180243095e-09,2000
2,griewank,"p=0.0,sigma=0.01",13,0.0073961069144071745,2000
2,griewank,"p=0.0,sigma=0.03",13,0.15556458003344042,2000
2,griewank,"p=0.0,sigma=0.3",13,0.15556458098207382,2000
2,griewank,"p=0.0,sigma=1.0",13,0.15556513331799293,2000
2,griewank,1/5sigma+p=0.2,13,0.009864672061006163,2000
2,griewank,decay-p,13,4.808771694175817e-07,2000
2,griewank,history-BJS low,13,7.273557171671996e-06,2000
2,griewank,ML-BJS reuse,13,2.3715475303554e-06,1998
2,griewank,ML-BJS probe/4,13,0.007427360489089874,1993
2,griewank,ML-BJS train1,13,0.00751681633202439,1999
2,griewank,ML-BJS train2,13,0.007405112119362345,1999
2,griewank,ML-BJS train3,13,0.007659836010816656,1999
2,griewank,ML-BJS train4,13,0.00987514726613492,1999
2,griewank,ML-BJS disjoint,13,0.007509360069318238,1999
2,griewank,L3 matched+refine,13,8.718079128167133e-06,2000
2,griewank,L3 full+refine,13,4.149763958849473e-05,2000
2,griewank,B+ p=0.2,13,1.2116334305867227e-06,10000
2,griewank,B+ ML-BJS,13,0.009869387374834782,10000
2,griewank,B+ ML-BJS free-probe,13,1.4469221659263454e-05,10000
2,griewank,B+ history-BJS,13,2.6434261937158254e-06,10000
2,griewank,B+ 1/5-rule,13,0.009864672061006163,10000
2,griewank,p=0.3,14,0.007396289363617248,2000
2,griewank,p=0.4,14,0.0073985875188795625,2000
2,griewank,"p=0.0,sigma=0.003",14,0.35671390554055404,2000
2,griewank,"p=0.0,sigma=0.01",14,2.26676885040078e-08,2000
2,griewank,"p=0.0,sigma=0.03",14,0.007396372179510835,2000
2,griewank,"p=0.0,sigma=0.3",14,0.22099208930307424,2000
2,griewank,"p=0.0,sigma=1.0",14,0.00014715686895216962,2000
2,griewank,1/5sigma+p=0.2,14,0.007396040334114895,2000
2,griewank,decay-p,14,0.007402192791853168,2000
2,griewank,history-BJS low,14,4.765121390359894e-06,2000
2,griewank,ML-BJS reuse,14,0.007396566012604189,1997
2,griewank,ML-BJS probe/4,14,0.007415537650075965,1993
2,griewank,ML-BJS train1,14,6.406331487962547e-05,1999
2,griewank,ML-BJS train2,14,0.00015663058022652443,1999
2,griewank,ML-BJS train3,14,0.0004019171481262074,1999
2,griewank,ML-BJS train4,14,8.133883831884514e-05,1999
2,griewank,ML-BJS disjoint,14,0.0077728108729978596,1999
2,griewank,L3 matched+refine,14,9.948839656215291e-06,2000
2,griewank,L3 full+refine,14,0.007399742344810334,2000
2,griewank,B+ p=0.2,14,0.0073974478454188475,10000
2,griewank,B+ ML-BJS,14,0.00741713016193879,10000
2,griewank,B+ ML-BJS free-probe,14,1.0614406923403763e-05,10000
2,griewank,B+ history-BJS,14,5.0879325945718534e-06,10000
2,griewank,B+ 1/5-rule,14,0.007396040334115006,10000
2,griewank,p=0.3,15,0.007414912663561202,2000
2,griewank,p=0.4,15,3.639490067763873e-06,2000
2,griewank,"p=0.0,sigma=0.003",15,0.007396086706068505,2000
2,griewank,"p=0.0,sigma=0.01",15,0.007396147597560909,2000
2,griewank,"p=0.0,sigma=0.03",15,1.0283115536857679e-06,2000
2,griewank,"p=0.0,sigma=0.3",15,0.015759905448204825,2000
2,griewank,"p=0.0,sigma=1.0",15,0.015765636198347366,2000
2,griewank,1/5sigma+p=0.2,15,0.015759213920357062,2000
2,griewank,decay-p,15,0.007418903012013978,2000
2,griewank,history-BJS low,15,5.26749335969523e-05,2000
2,griewank,ML-BJS reuse,15,0.007397664787455627,1997
2,griewank,ML-BJS probe/4,15,0.007405382574691921,1993
2,griewank,ML-BJS train1,15,0.007460402299501179,1999
2,griewank,ML-BJS train2,15,0.015781527871471246,1999
2,griewank,ML-BJS train3,15,0.00013144880535131964,1999
2,griewank,ML-BJS train4,15,0.015768767181715826,1999
2,griewank,ML-BJS disjoint,15,3.768320885655374e-05,1999
2,griewank,L3 matched+refine,15,0.0074079468556205175,2000
2,griewank,L3 full+refine,15,1.586132708841781e-06,2000
2,griewank,B+ p=0.2,15,8.493682057686414e-07,10000
2,griewank,B+ ML-BJS,15,0.007406244641437243,10000
2,griewank,B+ ML-BJS free-probe,15,1.5174023226816047e-06,10000
2,griewank,B+ history-BJS,15,1.831594474421827e-06,10000
2,griewank,B+ 1/5-rule,15,0.8072300048161087,10000
2,griewank,p=0.3,16,4.105392048536771e-08,2000
2,griewank,p=0.4,16,1.0219260094812554e-05,2000
2,griewank,"p=0.0,sigma=0.003",16,0.009864678489922007,2000
2,griewank,"p=0.0,sigma=0.01",16,2.1020079565836625e-08,2000
2,griewank,"p=0.0,sigma=0.03",16,0.0073960604530353136,2000
2,griewank,"p=0.0,sigma=0.3",16,0.02492362672861248,2000
2,griewank,"p=0.0,sigma=1.0",16,0.010145517791976144,2000
2,griewank,1/5sigma+p=0.2,16,0.0,2000
2,griewank,decay-p,16,0.007398752288578003,2000
2,griewank,history-BJS low,16,0.007396318059656348,2000
2,griewank,ML-BJS reuse,16,0.008035877748540199,1998
2,griewank,ML-BJS probe/4,16,0.007405398065661872,1993
2,griewank,ML-BJS train1,16,0.00010220583555520246,1999
2,griewank,ML-BJS train2,16,0.009912171840660622,1999
2,griewank,ML-BJS train3,16,0.00018144334379077698,1999
2,griewank,ML-BJS train4,16,0.00014029215404831596,1999
2,griewank,ML-BJS disjoint,16,0.007409800869081384,1999
2,griewank,L3 matched+refine,16,3.093452054625523e-06,2000
2,griewank,L3 full+refine,16,8.285864576240698e-06,2000
2,griewank,B+ p=0.2,16,2.3029048697997823e-06,10000
2,griewank,B+ ML-BJS,16,0.007406308245896609,10000
2,griewank,B+ ML-BJS free-probe,16,1.0255373766865361e-06,10000
2,griewank,B+ history-BJS,16,8.077569614295399e-07,10000
2,griewank,B+ 1/5-rule,16,0.007396040334114895,10000
2,griewank,p=0.3,17,6.615868930248681e-06,2000
2,griewank,p=0.4,17,1.0993714699703006e-06,2000
2,griewank,"p=0.0,sigma=0.003",17,0.007396042017243976,2000
2,griewank,"p=0.0,sigma=0.01",17,5.805068947761782e-08,2000
2,griewank,"p=0.0,sigma=0.03",17,3.038826799084404e-07,2000
2,griewank,"p=0.0,sigma=0.3",17,1.5025090914333461e-05,2000
2,griewank,"p=0.0,sigma=1.0",17,0.00011054503429386298,2000
2,griewank,1/5sigma+p=0.2,17,0.007396040334114895,2000
2,griewank,decay-p,17,0.007403705644334457,2000
2,griewank,history-BJS low,17,0.007397880635577003,2000
2,griewank,ML-BJS reuse,17,5.574155661491886e-07,1996
2,griewank,ML-BJS probe/4,17,0.007441356377347108,1993
2,griewank,ML-BJS train1,17,0.007539756645686291,1999
2,griewank,ML-BJS train2,17,0.007463959978359136,1999
2,griewank,ML-BJS train3,17,0.0003043839774575785,1999
2,griewank,ML-BJS train4,17,0.007486281226116609,1999
2,griewank,ML-BJS disjoint,17,6.314799179651942e-05,1999
2,griewank,L3 matched+refine,17,2.3956889494414213e-05,2000
2,griewank,L3 full+refine,17,1.5634058861069278e-05,2000
2,griewank,B+ p=0.2,17,1.2939517479715335e-07,10000
2,griewank,B+ ML-BJS,17,5.4237480034968755e-06,10000
2,griewank,B+ ML-BJS free-probe,17,2.0436404335466563e-07,10000
2,griewank,B+ history-BJS,17,2.509011675133621e-05,10000
2,griewank,B+ 1/5-rule,17,0.009397588963130366,10000
2,griewank,p=0.3,18,0.007396275264415886,2000
2,griewank,p=0.4,18,0.007423200035554078,2000
2,griewank,"p=0.0,sigma=0.003",18,0.0073960500395510165,2000
2,griewank,"p=0.0,sigma=0.01",18,0.007396053529194813,2000
2,griewank,"p=0.0,sigma=0.03",18,0.007396163482395468,2000
2,griewank,"p=0.0,sigma=0.3",18,0.007421149335825827,2000
2,griewank,"p=0.0,sigma=1.0",18,0.1180421350737283,2000
2,griewank,1/5sigma+p=0.2,18,0.0,2000
2,griewank,decay-p,18,7.038450563046084e-06,2000
2,griewank,history-BJS low,18,0.007403840256542504,2000
2,griewank,ML-BJS reuse,18,1.6334971482123706e-06,1997
2,griewank,ML-BJS probe/4,18,0.0074341574992029535,1993
2,griewank,ML-BJS train1,18,0.00014254343677500003,1999
2,griewank,ML-BJS train2,18,0.007495830123773084,1999
2,griewank,ML-BJS train3,18,0.0007163970284660426,1999
2,griewank,ML-BJS train4,18,0.007420306747088046,1999
2,griewank,ML-BJS disjoint,18,0.007417896662928247,1999
2,griewank,L3 matched+refine,18,1.647877557287014e-05,2000
2,griewank,L3 full+refine,18,1.0706224368828288e-05,2000
2,griewank,B+ p=0.2,18,3.3893921349559264e-06,10000
2,griewank,B+ ML-BJS,18,0.0073992817451994375,10000
2,griewank,B+ ML-BJS free-probe,18,3.972066294766208e-07,10000
2,griewank,B+ history-BJS,18,1.509248142794739e-06,10000
2,griewank,B+ 1/5-rule,18,0.0,10000
2,griewank,p=0.3,19,0.007403374039429367,2000
2,griewank,p=0.4,19,4.763215463610138e-06,2000
2,griewank,"p=0.0,sigma=0.003",19,0.001701735995065068,2000
2,griewank,"p=0.0,sigma=0.01",19,8.717565547211592e-08,2000
2,griewank,"p=0.0,sigma=0.03",19,0.0073962143065690045,2000
2,griewank,"p=0.0,sigma=0.3",19,0.007409872561901065,2000
2,griewank,"p=0.0,sigma=1.0",19,0.007605298805294591,2000
2,griewank,1/5sigma+p=0.2,19,0.0,2000
2,griewank,decay-p,19,1.1051849650556278e-05,2000
2,griewank,history-BJS low,19,2.4158444951183355e-06,2000
2,griewank,ML-BJS reuse,19,0.009866333113772718,1994
2,griewank,ML-BJS probe/4,19,0.009881519842617315,1993
2,griewank,ML-BJS train1,19,0.007523372905365422,1999
2,griewank,ML-BJS train2,19,0.007441091409887024,1999
2,griewank,ML-BJS train3,19,0.007466882762742766,1999
2,griewank,ML-BJS train4,19,1.7256883687477576e-05,1999
2,griewank,ML-BJS disjoint,19,0.007450914857635493,1999
2,griewank,L3 matched+refine,19,0.0073989340848448215,2000
2,griewank,L3 full+refine,19,4.9325764344132494e-06,2000
2,griewank,B+ p=0.2,19,2.266958215590975e-07,10000
2,griewank,B+ ML-BJS,19,1.9244270413998343e-05,10000
2,griewank,B+ ML-BJS free-probe,19,8.498307993987098e-07,10000
2,griewank,B+ history-BJS,19,3.9188805978085384e-07,10000
2,griewank,B+ 1/5-rule,19,0.007396040334114895,10000
2,griewank,p=0.3,20,1.7491717829609676e-05,2000
2,griewank,p=0.4,20,0.009876645605432666,2000
2,griewank,"p=0.0,sigma=0.003",20,0.0073960627450588845,2000
2,griewank,"p=0.0,sigma=0.01",20,0.01535025684762803,2000
2,griewank,"p=0.0,sigma=0.03",20,0.015350259074007333,2000
2,griewank,"p=0.0,sigma=0.3",20,0.009921051162960715,2000
2,griewank,"p=0.0,sigma=1.0",20,0.009930639430406618,2000
2,griewank,1/5sigma+p=0.2,20,0.0,2000
2,griewank,decay-p,20,7.946085832988281e-06,2000
2,griewank,history-BJS low,20,4.663647369951285e-06,2000
2,griewank,ML-BJS reuse,20,0.009866444410500774,1994
2,griewank,ML-BJS probe/4,20,6.122079325121543e-05,1993
2,griewank,ML-BJS train1,20,0.007737142829534638,1999
2,griewank,ML-BJS train2,20,0.007419871435184855,1999
2,griewank,ML-BJS train3,20,0.0003782727688081966,1999
2,griewank,ML-BJS train4,20,0.00012816461039033555,1999
2,griewank,ML-BJS disjoint,20,0.015350257872439932,1999
2,griewank,L3 matched+refine,20,2.356664846159262e-06,2000
2,griewank,L3 full+refine,20,1.3122784951469235e-05,2000
2,griewank,B+ p=0.2,20,9.315026061607057e-08,10000
2,griewank,B+ ML-BJS,20,0.00016226828016652206,10000
2,griewank,B+ ML-BJS free-probe,20,1.67756563640431e-07,10000
2,griewank,B+ history-BJS,20,2.1380031928197596e-06,10000
2,griewank,B+ 1/5-rule,20,0.007396040334115006,10000
2,griewank,p=0.3,21,0.007403419889793095,2000
2,griewank,p=0.4,21,1.9763611869283437e-07,2000
2,griewank,"p=0.0,sigma=0.003",21,1.4065971720711445e-09,2000
2,griewank,"p=0.0,sigma=0.01",21,2.1777376124632042e-08,2000
2,griewank,"p=0.0,sigma=0.03",21,0.007396196471783245,2000
2,griewank,"p=0.0,sigma=0.3",21,0.007400128024238839,2000
2,griewank,"p=0.0,sigma=1.0",21,0.045953809156447534,2000
2,griewank,1/5sigma+p=0.2,21,0.007396040334114895,2000
2,griewank,decay-p,21,0.0073961363082192255,2000
2,griewank,history-BJS low,21,6.087248157760072e-06,2000
2,griewank,ML-BJS reuse,21,4.538424522415596e-06,1992
2,griewank,ML-BJS probe/4,21,0.007440109335856371,1993
2,griewank,ML-BJS train1,21,0.00020901395839467707,1999
2,griewank,ML-BJS train2,21,0.007439073577986677,1999
2,griewank,ML-BJS train3,21,0.00749113078561825,1999
2,griewank,ML-BJS train4,21,0.007681835432040929,1999
2,griewank,ML-BJS disjoint,21,4.91719006453506e-05,1999
2,griewank,L3 matched+refine,21,2.163218120398991e-05,2000
2,griewank,L3 full+refine,21,2.0871232653263405e-05,2000
2,griewank,B+ p=0.2,21,1.9394531847183316e-07,10000
2,griewank,B+ ML-BJS,21,8.040428795907939e-05,10000
2,griewank,B+ ML-BJS free-probe,21,1.096794279842328e-07,10000
2,griewank,B+ history-BJS,21,1.7593990930819814e-07,10000
2,griewank,B+ 1/5-rule,21,0.007396040334115006,10000
2,griewank,p=0.3,22,0.00018418469820680183,2000
2,griewank,p=0.4,22,8.275470146923425e-06,2000
2,griewank,"p=0.0,sigma=0.003",22,0.007396043223303228,2000
2,griewank,"p=0.0,sigma=0.01",22,0.007396121131169164,2000
2,griewank,"p=0.0,sigma=0.03",22,0.569520519160303,2000
2,griewank,"p=0.0,sigma=0.3",22,0.007403325164371477,2000
2,griewank,"p=0.0,sigma=1.0",22,0.007897260368979087,2000
2,griewank,1/5sigma+p=0.2,22,0.007396040334114895,2000
2,griewank,decay-p,22,0.007402566806250954,2000
2,griewank,history-BJS low,22,0.007399992428994695,2000
2,griewank,ML-BJS reuse,22,0.007397493419707302,1997
2,griewank,ML-BJS probe/4,22,0.007432502500031468,1993
2,griewank,ML-BJS train1,22,0.007410244702542812,1999
2,griewank,ML-BJS train2,22,0.00010076618972132412,1999
2,griewank,ML-BJS train3,22,0.007492454373796864,1999
2,griewank,ML-BJS train4,22,0.0002445622096998168,1999
2,griewank,ML-BJS disjoint,22,0.00750870717676988,1999
2,griewank,L3 matched+refine,22,1.0291658067651532e-05,2000
2,griewank,L3 full+refine,22,3.4037916361029374e-06,2000
2,griewank,B+ p=0.2,22,8.580017459181022e-06,10000
2,griewank,B+ ML-BJS,22,1.7723734746621922e-05,10000
2,griewank,B+ ML-BJS free-probe,22,7.788108405959449e-07,10000
2,griewank,B+ history-BJS,22,8.172178684873188e-07,10000
2,griewank,B+ 1/5-rule,22,0.007396040334115006,10000
2,griewank,p=0.3,23,1.7746590429412734e-06,2000
2,griewank,p=0.4,23,9.58488324898088e-06,2000
2,griewank,"p=0.0,sigma=0.003",23,0.038397578679946864,2000
2,griewank,"p=0.0,sigma=0.01",23,0.00986476021435112,2000
2,griewank,"p=0.0,sigma=0.03",23,0.03839758167062446,2000
2,griewank,"p=0.0,sigma=0.3",23,0.00011318410272476154,2000
2,griewank,"p=0.0,sigma=1.0",23,0.008074125280630895,2000
2,griewank,1/5sigma+p=0.2,23,0.0,2000
2,griewank,decay-p,23,0.007397920452681839,2000
2,griewank,history-BJS low,23,4.482548850170964e-05,2000
2,griewank,ML-BJS reuse,23,0.007401625317916105,1992
2,griewank,ML-BJS probe/4,23,0.007431301491936493,1993
2,griewank,ML-BJS train1,23,0.00992853284798334,1999
2,griewank,ML-BJS train2,23,0.007401705025453342,1999
2,griewank,ML-BJS train3,23,0.00021451475035760836,1999
2,griewank,ML-BJS train4,23,0.007519357745455535,1999
2,griewank,ML-BJS disjoint,23,0.007436786856005684,1999
2,griewank,L3 matched+refine,23,1.8724447755302798e-05,2000
2,griewank,L3 full+refine,23,2.4942888198098423e-05,2000
2,griewank,B+ p=0.2,23,1.0610942502431442e-06,10000
2,griewank,B+ ML-BJS,23,0.009917461299805974,10000
2,griewank,B+ ML-BJS free-probe,23,1.1393966892203622e-07,10000
2,griewank,B+ history-BJS,23,7.504008153746966e-07,10000
2,griewank,B+ 1/5-rule,23,0.007396040334114895,10000
2,griewank,p=0.3,24,0.007402403758093534,2000
2,griewank,p=0.4,24,3.215513441068296e-07,2000
2,griewank,"p=0.0,sigma=0.003",24,0.00739604302475716,2000
2,griewank,"p=0.0,sigma=0.01",24,0.00739605534447918,2000
2,griewank,"p=0.0,sigma=0.03",24,0.17234008513851562,2000
2,griewank,"p=0.0,sigma=0.3",24,0.2772603118558715,2000
2,griewank,"p=0.0,sigma=1.0",24,0.007907595937655887,2000
2,griewank,1/5sigma+p=0.2,24,0.0,2000
2,griewank,decay-p,24,5.5138708886515175e-06,2000
2,griewank,history-BJS low,24,0.007396862516653502,2000
2,griewank,ML-BJS reuse,24,1.6651033027947904e-06,1994
2,griewank,ML-BJS probe/4,24,0.007423169027882537,1993
2,griewank,ML-BJS train1,24,0.0074988642894696644,1999
2,griewank,ML-BJS train2,24,0.007413967145847633,1999
2,griewank,ML-BJS train3,24,0.007512541728696198,1999
2,griewank,ML-BJS train4,24,0.00013310318344961214,1999
2,griewank,ML-BJS disjoint,24,0.007408243591664254,1999
2,griewank,L3 matched+refine,24,1.8084707125720634e-05,2000
2,griewank,L3 full+refine,24,2.4673315682011143e-05,2000
2,griewank,B+ p=0.2,24,6.162898917860815e-07,10000
2,griewank,B+ ML-BJS,24,0.007401468318557147,10000
2,griewank,B+ ML-BJS free-probe,24,5.036825738380379e-06,10000
2,griewank,B+ history-BJS,24,1.0114965522611818e-05,10000
2,griewank,B+ 1/5-rule,24,0.007396040334115006,10000
2,griewank,p=0.3,25,0.0073964337252833134,2000
2,griewank,p=0.4,25,5.8609031891032615e-06,2000
2,griewank,"p=0.0,sigma=0.003",25,0.006103316242606738,2000
2,griewank,"p=0.0,sigma=0.01",25,0.007396155935991855,2000
2,griewank,"p=0.0,sigma=0.03",25,0.007396813592966178,2000
2,griewank,"p=0.0,sigma=0.3",25,2.2959412733891682e-05,2000
2,griewank,"p=0.0,sigma=1.0",25,6.830284453429591e-05,2000
2,griewank,1/5sigma+p=0.2,25,0.007396040334115006,2000
2,griewank,decay-p,25,1.4435550922065055e-05,2000
2,griewank,history-BJS low,25,0.007405413854194021,2000
2,griewank,ML-BJS reuse,25,0.0073976456701956295,1996
2,griewank,ML-BJS probe/4,25,0.007426804887806671,1993
2,griewank,ML-BJS train1,25,0.00762242812208469,1999
2,griewank,ML-BJS train2,25,0.007492064990168301,1999
2,griewank,ML-BJS train3,25,0.0004113195500634603,1999
2,griewank,ML-BJS train4,25,0.0076808117701181455,1999
2,griewank,ML-BJS disjoint,25,0.00752353809158246,1999
2,griewank,L3 matched+refine,25,1.4640441965418916e-06,2000
2,griewank,L3 full+refine,25,8.06599506375516e-06,2000
2,griewank,B+ p=0.2,25,2.0645970686405946e-06,10000
2,griewank,B+ ML-BJS,25,0.0073964779780635315,10000
2,griewank,B+ ML-BJS free-probe,25,2.8075580371655917e-07,10000
2,griewank,B+ history-BJS,25,2.032790635930759e-06,10000
2,griewank,B+ 1/5-rule,25,0.007396040334114895,10000
2,griewank,p=0.3,26,0.00740415168662778,2000
2,griewank,p=0.4,26,2.296757462305621e-05,2000
2,griewank,"p=0.0,sigma=0.003",26,0.32256645902009595,2000
2,griewank,"p=0.0,sigma=0.01",26,0.32256618867704734,2000
2,griewank,"p=0.0,sigma=0.03",26,0.007396354533728555,2000
2,griewank,"p=0.0,sigma=0.3",26,0.32256624636384146,2000
2,griewank,"p=0.0,sigma=1.0",26,0.007551313461742759,2000
2,griewank,1/5sigma+p=0.2,26,0.0,2000
2,griewank,decay-p,26,0.007399169552146367,2000
2,griewank,history-BJS low,26,0.007400482260775609,2000
2,griewank,ML-BJS reuse,26,0.007396376147189021,2000
2,griewank,ML-BJS probe/4,26,0.007430539939135672,1993
2,griewank,ML-BJS train1,26,0.0075089194633310985,1999
2,griewank,ML-BJS train2,26,0.007498940383501407,1999
2,griewank,ML-BJS train3,26,0.007524118564978477,1999
2,griewank,ML-BJS train4,26,0.007559945263341139,1999
2,griewank,ML-BJS disjoint,26,8.354822799538919e-05,1999
2,griewank,L3 matched+refine,26,1.3399669711033901e-05,2000
2,griewank,L3 full+refine,26,1.6591023341616662e-05,2000
2,griewank,B+ p=0.2,26,1.259935259012579e-06,10000
2,griewank,B+ ML-BJS,26,1.376556116539085e-05,10000
2,griewank,B+ ML-BJS free-probe,26,1.4644949339892577e-06,10000
2,griewank,B+ history-BJS,26,1.12743421376571e-06,10000
2,griewank,B+ 1/5-rule,26,0.0,10000
2,griewank,p=0.3,27,2.348534762219856e-07,2000
2,griewank,p=0.4,27,1.2097116848686085e-05,2000
2,griewank,"p=0.0,sigma=0.003",27,0.009864677712284942,2000
2,griewank,"p=0.0,sigma=0.01",27,6.612197323008218e-08,2000
2,griewank,"p=0.0,sigma=0.03",27,0.007396398945257676,2000
2,griewank,"p=0.0,sigma=0.3",27,0.010217909398002711,2000
2,griewank,"p=0.0,sigma=1.0",27,0.007417831324554314,2000
2,griewank,1/5sigma+p=0.2,27,0.007396040334115006,2000
2,griewank,decay-p,27,1.588472065783275e-05,2000
2,griewank,history-BJS low,27,1.3280529616022108e-06,2000
2,griewank,ML-BJS reuse,27,0.009864926208964842,1995
2,griewank,ML-BJS probe/4,27,0.007396290228461888,1993
2,griewank,ML-BJS train1,27,0.010303331419130535,1999
2,griewank,ML-BJS train2,27,0.007478390972825433,1999
2,griewank,ML-BJS train3,27,4.8004881076813e-05,1999
2,griewank,ML-BJS train4,27,0.007451960184688522,1999
2,griewank,ML-BJS disjoint,27,0.009902873171095616,1999
2,griewank,L3 matched+refine,27,2.1304648823883277e-05,2000
2,griewank,L3 full+refine,27,6.798490274073643e-07,2000
2,griewank,B+ p=0.2,27,3.2755304546494557e-07,10000
2,griewank,B+ ML-BJS,27,0.00740161262244543,10000
2,griewank,B+ ML-BJS free-probe,27,2.045758869306802e-06,10000
2,griewank,B+ history-BJS,27,3.3487843242863136e-07,10000
2,griewank,B+ 1/5-rule,27,0.0,10000
2,griewank,p=0.3,28,1.0923142481078507e-05,2000
2,griewank,p=0.4,28,2.090722836201042e-05,2000
2,griewank,"p=0.0,sigma=0.003",28,0.007396047273807493,2000
2,griewank,"p=0.0,sigma=0.01",28,0.007396053855752482,2000
2,griewank,"p=0.0,sigma=0.03",28,2.7526459112081625e-08,2000
2,griewank,"p=0.0,sigma=0.3",28,1.0667305992972942e-06,2000
2,griewank,"p=0.0,sigma=1.0",28,0.12464455775958327,2000
2,griewank,1/5sigma+p=0.2,28,0.0,2000
2,griewank,decay-p,28,0.007406810942928055,2000
2,griewank,history-BJS low,28,2.8348003662248544e-06,2000
2,griewank,ML-BJS reuse,28,0.007399275189302057,1992
2,griewank,ML-BJS probe/4,28,1.1568146838558668e-05,1993
2,griewank,ML-BJS train1,28,0.0001488143749684978,1999
2,griewank,ML-BJS train2,28,0.007407819118821268,1999
2,griewank,ML-BJS train3,28,2.556337780945661e-05,1999
2,griewank,ML-BJS train4,28,0.007434470180438857,1999
2,griewank,ML-BJS disjoint,28,4.884256529957831e-05,1999
2,griewank,L3 matched+refine,28,1.2981753739982338e-05,2000
2,griewank,L3 full+refine,28,2.4890495032514615e-05,2000
2,griewank,B+ p=0.2,28,0.007396699335440515,10000
2,griewank,B+ ML-BJS,28,0.007406700590115833,10000
2,griewank,B+ ML-BJS free-probe,28,1.89414306883684e-06,10000
2,griewank,B+ history-BJS,28,3.2898966251249107e-07,10000
2,griewank,B+ 1/5-rule,28,0.0,10000
2,griewank,p=0.3,29,0.007397669652275285,2000
2,griewank,p=0.4,29,2.251208342962663e-06,2000
2,griewank,"p=0.0,sigma=0.003",29,0.16427252917526547,2000
2,griewank,"p=0.0,sigma=0.01",29,8.413291030517911e-08,2000
2,griewank,"p=0.0,sigma=0.03",29,0.16427252914306134,2000
2,griewank,"p=0.0,sigma=0.3",29,0.1642726952527671,2000
2,griewank,"p=0.0,sigma=1.0",29,0.007399243328562455,2000
2,griewank,1/5sigma+p=0.2,29,0.0,2000
2,griewank,decay-p,29,0.007396042848551332,2000
2,griewank,history-BJS low,29,2.3289549612171e-06,2000
2,griewank,ML-BJS reuse,29,0.007399210037829174,1999
2,griewank,ML-BJS probe/4,29,6.245063526755246e-06,1993
2,griewank,ML-BJS train1,29,0.007456616295972829,1999
2,griewank,ML-BJS train2,29,0.007407005901043484,1999
2,griewank,ML-BJS train3,29,1.7627892954563684e-05,1999
2,griewank,ML-BJS train4,29,0.007467214637851272,1999
2,griewank,ML-BJS disjoint,29,6.802432865227193e-05,1999
2,griewank,L3 matched+refine,29,2.5655904956067843e-08,2000
2,griewank,L3 full+refine,29,3.817460875610301e-05,2000
2,griewank,B+ p=0.2,29,1.3633166096038707e-07,10000
2,griewank,B+ ML-BJS,29,0.007408607048333793,10000
2,griewank,B+ ML-BJS free-probe,29,2.4698365151953894e-06,10000
2,griewank,B+ history-BJS,29,1.0050547312179248e-06,10000
2,griewank,B+ 1/5-rule,29,0.007396040334114895,10000
2,rosenbrock,p=0.3,0,0.00010053261385728685,2000
2,rosenbrock,p=0.4,0,0.00014621064192044404,2000
2,rosenbrock,"p=0.0,sigma=0.003",0,0.4386655293376886,2000
2,rosenbrock,"p=0.0,sigma=0.01",0,3.2398287898590795e-06,2000
2,rosenbrock,"p=0.0,sigma=0.03",0,2.0809049195443563e-05,2000
2,rosenbrock,"p=0.0,sigma=0.3",0,0.0013293468073779192,2000
2,rosenbrock,"p=0.0,sigma=1.0",0,0.003305039517449008,2000
2,rosenbrock,1/5sigma+p=0.2,0,0.00043595558098823704,2000
2,rosenbrock,decay-p,0,6.60324070465948e-05,2000
2,rosenbrock,history-BJS low,0,0.1025393249453349,2000
2,rosenbrock,ML-BJS reuse,0,0.1728933488652511,1994
2,rosenbrock,ML-BJS probe/4,0,0.004286233154145909,1993
2,rosenbrock,ML-BJS train1,0,0.13001735982618765,1999
2,rosenbrock,ML-BJS train2,0,0.8094931841802135,1999
2,rosenbrock,ML-BJS train3,0,0.07633694340856081,1999
2,rosenbrock,ML-BJS train4,0,3.094619640755691,1999
2,rosenbrock,ML-BJS disjoint,0,0.05903501921034385,1999
2,rosenbrock,L3 matched+refine,0,4.468283707342366e-07,2000
2,rosenbrock,L3 full+refine,0,4.578533364617608e-05,2000
2,rosenbrock,B+ p=0.2,0,9.853944275369558e-05,10000
2,rosenbrock,B+ ML-BJS,0,0.0019903081465526854,10000
2,rosenbrock,B+ ML-BJS free-probe,0,0.00018510466656075842,10000
2,rosenbrock,B+ history-BJS,0,2.3230753705646614e-05,10000
2,rosenbrock,B+ 1/5-rule,0,3.139470320349795e-08,10000
2,rosenbrock,p=0.3,1,0.00013644542199179067,2000
2,rosenbrock,p=0.4,1,0.00014337892902211837,2000
2,rosenbrock,"p=0.0,sigma=0.003",1,19540.43794109508,2000
2,rosenbrock,"p=0.0,sigma=0.01",1,0.2515245622611606,2000
2,rosenbrock,"p=0.0,sigma=0.03",1,0.04731648150903357,2000
2,rosenbrock,"p=0.0,sigma=0.3",1,0.0032225017962466407,2000
2,rosenbrock,"p=0.0,sigma=1.0",1,0.03966302623130316,2000
2,rosenbrock,1/5sigma+p=0.2,1,0.009225533950785594,2000
2,rosenbrock,decay-p,1,0.003306941590932439,2000
2,rosenbrock,history-BJS low,1,1.135664134514962e-05,2000
2,rosenbrock,ML-BJS reuse,1,0.0003063241719881791,1996
2,rosenbrock,ML-BJS probe/4,1,0.5915653325137089,1993
2,rosenbrock,ML-BJS train1,1,4.999063250811169,1999
2,rosenbrock,ML-BJS train2,1,3.6385868803311854,1999
2,rosenbrock,ML-BJS train3,1,0.38348173012487013,1999
2,rosenbrock,ML-BJS train4,1,0.07510873472789317,1999
2,rosenbrock,ML-BJS disjoint,1,0.03270843283381201,1999
2,rosenbrock,L3 matched+refine,1,1.7994564657377888e-06,2000
2,rosenbrock,L3 full+refine,1,0.01192771775765798,2000
2,rosenbrock,B+ p=0.2,1,4.10682042106749e-05,10000
2,rosenbrock,B+ ML-BJS,1,0.005491267879695725,10000
2,rosenbrock,B+ ML-BJS free-probe,1,3.900021842390229e-05,10000
2,rosenbrock,B+ history-BJS,1,0.00024758928928053067,10000
2,rosenbrock,B+ 1/5-rule,1,3.6569672986179736e-07,10000
2,rosenbrock,p=0.3,2,0.0004030229396089746,2000
2,rosenbrock,p=0.4,2,0.00041692805245832946,2000
2,rosenbrock,"p=0.0,sigma=0.003",2,5603.156914343104,2000
2,rosenbrock,"p=0.0,sigma=0.01",2,0.8316125089668175,2000
2,rosenbrock,"p=0.0,sigma=0.03",2,2.752008024345821e-05,2000
2,rosenbrock,"p=0.0,sigma=0.3",2,0.0032186098993988517,2000
2,rosenbrock,"p=0.0,sigma=1.0",2,0.0011197015985135368,2000
2,rosenbrock,1/5sigma+p=0.2,2,6.929074625157348e-05,2000
2,rosenbrock,decay-p,2,0.00012709874473414466,2000
2,rosenbrock,history-BJS low,2,4.6452249629863386e-05,2000
2,rosenbrock,ML-BJS reuse,2,0.00011419906468577903,1992
2,rosenbrock,ML-BJS probe/4,2,0.11518327365016637,1993
2,rosenbrock,ML-BJS train1,2,0.0766773605741437,1999
2,rosenbrock,ML-BJS train2,2,0.052795193612475144,1999
2,rosenbrock,ML-BJS train3,2,0.0002554972041858696,1999
2,rosenbrock,ML-BJS train4,2,0.2978397707193766,1999
2,rosenbrock,ML-BJS disjoint,2,0.11390914482599775,1999
2,rosenbrock,L3 matched+refine,2,2.195706000760271e-05,2000
2,rosenbrock,L3 full+refine,2,0.0004583480148171028,2000
2,rosenbrock,B+ p=0.2,2,4.797383507258373e-06,10000
2,rosenbrock,B+ ML-BJS,2,0.043654594905763136,10000
2,rosenbrock,B+ ML-BJS free-probe,2,7.866110124132489e-05,10000
2,rosenbrock,B+ history-BJS,2,6.514562405135137e-05,10000
2,rosenbrock,B+ 1/5-rule,2,2.94189581801234e-07,10000
2,rosenbrock,p=0.3,3,2.8343357708350445e-05,2000
2,rosenbrock,p=0.4,3,0.05272486070365144,2000
2,rosenbrock,"p=0.0,sigma=0.003",3,4.635438813155994,2000
2,rosenbrock,"p=0.0,sigma=0.01",3,0.001218939915091167,2000
2,rosenbrock,"p=0.0,sigma=0.03",3,0.048741665615576885,2000
2,rosenbrock,"p=0.0,sigma=0.3",3,0.0009317089562200727,2000
2,rosenbrock,"p=0.0,sigma=1.0",3,0.01697350165879769,2000
2,rosenbrock,1/5sigma+p=0.2,3,0.02993228210100462,2000
2,rosenbrock,decay-p,3,0.00023946743679739403,2000
2,rosenbrock,history-BJS low,3,9.579691460363983e-05,2000
2,rosenbrock,ML-BJS reuse,3,5.730076190138794e-05,1993
2,rosenbrock,ML-BJS probe/4,3,0.12978438323545424,1993
2,rosenbrock,ML-BJS train1,3,1.017949421753563,1999
2,rosenbrock,ML-BJS train2,3,0.001201927288046154,1999
2,rosenbrock,ML-BJS train3,3,0.06199891232625512,1999
2,rosenbrock,ML-BJS train4,3,2.036180800911028,1999
2,rosenbrock,ML-BJS disjoint,3,1.6240565479744924,1999
2,rosenbrock,L3 matched+refine,3,0.0002938286947725097,2000
2,rosenbrock,L3 full+refine,3,0.010739648738887853,2000
2,rosenbrock,B+ p=0.2,3,3.464287974736969e-07,10000
2,rosenbrock,B+ ML-BJS,3,0.11552586720663421,10000
2,rosenbrock,B+ ML-BJS free-probe,3,2.5658583919005566e-05,10000
2,rosenbrock,B+ history-BJS,3,3.881225068576444e-05,10000
2,rosenbrock,B+ 1/5-rule,3,7.729447973038336e-08,10000
2,rosenbrock,p=0.3,4,4.422368590454647e-05,2000
2,rosenbrock,p=0.4,4,0.0001816153868241531,2000
2,rosenbrock,"p=0.0,sigma=0.003",4,343.8224218558602,2000
2,rosenbrock,"p=0.0,sigma=0.01",4,0.020826066047074293,2000
2,rosenbrock,"p=0.0,sigma=0.03",4,0.00010297653853380426,2000
2,rosenbrock,"p=0.0,sigma=0.3",4,0.000949264657395595,2000
2,rosenbrock,"p=0.0,sigma=1.0",4,0.014659753659923034,2000
2,rosenbrock,1/5sigma+p=0.2,4,0.009614608341039707,2000
2,rosenbrock,decay-p,4,0.0002472821106473856,2000
2,rosenbrock,history-BJS low,4,0.0001441806976192609,2000
2,rosenbrock,ML-BJS reuse,4,5.543809744551698e-05,1997
2,rosenbrock,ML-BJS probe/4,4,0.00021101998101492284,1993
2,rosenbrock,ML-BJS train1,4,5.155896663282918,1999
2,rosenbrock,ML-BJS train2,4,0.4478436823080986,1999
2,rosenbrock,ML-BJS train3,4,0.1395506742700858,1999
2,rosenbrock,ML-BJS train4,4,0.183530013230263,1999
2,rosenbrock,ML-BJS disjoint,4,0.018115758201906824,1999
2,rosenbrock,L3 matched+refine,4,0.00025642724699929595,2000
2,rosenbrock,L3 full+refine,4,0.055275060999405684,2000
2,rosenbrock,B+ p=0.2,4,1.1990370069043032e-05,10000
2,rosenbrock,B+ ML-BJS,4,0.0056826642746168644,10000
2,rosenbrock,B+ ML-BJS free-probe,4,1.540758865524205e-05,10000
2,rosenbrock,B+ history-BJS,4,1.3732465304643033e-05,10000
2,rosenbrock,B+ 1/5-rule,4,1.3949121921227012e-07,10000
2,rosenbrock,p=0.3,5,0.004328806777412447,2000
2,rosenbrock,p=0.4,5,0.0018816124782346985,2000
2,rosenbrock,"p=0.0,sigma=0.003",5,3407.8897470782213,2000
2,rosenbrock,"p=0.0,sigma=0.01",5,0.03472963712937726,2000
2,rosenbrock,"p=0.0,sigma=0.03",5,3.3138811998004175e-07,2000
2,rosenbrock,"p=0.0,sigma=0.3",5,8.238160879594266e-05,2000
2,rosenbrock,"p=0.0,sigma=1.0",5,0.017699139652599474,2000
2,rosenbrock,1/5sigma+p=0.2,5,0.004291948157803655,2000
2,rosenbrock,decay-p,5,6.159859622100814e-05,2000
2,rosenbrock,history-BJS low,5,0.00048109847053161205,2000
2,rosenbrock,ML-BJS reuse,5,0.00015482974607702039,2000
2,rosenbrock,ML-BJS probe/4,5,0.011819355603876269,1993
2,rosenbrock,ML-BJS train1,5,0.13785857739021565,1999
2,rosenbrock,ML-BJS train2,5,4.747763388909458,1999
2,rosenbrock,ML-BJS train3,5,0.14482866957797982,1999
2,rosenbrock,ML-BJS train4,5,0.11631801438375593,1999
2,rosenbrock,ML-BJS disjoint,5,0.5338946817184278,1999
2,rosenbrock,L3 matched+refine,5,1.960694169982547e-05,2000
2,rosenbrock,L3 full+refine,5,0.0438109907338361,2000
2,rosenbrock,B+ p=0.2,5,7.516715112265917e-05,10000
2,rosenbrock,B+ ML-BJS,5,0.0017115322701887325,10000
2,rosenbrock,B+ ML-BJS free-probe,5,2.4004965663507222e-06,10000
2,rosenbrock,B+ history-BJS,5,4.919032108805753e-05,10000
2,rosenbrock,B+ 1/5-rule,5,6.357724437123167e-07,10000
2,rosenbrock,p=0.3,6,0.0003319085814594759,2000
2,rosenbrock,p=0.4,6,6.729555876301537e-05,2000
2,rosenbrock,"p=0.0,sigma=0.003",6,0.9411998831055041,2000
2,rosenbrock,"p=0.0,sigma=0.01",6,31.99733762435388,2000
2,rosenbrock,"p=0.0,sigma=0.03",6,1.1678397550342217e-05,2000
2,rosenbrock,"p=0.0,sigma=0.3",6,0.0009350394194079008,2000
2,rosenbrock,"p=0.0,sigma=1.0",6,0.0043132583793783754,2000
2,rosenbrock,1/5sigma+p=0.2,6,0.5204997435938412,2000
2,rosenbrock,decay-p,6,0.00018730710030947557,2000
2,rosenbrock,history-BJS low,6,0.00015416099492348981,2000
2,rosenbrock,ML-BJS reuse,6,5.9702873171359285e-05,1992
2,rosenbrock,ML-BJS probe/4,6,0.04853393127529122,1993
2,rosenbrock,ML-BJS train1,6,5.2471540899946385,1999
2,rosenbrock,ML-BJS train2,6,0.13905257841934401,1999
2,rosenbrock,ML-BJS train3,6,0.7827757172459153,1999
2,rosenbrock,ML-BJS train4,6,0.02288259947867094,1999
2,rosenbrock,ML-BJS disjoint,6,0.7819376469297633,1999
2,rosenbrock,L3 matched+refine,6,7.090264141717693e-05,2000
2,rosenbrock,L3 full+refine,6,0.006977900503326011,2000
2,rosenbrock,B+ p=0.2,6,1.1006279341164984e-05,10000
2,rosenbrock,B+ ML-BJS,6,0.24071580475702178,10000
2,rosenbrock,B+ ML-BJS free-probe,6,8.716438074660968e-05,10000
2,rosenbrock,B+ history-BJS,6,0.00014184344450973558,10000
2,rosenbrock,B+ 1/5-rule,6,1.3403657126296162e-07,10000
2,rosenbrock,p=0.3,7,0.0007416452994653763,2000
2,rosenbrock,p=0.4,7,0.0012275100541100426,2000
2,rosenbrock,"p=0.0,sigma=0.003",7,37.05415879190259,2000
2,rosenbrock,"p=0.0,sigma=0.01",7,5.851768907721243e-05,2000
2,rosenbrock,"p=0.0,sigma=0.03",7,1.2454231930507692e-05,2000
2,rosenbrock,"p=0.0,sigma=0.3",7,8.673235361073294e-05,2000
2,rosenbrock,"p=0.0,sigma=1.0",7,0.00034461534864030564,2000
2,rosenbrock,1/5sigma+p=0.2,7,0.0011370509164746316,2000
2,rosenbrock,decay-p,7,8.168036180291089e-05,2000
2,rosenbrock,history-BJS low,7,0.0004115875229834437,2000
2,rosenbrock,ML-BJS reuse,7,0.00022645657999329535,1998
2,rosenbrock,ML-BJS probe/4,7,0.008148459586208072,1993
2,rosenbrock,ML-BJS train1,7,0.04777658697519751,1999
2,rosenbrock,ML-BJS train2,7,0.8990705739378366,1999
2,rosenbrock,ML-BJS train3,7,0.10843750907705514,1999
2,rosenbrock,ML-BJS train4,7,0.772209411187461,1999
2,rosenbrock,ML-BJS disjoint,7,0.21460931167949437,1999
2,rosenbrock,L3 matched+refine,7,2.596548137293713e-05,2000
2,rosenbrock,L3 full+refine,7,0.0008395147896790457,2000
2,rosenbrock,B+ p=0.2,7,5.780228413333945e-06,10000
2,rosenbrock,B+ ML-BJS,7,0.0002722710910973464,10000
2,rosenbrock,B+ ML-BJS free-probe,7,0.00020103054666668755,10000
2,rosenbrock,B+ history-BJS,7,8.72390404272967e-05,10000
2,rosenbrock,B+ 1/5-rule,7,1.0289439312869361e-05,10000
2,rosenbrock,p=0.3,8,0.0005908284129777207,2000
2,rosenbrock,p=0.4,8,6.753544768738275e-05,2000
2,rosenbrock,"p=0.0,sigma=0.003",8,847.7202987114988,2000
2,rosenbrock,"p=0.0,sigma=0.01",8,0.693671989298695,2000
2,rosenbrock,"p=0.0,sigma=0.03",8,3.892557775186544e-05,2000
2,rosenbrock,"p=0.0,sigma=0.3",8,0.0009186296168528939,2000
2,rosenbrock,"p=0.0,sigma=1.0",8,0.010199894090206843,2000
2,rosenbrock,1/5sigma+p=0.2,8,0.8364514086333721,2000
2,rosenbrock,decay-p,8,0.0003441568617782836,2000
2,rosenbrock,history-BJS low,8,4.037954190913029e-05,2000
2,rosenbrock,ML-BJS reuse,8,0.009357261089352682,1992
2,rosenbrock,ML-BJS probe/4,8,0.13383928379297566,1993
2,rosenbrock,ML-BJS train1,8,0.05717312646157026,1999
2,rosenbrock,ML-BJS train2,8,0.09408499990989115,1999
2,rosenbrock,ML-BJS train3,8,0.008028584297090085,1999
2,rosenbrock,ML-BJS train4,8,0.0031041802462702254,1999
2,rosenbrock,ML-BJS disjoint,8,0.013589171597670133,1999
2,rosenbrock,L3 matched+refine,8,5.020734611213291e-05,2000
2,rosenbrock,L3 full+refine,8,0.016320778301553793,2000
2,rosenbrock,B+ p=0.2,8,1.5935085646658706e-05,10000
2,rosenbrock,B+ ML-BJS,8,0.00039040380604103415,10000
2,rosenbrock,B+ ML-BJS free-probe,8,0.0002563723076303055,10000
2,rosenbrock,B+ history-BJS,8,2.391500996220355e-05,10000
2,rosenbrock,B+ 1/5-rule,8,0.22312111714418775,10000
2,rosenbrock,p=0.3,9,8.339446625372165e-05,2000
2,rosenbrock,p=0.4,9,0.0020987238194936403,2000
2,rosenbrock,"p=0.0,sigma=0.003",9,628.4537975635167,2000
2,rosenbrock,"p=0.0,sigma=0.01",9,0.009975502536242168,2000
2,rosenbrock,"p=0.0,sigma=0.03",9,7.769196039894573e-06,2000
2,rosenbrock,"p=0.0,sigma=0.3",9,0.0006644002270579289,2000
2,rosenbrock,"p=0.0,sigma=1.0",9,0.0032368436404391597,2000
2,rosenbrock,1/5sigma+p=0.2,9,0.17293210350640834,2000
2,rosenbrock,decay-p,9,0.00016404397550838165,2000
2,rosenbrock,history-BJS low,9,0.00010127667655675694,2000
2,rosenbrock,ML-BJS reuse,9,0.0003430930652160264,1994
2,rosenbrock,ML-BJS probe/4,9,0.004033322453104804,1993
2,rosenbrock,ML-BJS train1,9,0.027095626425548778,1999
2,rosenbrock,ML-BJS train2,9,0.10786754372289128,1999
2,rosenbrock,ML-BJS train3,9,0.5522988234957903,1999
2,rosenbrock,ML-BJS train4,9,0.001967290578487099,1999
2,rosenbrock,ML-BJS disjoint,9,0.17620699387382116,1999
2,rosenbrock,L3 matched+refine,9,0.0004692147624089344,2000
2,rosenbrock,L3 full+refine,9,0.01043937843317419,2000
2,rosenbrock,B+ p=0.2,9,8.552384206578806e-06,10000
2,rosenbrock,B+ ML-BJS,9,9.267281919582123e-05,10000
2,rosenbrock,B+ ML-BJS free-probe,9,7.278543716738487e-05,10000
2,rosenbrock,B+ history-BJS,9,1.7856359981593115e-06,10000
2,rosenbrock,B+ 1/5-rule,9,7.316513553431593e-08,10000
2,rosenbrock,p=0.3,10,0.00015449504457322366,2000
2,rosenbrock,p=0.4,10,0.0002876236766344212,2000
2,rosenbrock,"p=0.0,sigma=0.003",10,180.99279367641532,2000
2,rosenbrock,"p=0.0,sigma=0.01",10,0.2697375593059118,2000
2,rosenbrock,"p=0.0,sigma=0.03",10,0.00814675915276489,2000
2,rosenbrock,"p=0.0,sigma=0.3",10,0.0003008737929368759,2000
2,rosenbrock,"p=0.0,sigma=1.0",10,0.003194829169055295,2000
2,rosenbrock,1/5sigma+p=0.2,10,0.002601846129604361,2000
2,rosenbrock,decay-p,10,3.2389912775647185e-05,2000
2,rosenbrock,history-BJS low,10,4.318817896702488e-05,2000
2,rosenbrock,ML-BJS reuse,10,0.00042175667889420926,1998
2,rosenbrock,ML-BJS probe/4,10,0.06305293082588283,1993
2,rosenbrock,ML-BJS train1,10,0.0013394936693127385,1999
2,rosenbrock,ML-BJS train2,10,0.0023763768177635348,1999
2,rosenbrock,ML-BJS train3,10,0.11909562439965159,1999
2,rosenbrock,ML-BJS train4,10,0.39747106741128246,1999
2,rosenbrock,ML-BJS disjoint,10,0.4758900033158989,1999
2,rosenbrock,L3 matched+refine,10,0.00021302991451090274,2000
2,rosenbrock,L3 full+refine,10,0.0034269612877474414,2000
2,rosenbrock,B+ p=0.2,10,3.7897363169992654e-05,10000
2,rosenbrock,B+ ML-BJS,10,0.0003896438474102526,10000
2,rosenbrock,B+ ML-BJS free-probe,10,1.8772410996320943e-05,10000
2,rosenbrock,B+ history-BJS,10,1.4460625346767815e-05,10000
2,rosenbrock,B+ 1/5-rule,10,4.214210028202483e-07,10000
2,rosenbrock,p=0.3,11,0.001042695992025602,2000
2,rosenbrock,p=0.4,11,0.2216544881409325,2000
2,rosenbrock,"p=0.0,sigma=0.003",11,2.3304008869513253,2000
2,rosenbrock,"p=0.0,sigma=0.01",11,0.002298729288212691,2000
2,rosenbrock,"p=0.0,sigma=0.03",11,7.996151458772225e-05,2000
2,rosenbrock,"p=0.0,sigma=0.3",11,0.0011883798137258044,2000
2,rosenbrock,"p=0.0,sigma=1.0",11,0.03245496826048842,2000
2,rosenbrock,1/5sigma+p=0.2,11,0.018368480758985853,2000
2,rosenbrock,decay-p,11,0.0002597022989687595,2000
2,rosenbrock,history-BJS low,11,0.00015226756559381905,2000
2,rosenbrock,ML-BJS reuse,11,0.00022112124932547217,1995
2,rosenbrock,ML-BJS probe/4,11,0.04122080055947139,1993
2,rosenbrock,ML-BJS train1,11,0.011076615623080092,1999
2,rosenbrock,ML-BJS train2,11,4.09895939496767,1999
2,rosenbrock,ML-BJS train3,11,0.8700034418768797,1999
2,rosenbrock,ML-BJS train4,11,0.15250493457111156,1999
2,rosenbrock,ML-BJS disjoint,11,0.06928778562195292,1999
2,rosenbrock,L3 matched+refine,11,0.0008352357170078045,2000
2,rosenbrock,L3 full+refine,11,0.05742621622961353,2000
2,rosenbrock,B+ p=0.2,11,1.4737758048023773e-05,10000
2,rosenbrock,B+ ML-BJS,11,0.0027015324751905583,10000
2,rosenbrock,B+ ML-BJS free-probe,11,4.589161620125438e-06,10000
2,rosenbrock,B+ history-BJS,11,9.524855755568335e-05,10000
2,rosenbrock,B+ 1/5-rule,11,9.086853551121333e-08,10000
2,rosenbrock,p=0.3,12,0.0005643021316055396,2000
2,rosenbrock,p=0.4,12,0.01917640033650848,2000
2,rosenbrock,"p=0.0,sigma=0.003",12,7003.34054899907,2000
2,rosenbrock,"p=0.0,sigma=0.01",12,9.640164533980602e-05,2000
2,rosenbrock,"p=0.0,sigma=0.03",12,1.4060266816657296e-05,2000
2,rosenbrock,"p=0.0,sigma=0.3",12,0.10092352607031334,2000
2,rosenbrock,"p=0.0,sigma=1.0",12,0.0026127447116935706,2000
2,rosenbrock,1/5sigma+p=0.2,12,0.00828921194021327,2000
2,rosenbrock,decay-p,12,3.099995265884766e-05,2000
2,rosenbrock,history-BJS low,12,0.00019015864612628795,2000
2,rosenbrock,ML-BJS reuse,12,0.00027409691524911487,1994
2,rosenbrock,ML-BJS probe/4,12,0.0024448493912950556,1993
2,rosenbrock,ML-BJS train1,12,0.12199363571182982,1999
2,rosenbrock,ML-BJS train2,12,0.8588209531120866,1999
2,rosenbrock,ML-BJS train3,12,1.77251967413544,1999
2,rosenbrock,ML-BJS train4,12,1.7848270398604327,1999
2,rosenbrock,ML-BJS disjoint,12,1.565832296906065,1999
2,rosenbrock,L3 matched+refine,12,6.029835201721062e-05,2000
2,rosenbrock,L3 full+refine,12,0.00848928323274885,2000
2,rosenbrock,B+ p=0.2,12,1.4116541573804223e-05,10000
2,rosenbrock,B+ ML-BJS,12,0.0011839112117168738,10000
2,rosenbrock,B+ ML-BJS free-probe,12,0.00022123549351440726,10000
2,rosenbrock,B+ history-BJS,12,5.417777997580875e-06,10000
2,rosenbrock,B+ 1/5-rule,12,1.8368544416983052e-07,10000
2,rosenbrock,p=0.3,13,0.00020324572772688516,2000
2,rosenbrock,p=0.4,13,0.00042256034426459187,2000
2,rosenbrock,"p=0.0,sigma=0.003",13,2933.7391273825665,2000
2,rosenbrock,"p=0.0,sigma=0.01",13,0.0003724456320962434,2000
2,rosenbrock,"p=0.0,sigma=0.03",13,1.696904606241714e-06,2000
2,rosenbrock,"p=0.0,sigma=0.3",13,9.222103323227745e-05,2000
2,rosenbrock,"p=0.0,sigma=1.0",13,0.010533606818435437,2000
2,rosenbrock,1/5sigma+p=0.2,13,0.005622209926193063,2000
2,rosenbrock,decay-p,13,3.429717982239567e-05,2000
2,rosenbrock,history-BJS low,13,0.0012958426089678344,2000
2,rosenbrock,ML-BJS reuse,13,0.00012599891117181716,1995
2,rosenbrock,ML-BJS probe/4,13,0.030415333917631664,1993
2,rosenbrock,ML-BJS train1,13,2.0475616623069226,1999
2,rosenbrock,ML-BJS train2,13,0.07857866503157909,1999
2,rosenbrock,ML-BJS train3,13,0.015318866194289203,1999
2,rosenbrock,ML-BJS train4,13,0.7159623210513616,1999
2,rosenbrock,ML-BJS disjoint,13,0.002604845878054853,1999
2,rosenbrock,L3 matched+refine,13,0.0002518439457360503,2000
2,rosenbrock,L3 full+refine,13,0.0001556741945307212,2000
2,rosenbrock,B+ p=0.2,13,3.4677348355646304e-05,10000
2,rosenbrock,B+ ML-BJS,13,0.006900549250016752,10000
2,rosenbrock,B+ ML-BJS free-probe,13,5.447899821306422e-05,10000
2,rosenbrock,B+ history-BJS,13,3.213476660181544e-05,10000
2,rosenbrock,B+ 1/5-rule,13,2.86418651429674e-07,10000
2,rosenbrock,p=0.3,14,0.00012127675089032469,2000
2,rosenbrock,p=0.4,14,0.00032324447108118506,2000
2,rosenbrock,"p=0.0,sigma=0.003",14,7011.702736010879,2000
2,rosenbrock,"p=0.0,sigma=0.01",14,0.0001530184930503471,2000
2,rosenbrock,"p=0.0,sigma=0.03",14,7.285463090046043e-06,2000
2,rosenbrock,"p=0.0,sigma=0.3",14,0.002047318430644415,2000
2,rosenbrock,"p=0.0,sigma=1.0",14,0.000790612725174619,2000
2,rosenbrock,1/5sigma+p=0.2,14,0.0014949930407833051,2000
2,rosenbrock,decay-p,14,0.00028756746726883134,2000
2,rosenbrock,history-BJS low,14,0.0009514145121010645,2000
2,rosenbrock,ML-BJS reuse,14,4.784511789557071e-05,1992
2,rosenbrock,ML-BJS probe/4,14,0.03657029803527652,1993
2,rosenbrock,ML-BJS train1,14,0.01743831029956765,1999
2,rosenbrock,ML-BJS train2,14,0.05478415785617051,1999
2,rosenbrock,ML-BJS train3,14,0.8021755803018467,1999
2,rosenbrock,ML-BJS train4,14,0.05075288168011989,1999
2,rosenbrock,ML-BJS disjoint,14,0.03720549176740153,1999
2,rosenbrock,L3 matched+refine,14,0.00036256430149800756,2000
2,rosenbrock,L3 full+refine,14,0.0007956615907716458,2000
2,rosenbrock,B+ p=0.2,14,1.5050386241062674e-06,10000
2,rosenbrock,B+ ML-BJS,14,0.011937147024704905,10000
2,rosenbrock,B+ ML-BJS free-probe,14,9.928200965906103e-05,10000
2,rosenbrock,B+ history-BJS,14,4.965387737169879e-05,10000
2,rosenbrock,B+ 1/5-rule,14,4.811851815290598e-08,10000
2,rosenbrock,p=0.3,15,0.001041039929230265,2000
2,rosenbrock,p=0.4,15,0.0008854184962796031,2000
2,rosenbrock,"p=0.0,sigma=0.003",15,863.4575067160937,2000
2,rosenbrock,"p=0.0,sigma=0.01",15,0.00046177735055537143,2000
2,rosenbrock,"p=0.0,sigma=0.03",15,4.892279502003727e-05,2000
2,rosenbrock,"p=0.0,sigma=0.3",15,9.132550093133763e-05,2000
2,rosenbrock,"p=0.0,sigma=1.0",15,0.010358230637586237,2000
2,rosenbrock,1/5sigma+p=0.2,15,0.0039379555190147165,2000
2,rosenbrock,decay-p,15,0.00010552057698873853,2000
2,rosenbrock,history-BJS low,15,0.0002457579950392493,2000
2,rosenbrock,ML-BJS reuse,15,0.00029184855195866534,1995
2,rosenbrock,ML-BJS probe/4,15,0.029096526056573507,1993
2,rosenbrock,ML-BJS train1,15,1.471463496234279,1999
2,rosenbrock,ML-BJS train2,15,0.6116297712806044,1999
2,rosenbrock,ML-BJS train3,15,0.05786347474974856,1999
2,rosenbrock,ML-BJS train4,15,0.2647778572347597,1999
2,rosenbrock,ML-BJS disjoint,15,1.1277424529157647,1999
2,rosenbrock,L3 matched+refine,15,6.457186643298413e-05,2000
2,rosenbrock,L3 full+refine,15,9.200809297417047e-05,2000
2,rosenbrock,B+ p=0.2,15,3.460044810720787e-05,10000
2,rosenbrock,B+ ML-BJS,15,0.00493200348177272,10000
2,rosenbrock,B+ ML-BJS free-probe,15,1.4013044239351089e-05,10000
2,rosenbrock,B+ history-BJS,15,2.063389644369934e-05,10000
2,rosenbrock,B+ 1/5-rule,15,1.4245170289921242e-07,10000
2,rosenbrock,p=0.3,16,0.00017448314653623157,2000
2,rosenbrock,p=0.4,16,1.4559710392211997e-05,2000
2,rosenbrock,"p=0.0,sigma=0.003",16,9.358913270719084,2000
2,rosenbrock,"p=0.0,sigma=0.01",16,5.500864389763125,2000
2,rosenbrock,"p=0.0,sigma=0.03",16,4.3084342900774354e-05,2000
2,rosenbrock,"p=0.0,sigma=0.3",16,0.007686951744437916,2000
2,rosenbrock,"p=0.0,sigma=1.0",16,0.008438101094202701,2000
2,rosenbrock,1/5sigma+p=0.2,16,0.004708412154340959,2000
2,rosenbrock,decay-p,16,0.00010461102873939925,2000
2,rosenbrock,history-BJS low,16,0.0002246201110787252,2000
2,rosenbrock,ML-BJS reuse,16,0.00063157294123712,1994
2,rosenbrock,ML-BJS probe/4,16,0.013232915938607143,1993
2,rosenbrock,ML-BJS train1,16,0.6298657859692841,1999
2,rosenbrock,ML-BJS train2,16,0.6708342995488837,1999
2,rosenbrock,ML-BJS train3,16,0.8277015054783062,1999
2,rosenbrock,ML-BJS train4,16,0.32300277806114003,1999
2,rosenbrock,ML-BJS disjoint,16,3.860845317727223,1999
2,rosenbrock,L3 matched+refine,16,0.00017722718319761467,2000
2,rosenbrock,L3 full+refine,16,0.0005063741956323531,2000
2,rosenbrock,B+ p=0.2,16,3.457280938030855e-05,10000
2,rosenbrock,B+ ML-BJS,16,0.00784275282372197,10000
2,rosenbrock,B+ ML-BJS free-probe,16,1.772655450923875e-05,10000
2,rosenbrock,B+ history-BJS,16,0.0001597669458186957,10000
2,rosenbrock,B+ 1/5-rule,16,6.291119568358833e-09,10000
2,rosenbrock,p=0.3,17,3.423814912715646e-05,2000
2,rosenbrock,p=0.4,17,5.292685877713284e-05,2000
2,rosenbrock,"p=0.0,sigma=0.003",17,900.8114428697052,2000
2,rosenbrock,"p=0.0,sigma=0.01",17,0.01442313316705668,2000
2,rosenbrock,"p=0.0,sigma=0.03",17,8.246936135693503e-06,2000
2,rosenbrock,"p=0.0,sigma=0.3",17,0.0023948929696178552,2000
2,rosenbrock,"p=0.0,sigma=1.0",17,0.006309170958976226,2000
2,rosenbrock,1/5sigma+p=0.2,17,0.19151959962876036,2000
2,rosenbrock,decay-p,17,0.00040030444891676366,2000
2,rosenbrock,history-BJS low,17,0.0002634572393302015,2000
2,rosenbrock,ML-BJS reuse,17,1.4903544636083618e-05,1995
2,rosenbrock,ML-BJS probe/4,17,0.003182572992219689,1993
2,rosenbrock,ML-BJS train1,17,0.2071739198025262,1999
2,rosenbrock,ML-BJS train2,17,0.3639334015833891,1999
2,rosenbrock,ML-BJS train3,17,0.1421866144143335,1999
2,rosenbrock,ML-BJS train4,17,0.8365776823500296,1999
2,rosenbrock,ML-BJS disjoint,17,0.12328129930624307,1999
2,rosenbrock,L3 matched+refine,17,0.00039183668136527877,2000
2,rosenbrock,L3 full+refine,17,0.0012756142129461466,2000
2,rosenbrock,B+ p=0.2,17,1.2141735455776711e-05,10000
2,rosenbrock,B+ ML-BJS,17,0.001961118649553049,10000
2,rosenbrock,B+ ML-BJS free-probe,17,0.00016688059206310988,10000
2,rosenbrock,B+ history-BJS,17,9.897336450479914e-05,10000
2,rosenbrock,B+ 1/5-rule,17,8.369732360502958e-08,10000
2,rosenbrock,p=0.3,18,4.461410556270638e-05,2000
2,rosenbrock,p=0.4,18,0.0007618436598866056,2000
2,rosenbrock,"p=0.0,sigma=0.003",18,1.4792082830453728,2000
2,rosenbrock,"p=0.0,sigma=0.01",18,0.2266286778598139,2000
2,rosenbrock,"p=0.0,sigma=0.03",18,0.00018163485251644542,2000
2,rosenbrock,"p=0.0,sigma=0.3",18,0.0011534642556214718,2000
2,rosenbrock,"p=0.0,sigma=1.0",18,0.052820528727799625,2000
2,rosenbrock,1/5sigma+p=0.2,18,0.024921598760260705,2000
2,rosenbrock,decay-p,18,0.0005333270678558774,2000
2,rosenbrock,history-BJS low,18,0.00012012965949073453,2000
2,rosenbrock,ML-BJS reuse,18,0.0006062875217696672,1993
2,rosenbrock,ML-BJS probe/4,18,0.010711564041478359,1993
2,rosenbrock,ML-BJS train1,18,0.3298487381335898,1999
2,rosenbrock,ML-BJS train2,18,0.03148333880417747,1999
2,rosenbrock,ML-BJS train3,18,7.194612471813896,1999
2,rosenbrock,ML-BJS train4,18,0.9810052836898046,1999
2,rosenbrock,ML-BJS disjoint,18,0.038392482239209186,1999
2,rosenbrock,L3 matched+refine,18,2.306456931572848e-05,2000
2,rosenbrock,L3 full+refine,18,0.0006742646152193008,2000
2,rosenbrock,B+ p=0.2,18,2.8230077009882486e-05,10000
2,rosenbrock,B+ ML-BJS,18,0.00516549252928097,10000
2,rosenbrock,B+ ML-BJS free-probe,18,7.689134156894952e-05,10000
2,rosenbrock,B+ history-BJS,18,8.866775719836032e-05,10000
2,rosenbrock,B+ 1/5-rule,18,5.164817611282319e-06,10000
2,rosenbrock,p=0.3,19,0.0001125355224736435,2000
2,rosenbrock,p=0.4,19,0.0001114542238440587,2000
2,rosenbrock,"p=0.0,sigma=0.003",19,25372.55118765527,2000
2,rosenbrock,"p=0.0,sigma=0.01",19,0.022889433595994123,2000
2,rosenbrock,"p=0.0,sigma=0.03",19,0.00016002094705320282,2000
2,rosenbrock,"p=0.0,sigma=0.3",19,0.0006273375978065846,2000
2,rosenbrock,"p=0.0,sigma=1.0",19,0.01765225425562368,2000
2,rosenbrock,1/5sigma+p=0.2,19,0.07379315802176642,2000
2,rosenbrock,decay-p,19,0.00014280430522116075,2000
2,rosenbrock,history-BJS low,19,0.0001809891459027334,2000
2,rosenbrock,ML-BJS reuse,19,0.0025944252572266072,1992
2,rosenbrock,ML-BJS probe/4,19,0.13982154973876296,1993
2,rosenbrock,ML-BJS train1,19,0.30952905333623276,1999
2,rosenbrock,ML-BJS train2,19,0.014516538541077179,1999
2,rosenbrock,ML-BJS train3,19,0.1483152694197162,1999
2,rosenbrock,ML-BJS train4,19,0.0074301973514892495,1999
2,rosenbrock,ML-BJS disjoint,19,0.008012568571186473,1999
2,rosenbrock,L3 matched+refine,19,0.00011955622764426323,2000
2,rosenbrock,L3 full+refine,19,0.004884137259119107,2000
2,rosenbrock,B+ p=0.2,19,1.4282312893348516e-05,10000
2,rosenbrock,B+ ML-BJS,19,0.0005570761832061343,10000
2,rosenbrock,B+ ML-BJS free-probe,19,8.669805298175534e-05,10000
2,rosenbrock,B+ history-BJS,19,7.708358260716379e-05,10000
2,rosenbrock,B+ 1/5-rule,19,5.99075914187322e-07,10000
2,rosenbrock,p=0.3,20,0.00030504251799321386,2000
2,rosenbrock,p=0.4,20,0.0002854599357336426,2000
2,rosenbrock,"p=0.0,sigma=0.003",20,0.4874216020409836,2000
2,rosenbrock,"p=0.0,sigma=0.01",20,0.0004103499142184266,2000
2,rosenbrock,"p=0.0,sigma=0.03",20,4.158434741680189e-06,2000
2,rosenbrock,"p=0.0,sigma=0.3",20,0.0012318672804543535,2000
2,rosenbrock,"p=0.0,sigma=1.0",20,0.0074828049781233245,2000
2,rosenbrock,1/5sigma+p=0.2,20,0.0031360192187400025,2000
2,rosenbrock,decay-p,20,0.00012260334584361952,2000
2,rosenbrock,history-BJS low,20,9.612620796440028e-05,2000
2,rosenbrock,ML-BJS reuse,20,0.00047182685811478496,1998
2,rosenbrock,ML-BJS probe/4,20,0.002875536018936194,1993
2,rosenbrock,ML-BJS train1,20,0.10659174532473567,1999
2,rosenbrock,ML-BJS train2,20,0.465800959484179,1999
2,rosenbrock,ML-BJS train3,20,0.0021543946129761894,1999
2,rosenbrock,ML-BJS train4,20,0.28404719400451883,1999
2,rosenbrock,ML-BJS disjoint,20,0.11461128285867446,1999
2,rosenbrock,L3 matched+refine,20,0.00014131393189285174,2000
2,rosenbrock,L3 full+refine,20,0.03747863395962483,2000
2,rosenbrock,B+ p=0.2,20,0.00011662942037309613,10000
2,rosenbrock,B+ ML-BJS,20,0.0024044760412049865,10000
2,rosenbrock,B+ ML-BJS free-probe,20,2.2742736014135006e-06,10000
2,rosenbrock,B+ history-BJS,20,0.000214150989955091,10000
2,rosenbrock,B+ 1/5-rule,20,0.01871737087540055,10000
2,rosenbrock,p=0.3,21,0.0002093582690826745,2000
2,rosenbrock,p=0.4,21,9.214790902400095e-05,2000
2,rosenbrock,"p=0.0,sigma=0.003",21,0.28709358564537196,2000
2,rosenbrock,"p=0.0,sigma=0.01",21,4.9194896001074256e-05,2000
2,rosenbrock,"p=0.0,sigma=0.03",21,2.057499753697821e-05,2000
2,rosenbrock,"p=0.0,sigma=0.3",21,0.0006094519293510547,2000
2,rosenbrock,"p=0.0,sigma=1.0",21,0.006172888881477168,2000
2,rosenbrock,1/5sigma+p=0.2,21,0.009466727589971958,2000
2,rosenbrock,decay-p,21,0.0011480978585936084,2000
2,rosenbrock,history-BJS low,21,0.00013097221328872916,2000
2,rosenbrock,ML-BJS reuse,21,0.0002215229796904407,2000
2,rosenbrock,ML-BJS probe/4,21,0.364691948695662,1993
2,rosenbrock,ML-BJS train1,21,0.40465737991800604,1999
2,rosenbrock,ML-BJS train2,21,1.3554774461789532,1999
2,rosenbrock,ML-BJS train3,21,0.06704625823620543,1999
2,rosenbrock,ML-BJS train4,21,0.1459668523054674,1999
2,rosenbrock,ML-BJS disjoint,21,0.2624579221441051,1999
2,rosenbrock,L3 matched+refine,21,0.00042578845706219763,2000
2,rosenbrock,L3 full+refine,21,0.0005247316404958767,2000
2,rosenbrock,B+ p=0.2,21,1.371497560336695e-05,10000
2,rosenbrock,B+ ML-BJS,21,0.0005396502502395043,10000
2,rosenbrock,B+ ML-BJS free-probe,21,3.808735860092238e-05,10000
2,rosenbrock,B+ history-BJS,21,9.740144384671367e-07,10000
2,rosenbrock,B+ 1/5-rule,21,9.837748364892359e-08,10000
2,rosenbrock,p=0.3,22,0.0007362388418464972,2000
2,rosenbrock,p=0.4,22,0.002961667425590524,2000
2,rosenbrock,"p=0.0,sigma=0.003",22,349.98396010159837,2000
2,rosenbrock,"p=0.0,sigma=0.01",22,1.8629371221789164,2000
2,rosenbrock,"p=0.0,sigma=0.03",22,3.9481324643678053,2000
2,rosenbrock,"p=0.0,sigma=0.3",22,0.0013452340371730488,2000
2,rosenbrock,"p=0.0,sigma=1.0",22,0.00313982546991395,2000
2,rosenbrock,1/5sigma+p=0.2,22,0.006252174302767211,2000
2,rosenbrock,decay-p,22,0.0009385782844003366,2000
2,rosenbrock,history-BJS low,22,0.00013813328747213312,2000
2,rosenbrock,ML-BJS reuse,22,0.00012074064321141696,1997
2,rosenbrock,ML-BJS probe/4,22,0.013672772983123666,1993
2,rosenbrock,ML-BJS train1,22,0.12512107378913176,1999
2,rosenbrock,ML-BJS train2,22,0.48277958750485206,1999
2,rosenbrock,ML-BJS train3,22,0.3179754213676218,1999
2,rosenbrock,ML-BJS train4,22,0.13431798216778562,1999
2,rosenbrock,ML-BJS disjoint,22,0.07473767171296704,1999
2,rosenbrock,L3 matched+refine,22,3.7152126134662874e-05,2000
2,rosenbrock,L3 full+refine,22,0.1736911286293532,2000
2,rosenbrock,B+ p=0.2,22,9.767149484703787e-06,10000
2,rosenbrock,B+ ML-BJS,22,0.005907073198999282,10000
2,rosenbrock,B+ ML-BJS free-probe,22,7.353134314499439e-05,10000
2,rosenbrock,B+ history-BJS,22,5.3804688430642423e-05,10000
2,rosenbrock,B+ 1/5-rule,22,3.134435773154101e-06,10000
2,rosenbrock,p=0.3,23,3.7802567854227112e-06,2000
2,rosenbrock,p=0.4,23,2.2243465525111973e-05,2000
2,rosenbrock,"p=0.0,sigma=0.003",23,25834.677747181733,2000
2,rosenbrock,"p=0.0,sigma=0.01",23,6.529878754104722e-08,2000
2,rosenbrock,"p=0.0,sigma=0.03",23,3.510917874564194e-06,2000
2,rosenbrock,"p=0.0,sigma=0.3",23,0.0006810118415213622,2000
2,rosenbrock,"p=0.0,sigma=1.0",23,0.004468707197848813,2000
2,rosenbrock,1/5sigma+p=0.2,23,0.004366802385997583,2000
2,rosenbrock,decay-p,23,0.5373688978767865,2000
2,rosenbrock,history-BJS low,23,0.00030532409758309747,2000
2,rosenbrock,ML-BJS reuse,23,0.00010447838144010879,2000
2,rosenbrock,ML-BJS probe/4,23,9.658429348676112e-05,1993
2,rosenbrock,ML-BJS train1,23,0.10973319046560275,1999
2,rosenbrock,ML-BJS train2,23,0.2232670282887974,1999
2,rosenbrock,ML-BJS train3,23,2.2433796314851224,1999
2,rosenbrock,ML-BJS train4,23,0.7921917533481353,1999
2,rosenbrock,ML-BJS disjoint,23,0.007662327448297617,1999
2,rosenbrock,L3 matched+refine,23,2.874279431259057e-05,2000
2,rosenbrock,L3 full+refine,23,0.0012773497055329007,2000
2,rosenbrock,B+ p=0.2,23,6.978694992986381e-05,10000
2,rosenbrock,B+ ML-BJS,23,0.00032425936502381063,10000
2,rosenbrock,B+ ML-BJS free-probe,23,5.5140649715515645e-05,10000
2,rosenbrock,B+ history-BJS,23,8.094045964143575e-05,10000
2,rosenbrock,B+ 1/5-rule,23,2.044959322410758e-07,10000
2,rosenbrock,p=0.3,24,0.0008684028017006426,2000
2,rosenbrock,p=0.4,24,0.0009035743223843492,2000
2,rosenbrock,"p=0.0,sigma=0.003",24,0.5092601701773515,2000
2,rosenbrock,"p=0.0,sigma=0.01",24,0.04497644355305315,2000
2,rosenbrock,"p=0.0,sigma=0.03",24,5.185114759215928e-06,2000
2,rosenbrock,"p=0.0,sigma=0.3",24,0.0014404582513905823,2000
2,rosenbrock,"p=0.0,sigma=1.0",24,0.009438179174231957,2000
2,rosenbrock,1/5sigma+p=0.2,24,0.02016859138319448,2000
2,rosenbrock,decay-p,24,4.837664753213265e-05,2000
2,rosenbrock,history-BJS low,24,5.765527741286162e-06,2000
2,rosenbrock,ML-BJS reuse,24,7.955588284535553e-05,1999
2,rosenbrock,ML-BJS probe/4,24,0.00982250571561916,1993
2,rosenbrock,ML-BJS train1,24,0.16673269881197286,1999
2,rosenbrock,ML-BJS train2,24,0.19087545476218185,1999
2,rosenbrock,ML-BJS train3,24,0.14788791899723014,1999
2,rosenbrock,ML-BJS train4,24,0.3676543284516224,1999
2,rosenbrock,ML-BJS disjoint,24,0.37194941264908604,1999
2,rosenbrock,L3 matched+refine,24,0.00016343585717398535,2000
2,rosenbrock,L3 full+refine,24,0.0001925643220746329,2000
2,rosenbrock,B+ p=0.2,24,1.9138130030569376e-05,10000
2,rosenbrock,B+ ML-BJS,24,7.922317016777393e-05,10000
2,rosenbrock,B+ ML-BJS free-probe,24,0.0004539753990699722,10000
2,rosenbrock,B+ history-BJS,24,0.00011406004751133222,10000
2,rosenbrock,B+ 1/5-rule,24,0.17721885205275914,10000
2,rosenbrock,p=0.3,25,1.9314321421401436e-05,2000
2,rosenbrock,p=0.4,25,3.934646526449123e-05,2000
2,rosenbrock,"p=0.0,sigma=0.003",25,2.5925165231630736,2000
2,rosenbrock,"p=0.0,sigma=0.01",25,12.675061973184055,2000
2,rosenbrock,"p=0.0,sigma=0.03",25,6.053196732792849e-06,2000
2,rosenbrock,"p=0.0,sigma=0.3",25,0.0038816302735931803,2000
2,rosenbrock,"p=0.0,sigma=1.0",25,0.0012102695267090632,2000
2,rosenbrock,1/5sigma+p=0.2,25,0.03117094286358334,2000
2,rosenbrock,decay-p,25,0.00015779209390773754,2000
2,rosenbrock,history-BJS low,25,0.0006215249779895973,2000
2,rosenbrock,ML-BJS reuse,25,1.9796220482897636e-06,1998
2,rosenbrock,ML-BJS probe/4,25,9.353307466748073e-06,1993
2,rosenbrock,ML-BJS train1,25,0.0385554354918807,1999
2,rosenbrock,ML-BJS train2,25,0.5579315239934595,1999
2,rosenbrock,ML-BJS train3,25,0.0806501739714432,1999
2,rosenbrock,ML-BJS train4,25,0.011189337449596186,1999
2,rosenbrock,ML-BJS disjoint,25,0.014962106147796554,1999
2,rosenbrock,L3 matched+refine,25,0.00029012026782571695,2000
2,rosenbrock,L3 full+refine,25,0.023023702892705264,2000
2,rosenbrock,B+ p=0.2,25,3.588768743397096e-05,10000
2,rosenbrock,B+ ML-BJS,25,0.028304808226462665,10000
2,rosenbrock,B+ ML-BJS free-probe,25,1.584037156994482e-05,10000
2,rosenbrock,B+ history-BJS,25,1.6858850118821408e-05,10000
2,rosenbrock,B+ 1/5-rule,25,4.200708316760034e-07,10000
2,rosenbrock,p=0.3,26,0.0001771215724838513,2000
2,rosenbrock,p=0.4,26,0.05074714526240548,2000
2,rosenbrock,"p=0.0,sigma=0.003",26,6.418559990958789,2000
2,rosenbrock,"p=0.0,sigma=0.01",26,0.06195033782464759,2000
2,rosenbrock,"p=0.0,sigma=0.03",26,1.8390985667830814e-05,2000
2,rosenbrock,"p=0.0,sigma=0.3",26,0.0014479518538632232,2000
2,rosenbrock,"p=0.0,sigma=1.0",26,0.015653422453588275,2000
2,rosenbrock,1/5sigma+p=0.2,26,0.05773017547828105,2000
2,rosenbrock,decay-p,26,0.00047273139528659805,2000
2,rosenbrock,history-BJS low,26,5.88169713022248e-05,2000
2,rosenbrock,ML-BJS reuse,26,5.541378640888912e-05,1998
2,rosenbrock,ML-BJS probe/4,26,0.0009188777836291995,1993
2,rosenbrock,ML-BJS train1,26,0.04517314682199759,1999
2,rosenbrock,ML-BJS train2,26,0.027676184251336573,1999
2,rosenbrock,ML-BJS train3,26,0.03620405152145088,1999
2,rosenbrock,ML-BJS train4,26,0.13101869013404932,1999
2,rosenbrock,ML-BJS disjoint,26,0.4275691005833423,1999
2,rosenbrock,L3 matched+refine,26,0.0001370917003250767,2000
2,rosenbrock,L3 full+refine,26,0.00012766503583235087,2000
2,rosenbrock,B+ p=0.2,26,4.519635214225808e-05,10000
2,rosenbrock,B+ ML-BJS,26,0.0015316435048204592,10000
2,rosenbrock,B+ ML-BJS free-probe,26,5.036083971900588e-05,10000
2,rosenbrock,B+ history-BJS,26,3.681761101161455e-05,10000
2,rosenbrock,B+ 1/5-rule,26,1.919497565632858e-07,10000
2,rosenbrock,p=0.3,27,2.7559314621362462e-05,2000
2,rosenbrock,p=0.4,27,0.000356320095835397,2000
2,rosenbrock,"p=0.0,sigma=0.003",27,697.0345819382425,2000
2,rosenbrock,"p=0.0,sigma=0.01",27,0.1035556998065537,2000
2,rosenbrock,"p=0.0,sigma=0.03",27,0.07128625197182462,2000
2,rosenbrock,"p=0.0,sigma=0.3",27,0.0006473235780614139,2000
2,rosenbrock,"p=0.0,sigma=1.0",27,0.004830170340293838,2000
2,rosenbrock,1/5sigma+p=0.2,27,0.005833379783919463,2000
2,rosenbrock,decay-p,27,5.570705919526857e-06,2000
2,rosenbrock,history-BJS low,27,0.00018153194160189156,2000
2,rosenbrock,ML-BJS reuse,27,9.943671931254086e-05,1998
2,rosenbrock,ML-BJS probe/4,27,0.2603834609460051,1993
2,rosenbrock,ML-BJS train1,27,0.028617791692059136,1999
2,rosenbrock,ML-BJS train2,27,0.08299502392300959,1999
2,rosenbrock,ML-BJS train3,27,7.260273283620938,1999
2,rosenbrock,ML-BJS train4,27,0.10996950251719204,1999
2,rosenbrock,ML-BJS disjoint,27,0.11016726487974182,1999
2,rosenbrock,L3 matched+refine,27,0.00079154079360852,2000
2,rosenbrock,L3 full+refine,27,0.006070199075750557,2000
2,rosenbrock,B+ p=0.2,27,0.00011738350813760957,10000
2,rosenbrock,B+ ML-BJS,27,0.2104666243199052,10000
2,rosenbrock,B+ ML-BJS free-probe,27,5.340486381977815e-05,10000
2,rosenbrock,B+ history-BJS,27,4.952549098221422e-05,10000
2,rosenbrock,B+ 1/5-rule,27,4.3860733303426454e-08,10000
2,rosenbrock,p=0.3,28,0.00020848168823934138,2000
2,rosenbrock,p=0.4,28,9.399877927751191e-05,2000
2,rosenbrock,"p=0.0,sigma=0.003",28,4313.034869838191,2000
2,rosenbrock,"p=0.0,sigma=0.01",28,9.376335075095374,2000
2,rosenbrock,"p=0.0,sigma=0.03",28,0.00023550877867261412,2000
2,rosenbrock,"p=0.0,sigma=0.3",28,7.335569089814352e-05,2000
2,rosenbrock,"p=0.0,sigma=1.0",28,0.02757717038063124,2000
2,rosenbrock,1/5sigma+p=0.2,28,0.000320866739153617,2000
2,rosenbrock,decay-p,28,0.0003128962539127283,2000
2,rosenbrock,history-BJS low,28,4.0069788306343785e-05,2000
2,rosenbrock,ML-BJS reuse,28,0.0002018962525766061,1993
2,rosenbrock,ML-BJS probe/4,28,0.005791287131549824,1993
2,rosenbrock,ML-BJS train1,28,2.9750924810484527,1999
2,rosenbrock,ML-BJS train2,28,0.3763052546360834,1999
2,rosenbrock,ML-BJS train3,28,0.4940289276380276,1999
2,rosenbrock,ML-BJS train4,28,0.8217517566582402,1999
2,rosenbrock,ML-BJS disjoint,28,0.6551099128193921,1999
2,rosenbrock,L3 matched+refine,28,5.137294377753223e-05,2000
2,rosenbrock,L3 full+refine,28,0.0017145757857003098,2000
2,rosenbrock,B+ p=0.2,28,5.164890779538723e-05,10000
2,rosenbrock,B+ ML-BJS,28,0.001083799112184483,10000
2,rosenbrock,B+ ML-BJS free-probe,28,3.2477804757858446e-06,10000
2,rosenbrock,B+ history-BJS,28,3.711260574833814e-06,10000
2,rosenbrock,B+ 1/5-rule,28,1.8520414722511928e-07,10000
2,rosenbrock,p=0.3,29,0.00011707442331940866,2000
2,rosenbrock,p=0.4,29,9.932390888443093e-05,2000
2,rosenbrock,"p=0.0,sigma=0.003",29,48.82987330837835,2000
2,rosenbrock,"p=0.0,sigma=0.01",29,1.7613825999664505,2000
2,rosenbrock,"p=0.0,sigma=0.03",29,8.891434021369888e-05,2000
2,rosenbrock,"p=0.0,sigma=0.3",29,0.0005334166684747161,2000
2,rosenbrock,"p=0.0,sigma=1.0",29,0.009361575378664905,2000
2,rosenbrock,1/5sigma+p=0.2,29,0.0002782221858274291,2000
2,rosenbrock,decay-p,29,0.00026739296914373594,2000
2,rosenbrock,history-BJS low,29,0.00019927559490310218,2000
2,rosenbrock,ML-BJS reuse,29,7.669335247681573e-05,1996
2,rosenbrock,ML-BJS probe/4,29,0.14387011802101105,1993
2,rosenbrock,ML-BJS train1,29,11.191997422272689,1999
2,rosenbrock,ML-BJS train2,29,0.18568846177160192,1999
2,rosenbrock,ML-BJS train3,29,1.0226303747040413,1999
2,rosenbrock,ML-BJS train4,29,0.1792783589252817,1999
2,rosenbrock,ML-BJS disjoint,29,0.2286107490992499,1999
2,rosenbrock,L3 matched+refine,29,0.00028705450632612775,2000
2,rosenbrock,L3 full+refine,29,0.019029954560023002,2000
2,rosenbrock,B+ p=0.2,29,1.64544728343733e-05,10000
2,rosenbrock,B+ ML-BJS,29,0.1962890278330822,10000
2,rosenbrock,B+ ML-BJS free-probe,29,4.72053582641668e-05,10000
2,rosenbrock,B+ history-BJS,29,2.404017245279831e-06,10000
2,rosenbrock,B+ 1/5-rule,29,3.200988195459969e-08,10000
