D,function,method,seed,best,FEs
2,sphere,p=0.0,0,1.1693551243327172e-05,2000
2,sphere,p=0.01,0,5.570396291696142e-06,2000
2,sphere,p=0.05,0,1.781119093667734e-05,2000
2,sphere,p=0.1,0,2.7769849579753006e-06,2000
2,sphere,p=0.2,0,2.057304024282838e-05,2000
2,sphere,p=0.5,0,3.844420904846391e-06,2000
2,sphere,p=1.0,0,0.013594021374711288,2000
2,sphere,"p=0.2,sigma=0.03",0,2.1452301916975305e-06,2000
2,sphere,"p=0.2,sigma=0.3",0,0.00011592043100717379,2000
2,sphere,ML-BJS,0,0.00043075856766252967,1999
2,sphere,ML-BJS free-probe,0,4.66889975685819e-05,2000
2,sphere,history-BJS,0,1.7981432110717484e-05,2000
2,sphere,1/5-rule,0,0.0,2000
2,sphere,L3 grid,0,0.02811655065123709,1681
2,sphere,p=0.0,1,2.8345376206609964e-06,2000
2,sphere,p=0.01,1,6.570513516506558e-06,2000
2,sphere,p=0.05,1,2.610686682963441e-06,2000
2,sphere,p=0.1,1,7.5389475835515975e-06,2000
2,sphere,p=0.2,1,3.432385651954547e-05,2000
2,sphere,p=0.5,1,1.191479385984248e-05,2000
2,sphere,p=1.0,1,0.013870064350053002,2000
2,sphere,"p=0.2,sigma=0.03",1,6.362245930710504e-07,2000
2,sphere,"p=0.2,sigma=0.3",1,0.00016255195539864963,2000
2,sphere,ML-BJS,1,0.00012726367167385045,1999
2,sphere,ML-BJS free-probe,1,6.241527696073514e-06,2000
2,sphere,history-BJS,1,5.535413775677996e-06,2000
2,sphere,1/5-rule,1,0.0,2000
2,sphere,L3 grid,1,0.002885277367314767,1681
2,sphere,p=0.0,2,6.744522741270697e-07,2000
2,sphere,p=0.01,2,1.5281589494042495e-06,2000
2,sphere,p=0.05,2,4.108751412145808e-06,2000
2,sphere,p=0.1,2,1.2387780371840886e-05,2000
2,sphere,p=0.2,2,6.460643170879833e-05,2000
2,sphere,p=0.5,2,2.015420037897574e-05,2000
2,sphere,p=1.0,2,0.020718831729627456,2000
2,sphere,"p=0.2,sigma=0.03",2,2.0826321801806412e-06,2000
2,sphere,"p=0.2,sigma=0.3",2,7.429052305311951e-06,2000
2,sphere,ML-BJS,2,0.0007363031651419583,1999
2,sphere,ML-BJS free-probe,2,4.966809776047419e-06,2000
2,sphere,history-BJS,2,5.1172526167848255e-05,2000
2,sphere,1/5-rule,2,0.0,2000
2,sphere,L3 grid,2,0.023299589886452914,1681
2,sphere,p=0.0,3,4.258909785422321e-06,2000
2,sphere,p=0.01,3,8.705316447657629e-05,2000
2,sphere,p=0.05,3,5.21647480523757e-06,2000
2,sphere,p=0.1,3,8.810768664017743e-06,2000
2,sphere,p=0.2,3,1.191069991430394e-06,2000
2,sphere,p=0.5,3,1.5952210351395525e-05,2000
2,sphere,p=1.0,3,0.021635343345458163,2000
2,sphere,"p=0.2,sigma=0.03",3,1.4246295029531748e-07,2000
2,sphere,"p=0.2,sigma=0.3",3,5.5085663832099666e-06,2000
2,sphere,ML-BJS,3,0.0002251943831350287,1999
2,sphere,ML-BJS free-probe,3,1.9252312415021965e-05,2000
2,sphere,history-BJS,3,3.270034305289411e-05,2000
2,sphere,1/5-rule,3,0.0,2000
2,sphere,L3 grid,3,0.013779605710839278,1681
2,sphere,p=0.0,4,4.347495534967546e-06,2000
2,sphere,p=0.01,4,4.0311028964240885e-07,2000
2,sphere,p=0.05,4,1.0210207667675335e-05,2000
2,sphere,p=0.1,4,8.193517676717141e-06,2000
2,sphere,p=0.2,4,1.6730559602288157e-05,2000
2,sphere,p=0.5,4,4.572842138064908e-06,2000
2,sphere,p=1.0,4,0.006975700541753144,2000
2,sphere,"p=0.2,sigma=0.03",4,1.7232804002630987e-07,2000
2,sphere,"p=0.2,sigma=0.3",4,1.616375825445475e-06,2000
2,sphere,ML-BJS,4,0.0006978737279805447,1999
2,sphere,ML-BJS free-probe,4,1.9041176294528478e-06,2000
2,sphere,history-BJS,4,5.1141944346817206e-05,2000
2,sphere,1/5-rule,4,0.0,2000
2,sphere,L3 grid,4,0.018200387178537385,1681
2,sphere,p=0.0,5,1.1567643148141003e-06,2000
2,sphere,p=0.01,5,1.2847618782571513e-06,2000
2,sphere,p=0.05,5,1.4747689817078865e-05,2000
2,sphere,p=0.1,5,7.97556384309007e-06,2000
2,sphere,p=0.2,5,7.787125200874533e-06,2000
2,sphere,p=0.5,5,8.229060827731234e-06,2000
2,sphere,p=1.0,5,0.017172745406141023,2000
2,sphere,"p=0.2,sigma=0.03",5,2.67449126505764e-07,2000
2,sphere,"p=0.2,sigma=0.3",5,4.714947124378009e-05,2000
2,sphere,ML-BJS,5,0.0020404504912042093,1999
2,sphere,ML-BJS free-probe,5,6.748010865499067e-05,2000
2,sphere,history-BJS,5,1.984805750284971e-05,2000
2,sphere,1/5-rule,5,0.0,2000
2,sphere,L3 grid,5,0.0017010754714506318,1681
2,sphere,p=0.0,6,6.005682779294861e-06,2000
2,sphere,p=0.01,6,5.870007910311489e-07,2000
2,sphere,p=0.05,6,1.219518040844109e-05,2000
2,sphere,p=0.1,6,1.1111651349907422e-05,2000
2,sphere,p=0.2,6,2.2745183511919436e-05,2000
2,sphere,p=0.5,6,3.7935511608526973e-06,2000
2,sphere,p=1.0,6,0.012899347105148671,2000
2,sphere,"p=0.2,sigma=0.03",6,7.670629548364423e-08,2000
2,sphere,"p=0.2,sigma=0.3",6,9.714777322406312e-05,2000
2,sphere,ML-BJS,6,0.000611152991606299,1999
2,sphere,ML-BJS free-probe,6,0.00013937717067926314,2000
2,sphere,history-BJS,6,3.581740824488802e-05,2000
2,sphere,1/5-rule,6,0.0,2000
2,sphere,L3 grid,6,0.019170643127221977,1681
2,sphere,p=0.0,7,1.1976806451745584e-06,2000
2,sphere,p=0.01,7,8.47356701768908e-06,2000
2,sphere,p=0.05,7,8.217386000719295e-07,2000
2,sphere,p=0.1,7,2.6166257028425873e-05,2000
2,sphere,p=0.2,7,7.858184126274564e-06,2000
2,sphere,p=0.5,7,9.692074043083935e-06,2000
2,sphere,p=1.0,7,0.019429680079163854,2000
2,sphere,"p=0.2,sigma=0.03",7,7.108726903905578e-09,2000
2,sphere,"p=0.2,sigma=0.3",7,2.0112639334826464e-05,2000
2,sphere,ML-BJS,7,0.00026817636694027587,1999
2,sphere,ML-BJS free-probe,7,8.475787860099466e-06,2000
2,sphere,history-BJS,7,1.3637098915847872e-05,2000
2,sphere,1/5-rule,7,0.0,2000
2,sphere,L3 grid,7,0.01576901807837573,1681
2,sphere,p=0.0,8,1.0225029385547297e-05,2000
2,sphere,p=0.01,8,9.352554154905987e-06,2000
2,sphere,p=0.05,8,8.117626926473919e-06,2000
2,sphere,p=0.1,8,3.850597517167251e-06,2000
2,sphere,p=0.2,8,1.830224453941595e-05,2000
2,sphere,p=0.5,8,2.9534573713114483e-05,2000
2,sphere,p=1.0,8,0.002609194457740707,2000
2,sphere,"p=0.2,sigma=0.03",8,5.282656309142777e-07,2000
2,sphere,"p=0.2,sigma=0.3",8,0.00016492278995056407,2000
2,sphere,ML-BJS,8,4.026124141929856e-05,1999
2,sphere,ML-BJS free-probe,8,1.0938716326917568e-05,2000
2,sphere,history-BJS,8,2.655708816774323e-06,2000
2,sphere,1/5-rule,8,3.0814879110195774e-33,2000
2,sphere,L3 grid,8,0.018673931303827704,1681
2,sphere,p=0.0,9,1.768879957212791e-05,2000
2,sphere,p=0.01,9,6.00125696356464e-06,2000
2,sphere,p=0.05,9,6.686790452131262e-06,2000
2,sphere,p=0.1,9,1.2292496570627173e-05,2000
2,sphere,p=0.2,9,2.6597493210958643e-05,2000
2,sphere,p=0.5,9,2.3022130476959458e-05,2000
2,sphere,p=1.0,9,0.03603130350612733,2000
2,sphere,"p=0.2,sigma=0.03",9,1.4121793183057708e-07,2000
2,sphere,"p=0.2,sigma=0.3",9,2.0284643341576922e-05,2000
2,sphere,ML-BJS,9,0.0007322306913087424,1999
2,sphere,ML-BJS free-probe,9,2.3788789982816698e-05,2000
2,sphere,history-BJS,9,7.425675042938457e-05,2000
2,sphere,1/5-rule,9,0.0,2000
2,sphere,L3 grid,9,0.0019715787850554563,1681
2,sphere,p=0.0,10,1.1930718667033227e-05,2000
2,sphere,p=0.01,10,2.278889079156204e-05,2000
2,sphere,p=0.05,10,4.497684676644147e-06,2000
2,sphere,p=0.1,10,1.1466144438057199e-05,2000
2,sphere,p=0.2,10,2.6980427022228744e-05,2000
2,sphere,p=0.5,10,2.2769689890284523e-06,2000
2,sphere,p=1.0,10,0.0046511750669852026,2000
2,sphere,"p=0.2,sigma=0.03",10,1.8962278668699484e-06,2000
2,sphere,"p=0.2,sigma=0.3",10,2.4902658352703157e-05,2000
2,sphere,ML-BJS,10,0.0008190067171860515,1999
2,sphere,ML-BJS free-probe,10,4.6017909290328877e-07,2000
2,sphere,history-BJS,10,2.3953117537087162e-05,2000
2,sphere,1/5-rule,10,0.0,2000
2,sphere,L3 grid,10,0.012993612318012318,1681
2,sphere,p=0.0,11,1.64497516962243e-05,2000
2,sphere,p=0.01,11,5.66631309683744e-06,2000
2,sphere,p=0.05,11,7.566834604256864e-06,2000
2,sphere,p=0.1,11,2.9605544068930135e-05,2000
2,sphere,p=0.2,11,1.0178360720898816e-05,2000
2,sphere,p=0.5,11,5.2853370957749365e-06,2000
2,sphere,p=1.0,11,0.016571005155454312,2000
2,sphere,"p=0.2,sigma=0.03",11,2.1981187131318625e-06,2000
2,sphere,"p=0.2,sigma=0.3",11,0.00028402746601589575,2000
2,sphere,ML-BJS,11,0.00017020891643740316,1999
2,sphere,ML-BJS free-probe,11,1.4807771390248206e-05,2000
2,sphere,history-BJS,11,1.3486837516464142e-05,2000
2,sphere,1/5-rule,11,0.0,2000
2,sphere,L3 grid,11,0.012178589820128321,1681
2,sphere,p=0.0,12,4.950442027930801e-06,2000
2,sphere,p=0.01,12,8.618434101253942e-07,2000
2,sphere,p=0.05,12,4.537668263951687e-06,2000
2,sphere,p=0.1,12,9.040215922289534e-06,2000
2,sphere,p=0.2,12,2.2504106078176122e-06,2000
2,sphere,p=0.5,12,3.650344736948983e-05,2000
2,sphere,p=1.0,12,5.033315003281518e-05,2000
2,sphere,"p=0.2,sigma=0.03",12,4.6663591090213375e-07,2000
2,sphere,"p=0.2,sigma=0.3",12,0.00018349203808007793,2000
2,sphere,ML-BJS,12,0.0003720476674657876,1999
2,sphere,ML-BJS free-probe,12,6.0980851523621426e-05,2000
2,sphere,history-BJS,12,1.4350300776297958e-05,2000
2,sphere,1/5-rule,12,0.0,2000
2,sphere,L3 grid,12,0.0009276598392931664,1681
2,sphere,p=0.0,13,2.29400075080733e-05,2000
2,sphere,p=0.01,13,1.1215947209957964e-05,2000
2,sphere,p=0.05,13,4.294377622559316e-06,2000
2,sphere,p=0.1,13,4.732232991237587e-06,2000
2,sphere,p=0.2,13,1.8700380074402195e-05,2000
2,sphere,p=0.5,13,1.6542295328473433e-05,2000
2,sphere,p=1.0,13,0.01761183399810728,2000
2,sphere,"p=0.2,sigma=0.03",13,1.3772469650403026e-06,2000
2,sphere,"p=0.2,sigma=0.3",13,9.45960451381627e-05,2000
2,sphere,ML-BJS,13,0.0008884796943829944,1999
2,sphere,ML-BJS free-probe,13,2.6412485594689287e-05,2000
2,sphere,history-BJS,13,3.1431072368599236e-05,2000
2,sphere,1/5-rule,13,0.0,2000
2,sphere,L3 grid,13,0.009814383291864966,1681
2,sphere,p=0.0,14,5.407726546775227e-06,2000
2,sphere,p=0.01,14,2.8810071830842717e-06,2000
2,sphere,p=0.05,14,2.2587344059966616e-06,2000
2,sphere,p=0.1,14,5.134390647807328e-06,2000
2,sphere,p=0.2,14,2.6254711455046606e-05,2000
2,sphere,p=0.5,14,5.8011889790481866e-05,2000
2,sphere,p=1.0,14,0.002979838145103708,2000
2,sphere,"p=0.2,sigma=0.03",14,6.446514470878536e-07,2000
2,sphere,"p=0.2,sigma=0.3",14,3.571215408200447e-05,2000
2,sphere,ML-BJS,14,0.0008768286484922838,1999
2,sphere,ML-BJS free-probe,14,4.801558806933566e-05,2000
2,sphere,history-BJS,14,3.2354568846903857e-06,2000
2,sphere,1/5-rule,14,0.0,2000
2,sphere,L3 grid,14,0.027255762405827923,1681
2,sphere,p=0.0,15,6.656178237483039e-06,2000
2,sphere,p=0.01,15,7.941712624191855e-06,2000
2,sphere,p=0.05,15,1.0814774869811553e-05,2000
2,sphere,p=0.1,15,1.0117214668720616e-05,2000
2,sphere,p=0.2,15,6.387677691337553e-05,2000
2,sphere,p=0.5,15,8.456465545783414e-05,2000
2,sphere,p=1.0,15,0.006094998333299066,2000
2,sphere,"p=0.2,sigma=0.03",15,9.258406621799591e-07,2000
2,sphere,"p=0.2,sigma=0.3",15,5.0626826822721976e-05,2000
2,sphere,ML-BJS,15,0.00022692747408568437,1999
2,sphere,ML-BJS free-probe,15,2.5226879440916767e-07,2000
2,sphere,history-BJS,15,3.445608119232029e-05,2000
2,sphere,1/5-rule,15,0.0,2000
2,sphere,L3 grid,15,0.002020680953290845,1681
2,sphere,p=0.0,16,2.5739970679285647e-05,2000
2,sphere,p=0.01,16,2.1882676914589118e-05,2000
2,sphere,p=0.05,16,1.0237450642268995e-05,2000
2,sphere,p=0.1,16,4.066919988508712e-06,2000
2,sphere,p=0.2,16,4.360962724592295e-06,2000
2,sphere,p=0.5,16,2.8387892834014524e-07,2000
2,sphere,p=1.0,16,0.009023602096906556,2000
2,sphere,"p=0.2,sigma=0.03",16,1.829100186280912e-08,2000
2,sphere,"p=0.2,sigma=0.3",16,0.0001300116938512233,2000
2,sphere,ML-BJS,16,0.0010286640219903712,1999
2,sphere,ML-BJS free-probe,16,2.2844554606345427e-05,2000
2,sphere,history-BJS,16,1.6326959414701086e-05,2000
2,sphere,1/5-rule,16,0.0,2000
2,sphere,L3 grid,16,0.0011807423430638224,1681
2,sphere,p=0.0,17,3.8783760904387405e-06,2000
2,sphere,p=0.01,17,3.5399932655372e-07,2000
2,sphere,p=0.05,17,6.695383745064376e-07,2000
2,sphere,p=0.1,17,4.630953702992306e-06,2000
2,sphere,p=0.2,17,3.6571503807723905e-05,2000
2,sphere,p=0.5,17,4.4907172874713245e-06,2000
2,sphere,p=1.0,17,0.0019735915899103556,2000
2,sphere,"p=0.2,sigma=0.03",17,3.519704003560819e-07,2000
2,sphere,"p=0.2,sigma=0.3",17,0.00011456904375413846,2000
2,sphere,ML-BJS,17,0.0007072005107527201,1999
2,sphere,ML-BJS free-probe,17,1.4657483233417049e-05,2000
2,sphere,history-BJS,17,4.3090081929086185e-05,2000
2,sphere,1/5-rule,17,0.0,2000
2,sphere,L3 grid,17,0.014946338374091959,1681
2,sphere,p=0.0,18,2.497174538977222e-06,2000
2,sphere,p=0.01,18,3.571615532373801e-05,2000
2,sphere,p=0.05,18,2.10783435357935e-05,2000
2,sphere,p=0.1,18,2.638357273784604e-05,2000
2,sphere,p=0.2,18,1.9416280075406377e-06,2000
2,sphere,p=0.5,18,7.11618149319362e-05,2000
2,sphere,p=1.0,18,0.0048474722061330145,2000
2,sphere,"p=0.2,sigma=0.03",18,1.1774372567546341e-06,2000
2,sphere,"p=0.2,sigma=0.3",18,0.00013855182252309984,2000
2,sphere,ML-BJS,18,0.001349002853851366,1999
2,sphere,ML-BJS free-probe,18,3.1680889621441856e-05,2000
2,sphere,history-BJS,18,1.5829341293337837e-05,2000
2,sphere,1/5-rule,18,0.0,2000
2,sphere,L3 grid,18,0.014557836389198848,1681
2,sphere,p=0.0,19,1.1661891126705847e-05,2000
2,sphere,p=0.01,19,8.3083398891781e-06,2000
2,sphere,p=0.05,19,1.0555747104450202e-05,2000
2,sphere,p=0.1,19,4.0592446820860654e-06,2000
2,sphere,p=0.2,19,5.663731956075802e-07,2000
2,sphere,p=0.5,19,9.320832498801892e-05,2000
2,sphere,p=1.0,19,0.022617936704102875,2000
2,sphere,"p=0.2,sigma=0.03",19,1.7480608086280457e-06,2000
2,sphere,"p=0.2,sigma=0.3",19,2.7496494977334187e-05,2000
2,sphere,ML-BJS,19,0.00011356031192645488,1999
2,sphere,ML-BJS free-probe,19,5.961670271598704e-05,2000
2,sphere,history-BJS,19,5.944980672266321e-07,2000
2,sphere,1/5-rule,19,0.0,2000
2,sphere,L3 grid,19,0.0019183640315463264,1681
2,sphere,p=0.0,20,7.856523209823156e-06,2000
2,sphere,p=0.01,20,1.1777323628713057e-05,2000
2,sphere,p=0.05,20,4.3762687366892655e-06,2000
2,sphere,p=0.1,20,4.871142327446856e-06,2000
2,sphere,p=0.2,20,9.918254209689164e-06,2000
2,sphere,p=0.5,20,6.750659335014593e-06,2000
2,sphere,p=1.0,20,0.0033965004825121446,2000
2,sphere,"p=0.2,sigma=0.03",20,6.45490243052803e-08,2000
2,sphere,"p=0.2,sigma=0.3",20,3.341812005024045e-05,2000
2,sphere,ML-BJS,20,0.002121228892912506,1999
2,sphere,ML-BJS free-probe,20,1.2882513640745848e-05,2000
2,sphere,history-BJS,20,3.658464084262815e-05,2000
2,sphere,1/5-rule,20,0.0,2000
2,sphere,L3 grid,20,0.006922233300463392,1681
2,sphere,p=0.0,21,3.685890503399763e-07,2000
2,sphere,p=0.01,21,1.4563830693566954e-05,2000
2,sphere,p=0.05,21,6.581204554562149e-06,2000
2,sphere,p=0.1,21,4.407321702194962e-06,2000
2,sphere,p=0.2,21,9.628391534131619e-06,2000
2,sphere,p=0.5,21,6.028823172149207e-06,2000
2,sphere,p=1.0,21,0.017657892310296096,2000
2,sphere,"p=0.2,sigma=0.03",21,2.236688084279338e-06,2000
2,sphere,"p=0.2,sigma=0.3",21,3.4659126768886066e-05,2000
2,sphere,ML-BJS,21,3.413705694628131e-05,1999
2,sphere,ML-BJS free-probe,21,6.747251293701824e-06,2000
2,sphere,history-BJS,21,9.841075682619566e-06,2000
2,sphere,1/5-rule,21,0.0,2000
2,sphere,L3 grid,21,0.012881637196142194,1681
2,sphere,p=0.0,22,2.954622899346821e-07,2000
2,sphere,p=0.01,22,1.2545216370705365e-05,2000
2,sphere,p=0.05,22,1.0627856702247435e-05,2000
2,sphere,p=0.1,22,2.36031636434581e-06,2000
2,sphere,p=0.2,22,1.1932801221355615e-05,2000
2,sphere,p=0.5,22,1.835097889944968e-05,2000
2,sphere,p=1.0,22,0.010417871833530387,2000
2,sphere,"p=0.2,sigma=0.03",22,5.073608757020511e-06,2000
2,sphere,"p=0.2,sigma=0.3",22,1.817560108914233e-05,2000
2,sphere,ML-BJS,22,0.0020350028087943095,1999
2,sphere,ML-BJS free-probe,22,1.6501461751015513e-05,2000
2,sphere,history-BJS,22,9.319694000635026e-06,2000
2,sphere,1/5-rule,22,0.0,2000
2,sphere,L3 grid,22,0.009119658406625005,1681
2,sphere,p=0.0,23,1.2502555941680205e-05,2000
2,sphere,p=0.01,23,9.45397001282789e-06,2000
2,sphere,p=0.05,23,2.621874522365803e-06,2000
2,sphere,p=0.1,23,2.0955677776411613e-05,2000
2,sphere,p=0.2,23,2.9139101265479217e-05,2000
2,sphere,p=0.5,23,5.772592244914316e-05,2000
2,sphere,p=1.0,23,0.021556399988590408,2000
2,sphere,"p=0.2,sigma=0.03",23,5.010994831115152e-07,2000
2,sphere,"p=0.2,sigma=0.3",23,0.0002461522401942012,2000
2,sphere,ML-BJS,23,0.0003859253991911508,1999
2,sphere,ML-BJS free-probe,23,1.4485912504296504e-05,2000
2,sphere,history-BJS,23,2.1460247309817785e-06,2000
2,sphere,1/5-rule,23,0.0,2000
2,sphere,L3 grid,23,0.009166741744576466,1681
2,sphere,p=0.0,24,7.4556199535206645e-06,2000
2,sphere,p=0.01,24,2.55971799134163e-06,2000
2,sphere,p=0.05,24,3.358272432105395e-05,2000
2,sphere,p=0.1,24,1.891952245053335e-07,2000
2,sphere,p=0.2,24,1.3997717167451583e-05,2000
2,sphere,p=0.5,24,2.743450832293514e-05,2000
2,sphere,p=1.0,24,0.011156136084044872,2000
2,sphere,"p=0.2,sigma=0.03",24,2.9603505604290096e-07,2000
2,sphere,"p=0.2,sigma=0.3",24,8.77228067363686e-05,2000
2,sphere,ML-BJS,24,4.757037451471501e-05,1999
2,sphere,ML-BJS free-probe,24,1.85671701410095e-05,2000
2,sphere,history-BJS,24,1.189031408413604e-06,2000
2,sphere,1/5-rule,24,0.0,2000
2,sphere,L3 grid,24,0.016385126087358082,1681
2,sphere,p=0.0,25,1.200509631221492e-05,2000
2,sphere,p=0.01,25,5.957121442528913e-05,2000
2,sphere,p=0.05,25,1.3679010900937871e-05,2000
2,sphere,p=0.1,25,1.2516871527634637e-05,2000
2,sphere,p=0.2,25,5.618718607178339e-06,2000
2,sphere,p=0.5,25,5.075441187808294e-07,2000
2,sphere,p=1.0,25,0.002318556722030475,2000
2,sphere,"p=0.2,sigma=0.03",25,2.1737992700626244e-07,2000
2,sphere,"p=0.2,sigma=0.3",25,1.3070904853355814e-05,2000
2,sphere,ML-BJS,25,0.00023677453672859688,1999
2,sphere,ML-BJS free-probe,25,1.977950500700138e-05,2000
2,sphere,history-BJS,25,1.8447851655322906e-05,2000
2,sphere,1/5-rule,25,0.0,2000
2,sphere,L3 grid,25,0.003536766229701887,1681
2,sphere,p=0.0,26,5.071332844866576e-06,2000
2,sphere,p=0.01,26,7.222257632348426e-06,2000
2,sphere,p=0.05,26,5.7488757698001e-06,2000
2,sphere,p=0.1,26,4.3425179952929375e-06,2000
2,sphere,p=0.2,26,6.169834119131707e-06,2000
2,sphere,p=0.5,26,1.4555209545947013e-05,2000
2,sphere,p=1.0,26,0.007877449580093418,2000
2,sphere,"p=0.2,sigma=0.03",26,1.8386454524002358e-06,2000
2,sphere,"p=0.2,sigma=0.3",26,0.0001935419676230172,2000
2,sphere,ML-BJS,26,3.5678885217453355e-05,1999
2,sphere,ML-BJS free-probe,26,2.078136836818052e-05,2000
2,sphere,history-BJS,26,3.505432071222356e-05,2000
2,sphere,1/5-rule,26,0.0,2000
2,sphere,L3 grid,26,0.002561637889661524,1681
2,sphere,p=0.0,27,7.460616481226283e-06,2000
2,sphere,p=0.01,27,4.904293306396079e-06,2000
2,sphere,p=0.05,27,7.806892243836075e-06,2000
2,sphere,p=0.1,27,8.255815030503605e-06,2000
2,sphere,p=0.2,27,2.2380380780303673e-05,2000
2,sphere,p=0.5,27,1.5765544685823354e-05,2000
2,sphere,p=1.0,27,0.015263316875974818,2000
2,sphere,"p=0.2,sigma=0.03",27,1.6801625980741642e-06,2000
2,sphere,"p=0.2,sigma=0.3",27,0.00013795846930070557,2000
2,sphere,ML-BJS,27,0.0017500797440214593,1999
2,sphere,ML-BJS free-probe,27,2.794575614371028e-06,2000
2,sphere,history-BJS,27,3.672511952696562e-05,2000
2,sphere,1/5-rule,27,0.0,2000
2,sphere,L3 grid,27,0.002026710752490869,1681
2,sphere,p=0.0,28,1.072171977571153e-06,2000
2,sphere,p=0.01,28,2.8510565298273398e-05,2000
2,sphere,p=0.05,28,4.3033065029719815e-05,2000
2,sphere,p=0.1,28,1.0181152443527592e-05,2000
2,sphere,p=0.2,28,3.0271813700948605e-06,2000
2,sphere,p=0.5,28,9.857362246363338e-06,2000
2,sphere,p=1.0,28,0.017026747015538492,2000
2,sphere,"p=0.2,sigma=0.03",28,1.3935822177988026e-07,2000
2,sphere,"p=0.2,sigma=0.3",28,0.0004243434422416464,2000
2,sphere,ML-BJS,28,0.0002882311655305072,1999
2,sphere,ML-BJS free-probe,28,1.289725570283559e-05,2000
2,sphere,history-BJS,28,1.3252598813609507e-05,2000
2,sphere,1/5-rule,28,0.0,2000
2,sphere,L3 grid,28,0.010196266683200035,1681
2,sphere,p=0.0,29,5.892147826814198e-06,2000
2,sphere,p=0.01,29,6.773390367234396e-05,2000
2,sphere,p=0.05,29,5.912293329066765e-06,2000
2,sphere,p=0.1,29,1.0771019075369684e-07,2000
2,sphere,p=0.2,29,1.8192549062478993e-05,2000
2,sphere,p=0.5,29,3.9240118826471934e-05,2000
2,sphere,p=1.0,29,0.011345531980340062,2000
2,sphere,"p=0.2,sigma=0.03",29,1.42606489685904e-06,2000
2,sphere,"p=0.2,sigma=0.3",29,6.56973090967468e-05,2000
2,sphere,ML-BJS,29,0.0017175533848589057,1999
2,sphere,ML-BJS free-probe,29,3.060482866710273e-05,2000
2,sphere,history-BJS,29,4.842710877964736e-05,2000
2,sphere,1/5-rule,29,0.0,2000
2,sphere,L3 grid,29,0.003490741378184432,1681
2,rastrigin,p=0.0,0,3.9808059132167877,2000
2,rastrigin,p=0.01,0,3.9879450227348983,2000
2,rastrigin,p=0.05,0,1.0094693747467147,2000
2,rastrigin,p=0.1,0,1.9910816622283178,2000
2,rastrigin,p=0.2,0,0.9953082674601745,2000
2,rastrigin,p=0.5,0,1.0021732711630236,2000
2,rastrigin,p=1.0,0,1.0801155349088418,2000
2,rastrigin,"p=0.2,sigma=0.03",0,1.9902368834295672,2000
2,rastrigin,"p=0.2,sigma=0.3",0,1.0091966573099675,2000
2,rastrigin,ML-BJS,0,4.0794329289458915,1999
2,rastrigin,ML-BJS free-probe,0,1.0213861484773794,2000
2,rastrigin,history-BJS,0,0.9992813235627835,2000
2,rastrigin,1/5-rule,0,8.954601241487008,2000
2,rastrigin,L3 grid,0,1.5708363917203982,1681
2,rastrigin,p=0.0,1,17.91035518442552,2000
2,rastrigin,p=0.01,1,1.99030465524757,2000
2,rastrigin,p=0.05,1,4.974959520231341,2000
2,rastrigin,p=0.1,1,3.9835304673863767,2000
2,rastrigin,p=0.2,1,2.009119317166075,2000
2,rastrigin,p=0.5,1,1.9922013816733326,2000
2,rastrigin,p=1.0,1,1.3218549672570248,2000
2,rastrigin,"p=0.2,sigma=0.03",1,0.0004135082396459211,2000
2,rastrigin,"p=0.2,sigma=0.3",1,0.030092133611972827,2000
2,rastrigin,ML-BJS,1,1.0280043160368422,1999
2,rastrigin,ML-BJS free-probe,1,0.0016538802069305802,2000
2,rastrigin,history-BJS,1,0.9963854097494007,2000
2,rastrigin,1/5-rule,1,1.9899181141865796,2000
2,rastrigin,L3 grid,1,2.759091507462532,1681
2,rastrigin,p=0.0,2,4.974991441933621,2000
2,rastrigin,p=0.01,2,8.964944591908592,2000
2,rastrigin,p=0.05,2,8.955706802952335,2000
2,rastrigin,p=0.1,2,0.9952773557263725,2000
2,rastrigin,p=0.2,2,0.9951098043915678,2000
2,rastrigin,p=0.5,2,0.9969000805338943,2000
2,rastrigin,p=1.0,2,2.013999661121261,2000
2,rastrigin,"p=0.2,sigma=0.03",2,0.9952558334527914,2000
2,rastrigin,"p=0.2,sigma=0.3",2,1.3300145654568638,2000
2,rastrigin,ML-BJS,2,2.3634066261874125,1999
2,rastrigin,ML-BJS free-probe,2,1.020691284256003,2000
2,rastrigin,history-BJS,2,0.006299465420823935,2000
2,rastrigin,1/5-rule,2,12.934432432041095,2000
2,rastrigin,L3 grid,2,2.3635738688574683,1681
2,rastrigin,p=0.0,3,4.979334207657768,2000
2,rastrigin,p=0.01,3,1.9903532022152781,2000
2,rastrigin,p=0.05,3,4.976879584361642,2000
2,rastrigin,p=0.1,3,4.975247200411827,2000
2,rastrigin,p=0.2,3,0.0010005151087213449,2000
2,rastrigin,p=0.5,3,0.996658336085531,2000
2,rastrigin,p=1.0,3,1.6086518036070316,2000
2,rastrigin,"p=0.2,sigma=0.03",3,0.9950086344374398,2000
2,rastrigin,"p=0.2,sigma=0.3",3,2.015338733245656,2000
2,rastrigin,ML-BJS,3,1.2587852875182008,1999
2,rastrigin,ML-BJS free-probe,3,0.00019299411915341125,2000
2,rastrigin,history-BJS,3,1.990781843004239,2000
2,rastrigin,1/5-rule,3,33.828324176029234,2000
2,rastrigin,L3 grid,3,3.249416599322384,1681
2,rastrigin,p=0.0,4,12.936509622518146,2000
2,rastrigin,p=0.01,4,0.9972134080961581,2000
2,rastrigin,p=0.05,4,3.982315672606461,2000
2,rastrigin,p=0.1,4,1.9932684238962501,2000
2,rastrigin,p=0.2,4,0.9975907180926278,2000
2,rastrigin,p=0.5,4,0.9959531867955107,2000
2,rastrigin,p=1.0,4,1.4187107720573238,2000
2,rastrigin,"p=0.2,sigma=0.03",4,1.9900122615398672,2000
2,rastrigin,"p=0.2,sigma=0.3",4,1.0278240906376084,2000
2,rastrigin,ML-BJS,4,1.0139769612321032,1999
2,rastrigin,ML-BJS free-probe,4,0.028550081086613943,2000
2,rastrigin,history-BJS,4,1.0088731648160092,2000
2,rastrigin,1/5-rule,4,12.934432432041097,2000
2,rastrigin,L3 grid,4,0.28253459210578313,1681
2,rastrigin,p=0.0,5,3.9807068373975554,2000
2,rastrigin,p=0.01,5,9.950600896914098,2000
2,rastrigin,p=0.05,5,1.9933819522550351,2000
2,rastrigin,p=0.1,5,1.9911575265225707,2000
2,rastrigin,p=0.2,5,0.0006572192492626527,2000
2,rastrigin,p=0.5,5,0.01667279931861998,2000
2,rastrigin,p=1.0,5,1.595928847378783,2000
2,rastrigin,"p=0.2,sigma=0.03",5,0.99499025666017,2000
2,rastrigin,"p=0.2,sigma=0.3",5,2.0299010539364595,2000
2,rastrigin,ML-BJS,5,0.07845151171176212,1999
2,rastrigin,ML-BJS free-probe,5,1.0038929557256289,2000
2,rastrigin,history-BJS,5,2.0020203424382856,2000
2,rastrigin,1/5-rule,5,1.9899181141865796,2000
2,rastrigin,L3 grid,5,1.9895405875582028,1681
2,rastrigin,p=0.0,6,8.955088858451829,2000
2,rastrigin,p=0.01,6,0.9952899172282841,2000
2,rastrigin,p=0.05,6,0.9963901823734744,2000
2,rastrigin,p=0.1,6,1.9906902513427482,2000
2,rastrigin,p=0.2,6,1.0021639113508627,2000
2,rastrigin,p=0.5,6,1.9953101387342613,2000
2,rastrigin,p=1.0,6,1.4319189055357384,2000
2,rastrigin,"p=0.2,sigma=0.03",6,0.9952716106491231,2000
2,rastrigin,"p=0.2,sigma=0.3",6,1.9999068595894585,2000
2,rastrigin,ML-BJS,6,2.259917914309959,1999
2,rastrigin,ML-BJS free-probe,6,0.9994957296456235,2000
2,rastrigin,history-BJS,6,0.9957431016823222,2000
2,rastrigin,1/5-rule,6,74.10084806914068,2000
2,rastrigin,L3 grid,6,2.6716173301554136,1681
2,rastrigin,p=0.0,7,3.984264971297023,2000
2,rastrigin,p=0.01,7,8.955226152958252,2000
2,rastrigin,p=0.05,7,0.0005831913016294266,2000
2,rastrigin,p=0.1,7,1.0023358852647384,2000
2,rastrigin,p=0.2,7,1.99031810949743,2000
2,rastrigin,p=0.5,7,0.0003582299412769885,2000
2,rastrigin,p=1.0,7,0.14576969833175113,2000
2,rastrigin,"p=0.2,sigma=0.03",7,1.9905095923592881,2000
2,rastrigin,"p=0.2,sigma=0.3",7,1.9982178008188072,2000
2,rastrigin,ML-BJS,7,4.040114106959624,1999
2,rastrigin,ML-BJS free-probe,7,0.9974304782885568,2000
2,rastrigin,history-BJS,7,1.0000957518329514,2000
2,rastrigin,1/5-rule,7,3.979831190554087,2000
2,rastrigin,L3 grid,7,1.651578872251143,1681
2,rastrigin,p=0.0,8,7.959993117180492,2000
2,rastrigin,p=0.01,8,0.9954063680414222,2000
2,rastrigin,p=0.05,8,4.979063484079811,2000
2,rastrigin,p=0.1,8,0.9959948452105323,2000
2,rastrigin,p=0.2,8,0.9958150986091177,2000
2,rastrigin,p=0.5,8,0.01023639884030203,2000
2,rastrigin,p=1.0,8,2.78380938844278,2000
2,rastrigin,"p=0.2,sigma=0.03",8,0.99514465865931,2000
2,rastrigin,"p=0.2,sigma=0.3",8,0.06478907945180978,2000
2,rastrigin,ML-BJS,8,0.31644165703578864,1999
2,rastrigin,ML-BJS free-probe,8,2.1016440889809473e-05,2000
2,rastrigin,history-BJS,8,1.006761830453101,2000
2,rastrigin,1/5-rule,8,1.9899181141865832,2000
2,rastrigin,L3 grid,8,4.052241988082914,1681
2,rastrigin,p=0.0,9,4.977712861408325,2000
2,rastrigin,p=0.01,9,7.9627457524323475,2000
2,rastrigin,p=0.05,9,0.9970412593414295,2000
2,rastrigin,p=0.1,9,0.9972711312403355,2000
2,rastrigin,p=0.2,9,0.9975346559108509,2000
2,rastrigin,p=0.5,9,1.9941804006134163,2000
2,rastrigin,p=1.0,9,1.4352967655499427,2000
2,rastrigin,"p=0.2,sigma=0.03",9,0.9958366888606136,2000
2,rastrigin,"p=0.2,sigma=0.3",9,0.01349581910624309,2000
2,rastrigin,ML-BJS,9,2.0393322461974037,1999
2,rastrigin,ML-BJS free-probe,9,0.9960379723818704,2000
2,rastrigin,history-BJS,9,1.0034644745523735,2000
2,rastrigin,1/5-rule,9,12.934432432041095,2000
2,rastrigin,L3 grid,9,2.78964963260497,1681
2,rastrigin,p=0.0,10,9.95198239865061,2000
2,rastrigin,p=0.01,10,8.958836765209782,2000
2,rastrigin,p=0.05,10,4.976728470619488,2000
2,rastrigin,p=0.1,10,1.9914707015679944,2000
2,rastrigin,p=0.2,10,1.9931017180998865,2000
2,rastrigin,p=0.5,10,1.0199296367870154,2000
2,rastrigin,p=1.0,10,2.0082875275891894,2000
2,rastrigin,"p=0.2,sigma=0.03",10,5.350324050112931e-05,2000
2,rastrigin,"p=0.2,sigma=0.3",10,2.001877361516428,2000
2,rastrigin,ML-BJS,10,4.124433873279372,1999
2,rastrigin,ML-BJS free-probe,10,1.0001775993883086,2000
2,rastrigin,history-BJS,10,1.012527506401252,2000
2,rastrigin,1/5-rule,10,16.914202849554822,2000
2,rastrigin,L3 grid,10,2.45251891319559,1681
2,rastrigin,p=0.0,11,1.993629596892223,2000
2,rastrigin,p=0.01,11,8.954948741061319,2000
2,rastrigin,p=0.05,11,1.9903982820728245,2000
2,rastrigin,p=0.1,11,0.000157014964926816,2000
2,rastrigin,p=0.2,11,3.982376952952251,2000
2,rastrigin,p=0.5,11,0.9985562501342571,2000
2,rastrigin,p=1.0,11,0.2914456762277453,2000
2,rastrigin,"p=0.2,sigma=0.03",11,1.990255103056171,2000
2,rastrigin,"p=0.2,sigma=0.3",11,1.992816352842123,2000
2,rastrigin,ML-BJS,11,0.02457885516955116,1999
2,rastrigin,ML-BJS free-probe,11,0.9972640836403777,2000
2,rastrigin,history-BJS,11,2.005365771440161,2000
2,rastrigin,1/5-rule,11,16.914202849554826,2000
2,rastrigin,L3 grid,11,1.0957853472895174,1681
2,rastrigin,p=0.0,12,1.9915097959376666,2000
2,rastrigin,p=0.01,12,4.975948383425081,2000
2,rastrigin,p=0.05,12,4.974924210857788,2000
2,rastrigin,p=0.1,12,4.978033731377282,2000
2,rastrigin,p=0.2,12,1.993070203490241,2000
2,rastrigin,p=0.5,12,1.0028794599460227,2000
2,rastrigin,p=1.0,12,1.4436875801609617,2000
2,rastrigin,"p=0.2,sigma=0.03",12,0.9953002005973772,2000
2,rastrigin,"p=0.2,sigma=0.3",12,0.054747657905110714,2000
2,rastrigin,ML-BJS,12,0.9964857154733622,1999
2,rastrigin,ML-BJS free-probe,12,0.9972342269894057,2000
2,rastrigin,history-BJS,12,2.0013059654319463,2000
2,rastrigin,1/5-rule,12,16.91420284955482,2000
2,rastrigin,L3 grid,12,4.230247292831564,1681
2,rastrigin,p=0.0,13,12.934733805299489,2000
2,rastrigin,p=0.01,13,1.0000280238750818,2000
2,rastrigin,p=0.05,13,3.9843406499408616,2000
2,rastrigin,p=0.1,13,3.9920274722885765,2000
2,rastrigin,p=0.2,13,3.9799998190303114,2000
2,rastrigin,p=0.5,13,1.002896289164859,2000
2,rastrigin,p=1.0,13,2.28442474052909,2000
2,rastrigin,"p=0.2,sigma=0.03",13,0.995228072297671,2000
2,rastrigin,"p=0.2,sigma=0.3",13,2.0379885380332325,2000
2,rastrigin,ML-BJS,13,2.1130712187608367,1999
2,rastrigin,ML-BJS free-probe,13,1.9899777601406754,2000
2,rastrigin,history-BJS,13,0.0010807806538863929,2000
2,rastrigin,1/5-rule,13,16.914202849554822,2000
2,rastrigin,L3 grid,13,2.9499183792218098,1681
2,rastrigin,p=0.0,14,8.955964253305016,2000
2,rastrigin,p=0.01,14,4.975099203379681,2000
2,rastrigin,p=0.05,14,0.995812147211744,2000
2,rastrigin,p=0.1,14,3.9821879096963535,2000
2,rastrigin,p=0.2,14,1.9932266332237774,2000
2,rastrigin,p=0.5,14,0.001050239517937257,2000
2,rastrigin,p=1.0,14,2.1734976289132675,2000
2,rastrigin,"p=0.2,sigma=0.03",14,0.00012998912973216648,2000
2,rastrigin,"p=0.2,sigma=0.3",14,1.0157508328441054,2000
2,rastrigin,ML-BJS,14,1.061452345581671,1999
2,rastrigin,ML-BJS free-probe,14,0.9994946321001699,2000
2,rastrigin,history-BJS,14,1.0004195125536128,2000
2,rastrigin,1/5-rule,14,1.9899181141865796,2000
2,rastrigin,L3 grid,14,4.5211935963025525,1681
2,rastrigin,p=0.0,15,0.997871708696664,2000
2,rastrigin,p=0.01,15,4.974892060301414,2000
2,rastrigin,p=0.05,15,0.0031098522125532213,2000
2,rastrigin,p=0.1,15,1.9929296588549583,2000
2,rastrigin,p=0.2,15,1.9961024224135429,2000
2,rastrigin,p=0.5,15,1.9906983096809974,2000
2,rastrigin,p=1.0,15,2.112727173718163,2000
2,rastrigin,"p=0.2,sigma=0.03",15,4.974841982638601,2000
2,rastrigin,"p=0.2,sigma=0.3",15,1.0032540521177822,2000
2,rastrigin,ML-BJS,15,0.10313255313556624,1999
2,rastrigin,ML-BJS free-probe,15,1.0110262464943602,2000
2,rastrigin,history-BJS,15,1.997592506586308,2000
2,rastrigin,1/5-rule,15,12.934432432041095,2000
2,rastrigin,L3 grid,15,2.1190589170882816,1681
2,rastrigin,p=0.0,16,9.952415138293262,2000
2,rastrigin,p=0.01,16,3.9825887059392358,2000
2,rastrigin,p=0.05,16,1.992964547530903,2000
2,rastrigin,p=0.1,16,4.979550349308505,2000
2,rastrigin,p=0.2,16,1.9899443899402343,2000
2,rastrigin,p=0.5,16,0.9951900487609677,2000
2,rastrigin,p=1.0,16,1.1843757389451497,2000
2,rastrigin,"p=0.2,sigma=0.03",16,0.9952151568147904,2000
2,rastrigin,"p=0.2,sigma=0.3",16,0.02236130860446295,2000
2,rastrigin,ML-BJS,16,4.976746108691007,1999
2,rastrigin,ML-BJS free-probe,16,1.0176132506520759,2000
2,rastrigin,history-BJS,16,1.0186811603744204,2000
2,rastrigin,1/5-rule,16,9.9495602985803,2000
2,rastrigin,L3 grid,16,3.005521862759963,1681
2,rastrigin,p=0.0,17,4.975925885560155,2000
2,rastrigin,p=0.01,17,1.9955498013887265,2000
2,rastrigin,p=0.05,17,1.0049636878038726,2000
2,rastrigin,p=0.1,17,1.994934357689118,2000
2,rastrigin,p=0.2,17,1.0006561025060563,2000
2,rastrigin,p=0.5,17,1.0037722023278661,2000
2,rastrigin,p=1.0,17,0.7304563451212189,2000
2,rastrigin,"p=0.2,sigma=0.03",17,1.989963600808636,2000
2,rastrigin,"p=0.2,sigma=0.3",17,0.017539207272889712,2000
2,rastrigin,ML-BJS,17,4.157907969250029,1999
2,rastrigin,ML-BJS free-probe,17,0.9987654598235878,2000
2,rastrigin,history-BJS,17,0.9975995973424006,2000
2,rastrigin,1/5-rule,17,44.77259317428373,2000
2,rastrigin,L3 grid,17,5.424588860825494,1681
2,rastrigin,p=0.0,18,0.9963803573532388,2000
2,rastrigin,p=0.01,18,0.9950540033092992,2000
2,rastrigin,p=0.05,18,0.006759187584123083,2000
2,rastrigin,p=0.1,18,0.9990641086500673,2000
2,rastrigin,p=0.2,18,0.007272571029467656,2000
2,rastrigin,p=0.5,18,1.0033092947254616,2000
2,rastrigin,p=1.0,18,1.5201773746789229,2000
2,rastrigin,"p=0.2,sigma=0.03",18,0.9962411334772057,2000
2,rastrigin,"p=0.2,sigma=0.3",18,1.0089609737792422,2000
2,rastrigin,ML-BJS,18,5.036429731914726,1999
2,rastrigin,ML-BJS free-probe,18,1.0123316723868072,2000
2,rastrigin,history-BJS,18,1.0051612835494979,2000
2,rastrigin,1/5-rule,18,16.91420284955482,2000
2,rastrigin,L3 grid,18,1.8299612928961153,1681
2,rastrigin,p=0.0,19,4.9752382569737055,2000
2,rastrigin,p=0.01,19,12.93520631264826,2000
2,rastrigin,p=0.05,19,4.974951830022878,2000
2,rastrigin,p=0.1,19,1.004196229308441,2000
2,rastrigin,p=0.2,19,0.9999203649346597,2000
2,rastrigin,p=0.5,19,0.0013170485233544582,2000
2,rastrigin,p=1.0,19,1.1909972392791914,2000
2,rastrigin,"p=0.2,sigma=0.03",19,8.561731220524393e-05,2000
2,rastrigin,"p=0.2,sigma=0.3",19,1.0107398276935982,2000
2,rastrigin,ML-BJS,19,1.042129318966687,1999
2,rastrigin,ML-BJS free-probe,19,0.17865658974789866,2000
2,rastrigin,history-BJS,19,0.9997252486130712,2000
2,rastrigin,1/5-rule,19,12.934432432041095,2000
2,rastrigin,L3 grid,19,2.5338265674093243,1681
2,rastrigin,p=0.0,20,7.960720953891705,2000
2,rastrigin,p=0.01,20,1.9937739906354324,2000
2,rastrigin,p=0.05,20,1.0104898855246809,2000
2,rastrigin,p=0.1,20,0.9951092300911881,2000
2,rastrigin,p=0.2,20,1.0005171129039496,2000
2,rastrigin,p=0.5,20,0.008769989195975825,2000
2,rastrigin,p=1.0,20,1.449552171793215,2000
2,rastrigin,"p=0.2,sigma=0.03",20,0.9959983983983065,2000
2,rastrigin,"p=0.2,sigma=0.3",20,0.9992111176686862,2000
2,rastrigin,ML-BJS,20,3.992079255923514,1999
2,rastrigin,ML-BJS free-probe,20,1.0004885828645058,2000
2,rastrigin,history-BJS,20,1.00308960276611,2000
2,rastrigin,1/5-rule,20,9.9495602985803,2000
2,rastrigin,L3 grid,20,1.9926600905735583,1681
2,rastrigin,p=0.0,21,3.9828391731391477,2000
2,rastrigin,p=0.01,21,4.9755108928303,2000
2,rastrigin,p=0.05,21,1.9909004060107627,2000
2,rastrigin,p=0.1,21,0.9975243967736631,2000
2,rastrigin,p=0.2,21,0.9956011385743189,2000
2,rastrigin,p=0.5,21,1.0001570094892926,2000
2,rastrigin,p=1.0,21,1.1066234726676214,2000
2,rastrigin,"p=0.2,sigma=0.03",21,1.990072000066899,2000
2,rastrigin,"p=0.2,sigma=0.3",21,0.004749659501609216,2000
2,rastrigin,ML-BJS,21,1.0248468782534417,1999
2,rastrigin,ML-BJS free-probe,21,1.0239214408376576,2000
2,rastrigin,history-BJS,21,0.9989084730727598,2000
2,rastrigin,1/5-rule,21,15.919243792461529,2000
2,rastrigin,L3 grid,21,4.773123741374288,1681
2,rastrigin,p=0.0,22,0.995468420048212,2000
2,rastrigin,p=0.01,22,9.951610526400549,2000
2,rastrigin,p=0.05,22,8.959158967990678,2000
2,rastrigin,p=0.1,22,0.9966369507792869,2000
2,rastrigin,p=0.2,22,0.9989009424247648,2000
2,rastrigin,p=0.5,22,0.9986240469453378,2000
2,rastrigin,p=1.0,22,1.5366101603963145,2000
2,rastrigin,"p=0.2,sigma=0.03",22,0.00022571472171506457,2000
2,rastrigin,"p=0.2,sigma=0.3",22,5.010713815330215,2000
2,rastrigin,ML-BJS,22,1.0517702088491134,1999
2,rastrigin,ML-BJS free-probe,22,0.9971463588921381,2000
2,rastrigin,history-BJS,22,0.0037508340225755887,2000
2,rastrigin,1/5-rule,22,4.974790247647377,2000
2,rastrigin,L3 grid,22,1.0090148236700216,1681
2,rastrigin,p=0.0,23,7.966302703578821,2000
2,rastrigin,p=0.01,23,4.98245395754145,2000
2,rastrigin,p=0.05,23,2.0402611138934645,2000
2,rastrigin,p=0.1,23,9.23529940877188e-06,2000
2,rastrigin,p=0.2,23,0.9995048737194878,2000
2,rastrigin,p=0.5,23,0.9968651459940716,2000
2,rastrigin,p=1.0,23,1.2249632860227457,2000
2,rastrigin,"p=0.2,sigma=0.03",23,1.9900337431571486,2000
2,rastrigin,"p=0.2,sigma=0.3",23,0.05292860223382334,2000
2,rastrigin,ML-BJS,23,0.9953137046234666,1999
2,rastrigin,ML-BJS free-probe,23,0.9951319729368535,2000
2,rastrigin,history-BJS,23,0.001953339698541612,2000
2,rastrigin,1/5-rule,23,0.0,2000
2,rastrigin,L3 grid,23,1.2500931974624407,1681
2,rastrigin,p=0.0,24,3.9807014324780745,2000
2,rastrigin,p=0.01,24,12.936819169132516,2000
2,rastrigin,p=0.05,24,1.9944280668140948,2000
2,rastrigin,p=0.1,24,3.9848090412707933,2000
2,rastrigin,p=0.2,24,1.9905813714932847,2000
2,rastrigin,p=0.5,24,9.817516813015459e-05,2000
2,rastrigin,p=1.0,24,0.42054537922476243,2000
2,rastrigin,"p=0.2,sigma=0.03",24,5.89506582215904e-06,2000
2,rastrigin,"p=0.2,sigma=0.3",24,5.00675825865803,2000
2,rastrigin,ML-BJS,24,5.018376964481121,1999
2,rastrigin,ML-BJS free-probe,24,0.9970869134428106,2000
2,rastrigin,history-BJS,24,0.9984994697720779,2000
2,rastrigin,1/5-rule,24,16.91420284955482,2000
2,rastrigin,L3 grid,24,2.2406008452700235,1681
2,rastrigin,p=0.0,25,8.958380756068092,2000
2,rastrigin,p=0.01,25,4.977544318397307,2000
2,rastrigin,p=0.05,25,1.9920483485603278,2000
2,rastrigin,p=0.1,25,0.0013350622593968353,2000
2,rastrigin,p=0.2,25,1.9931323886124375,2000
2,rastrigin,p=0.5,25,1.992277032607845,2000
2,rastrigin,p=1.0,25,1.7752039009109062,2000
2,rastrigin,"p=0.2,sigma=0.03",25,0.9955335261117355,2000
2,rastrigin,"p=0.2,sigma=0.3",25,1.0225740985320506,2000
2,rastrigin,ML-BJS,25,4.976067356739918,1999
2,rastrigin,ML-BJS free-probe,25,0.006874268145036666,2000
2,rastrigin,history-BJS,25,0.001258771402586234,2000
2,rastrigin,1/5-rule,25,12.934432432041099,2000
2,rastrigin,L3 grid,25,1.687930940191741,1681
2,rastrigin,p=0.0,26,0.9957015458420351,2000
2,rastrigin,p=0.01,26,4.976924563833865,2000
2,rastrigin,p=0.05,26,3.9830446237033748,2000
2,rastrigin,p=0.1,26,0.9950153405779432,2000
2,rastrigin,p=0.2,26,1.9935360829330158,2000
2,rastrigin,p=0.5,26,0.010563480635987332,2000
2,rastrigin,p=1.0,26,0.39917704815735533,2000
2,rastrigin,"p=0.2,sigma=0.03",26,1.989993707866578,2000
2,rastrigin,"p=0.2,sigma=0.3",26,1.0227856937380224,2000
2,rastrigin,ML-BJS,26,2.0826302111469985,1999
2,rastrigin,ML-BJS free-probe,26,1.0040917166701888,2000
2,rastrigin,history-BJS,26,0.000681086974733347,2000
2,rastrigin,1/5-rule,26,4.974790247647377,2000
2,rastrigin,L3 grid,26,0.3744565080902227,1681
2,rastrigin,p=0.0,27,9.949955840096845,2000
2,rastrigin,p=0.01,27,4.980225309272658,2000
2,rastrigin,p=0.05,27,1.9908277474054579,2000
2,rastrigin,p=0.1,27,0.9962966693714783,2000
2,rastrigin,p=0.2,27,1.0061919785498716,2000
2,rastrigin,p=0.5,27,0.00418409915026885,2000
2,rastrigin,p=1.0,27,2.2148364359655126,2000
2,rastrigin,"p=0.2,sigma=0.03",27,1.9904590725462015,2000
2,rastrigin,"p=0.2,sigma=0.3",27,0.9974253632310486,2000
2,rastrigin,ML-BJS,27,2.1035204060374504,1999
2,rastrigin,ML-BJS free-probe,27,0.0012581844133592313,2000
2,rastrigin,history-BJS,27,1.0001120507676973,2000
2,rastrigin,1/5-rule,27,35.817991932796716,2000
2,rastrigin,L3 grid,27,3.010104415636601,1681
2,rastrigin,p=0.0,28,7.959934571235543,2000
2,rastrigin,p=0.01,28,4.977888622846766,2000
2,rastrigin,p=0.05,28,4.977423592287991,2000
2,rastrigin,p=0.1,28,0.000809883362322239,2000
2,rastrigin,p=0.2,28,1.0035934767418624,2000
2,rastrigin,p=0.5,28,0.014973005408595697,2000
2,rastrigin,p=1.0,28,1.65539944138375,2000
2,rastrigin,"p=0.2,sigma=0.03",28,0.0004433187519126136,2000
2,rastrigin,"p=0.2,sigma=0.3",28,1.018753991035922,2000
2,rastrigin,ML-BJS,28,5.060398983450245,1999
2,rastrigin,ML-BJS free-probe,28,1.0137643120462947,2000
2,rastrigin,history-BJS,28,0.005705982877856286,2000
2,rastrigin,1/5-rule,28,51.737235725258245,2000
2,rastrigin,L3 grid,28,3.1180577476782645,1681
2,rastrigin,p=0.0,29,4.976837285390326,2000
2,rastrigin,p=0.01,29,7.95999231912533,2000
2,rastrigin,p=0.05,29,4.975151500039914,2000
2,rastrigin,p=0.1,29,4.979029256207429,2000
2,rastrigin,p=0.2,29,1.0012139748598017,2000
2,rastrigin,p=0.5,29,1.0033759566479645,2000
2,rastrigin,p=1.0,29,0.19302725358124917,2000
2,rastrigin,"p=0.2,sigma=0.03",29,0.9961354628360795,2000
2,rastrigin,"p=0.2,sigma=0.3",29,0.17966859267828283,2000
2,rastrigin,ML-BJS,29,1.0177901905172035,1999
2,rastrigin,ML-BJS free-probe,29,0.004750319194826602,2000
2,rastrigin,history-BJS,29,0.9978187473925928,2000
2,rastrigin,1/5-rule,29,31.838487584923058,2000
2,rastrigin,L3 grid,29,1.6923553886198661,1681
2,ackley,p=0.0,0,9.001477559278026,2000
2,ackley,p=0.01,0,3.574937252320542,2000
2,ackley,p=0.05,0,0.044385406251362,2000
2,ackley,p=0.1,0,2.5800106615837284,2000
2,ackley,p=0.2,0,0.012890131388083592,2000
2,ackley,p=0.5,0,0.0112045628490276,2000
2,ackley,p=1.0,0,0.1291787246624101,2000
2,ackley,"p=0.2,sigma=0.03",0,0.001974759649599367,2000
2,ackley,"p=0.2,sigma=0.3",0,0.059669980353846075,2000
2,ackley,ML-BJS,0,2.5862057553112128,1999
2,ackley,ML-BJS free-probe,0,0.015017055813264069,2000
2,ackley,history-BJS,0,0.021095426938931627,2000
2,ackley,1/5-rule,0,12.776939107655755,2000
2,ackley,L3 grid,0,0.4671631333718165,1681
2,ackley,p=0.0,1,4.884402491977507,2000
2,ackley,p=0.01,1,3.5800316313674654,2000
2,ackley,p=0.05,1,3.575038677486561,2000
2,ackley,p=0.1,1,0.014149842626132614,2000
2,ackley,p=0.2,1,0.006562238618709859,2000
2,ackley,p=0.5,1,0.015803136101866233,2000
2,ackley,p=1.0,1,0.1970715506565388,2000
2,ackley,"p=0.2,sigma=0.03",1,0.0017835993906420988,2000
2,ackley,"p=0.2,sigma=0.3",1,0.030105059339633033,2000
2,ackley,ML-BJS,1,0.05528185775882877,1999
2,ackley,ML-BJS free-probe,1,0.024026676944537417,2000
2,ackley,history-BJS,1,0.022949792649133105,2000
2,ackley,1/5-rule,1,10.25797437214942,2000
2,ackley,L3 grid,1,0.27369754932949464,1681
2,ackley,p=0.0,2,3.5746996716087236,2000
2,ackley,p=0.01,2,3.5749721717120875,2000
2,ackley,p=0.05,2,0.015038609781442336,2000
2,ackley,p=0.1,2,0.017931614511433214,2000
2,ackley,p=0.2,2,2.580016527382011,2000
2,ackley,p=0.5,2,0.02209277841506152,2000
2,ackley,p=1.0,2,0.1104507038886493,2000
2,ackley,"p=0.2,sigma=0.03",2,2.579941495001567,2000
2,ackley,"p=0.2,sigma=0.3",2,0.04639128598866593,2000
2,ackley,ML-BJS,2,0.08141058259645861,1999
2,ackley,ML-BJS free-probe,2,0.012138927488749562,2000
2,ackley,history-BJS,2,0.028559605631383267,2000
2,ackley,1/5-rule,2,7.961711274689826,2000
2,ackley,L3 grid,2,0.4763520492269717,1681
2,ackley,p=0.0,3,6.559648289864402,2000
2,ackley,p=0.01,3,5.381911448116746,2000
2,ackley,p=0.05,3,2.580054619100093,2000
2,ackley,p=0.1,3,0.010165048443138591,2000
2,ackley,p=0.2,3,0.013236140403503516,2000
2,ackley,p=0.5,3,0.007516551793888215,2000
2,ackley,p=1.0,3,1.6291039945096917,2000
2,ackley,"p=0.2,sigma=0.03",3,0.0032939262934594815,2000
2,ackley,"p=0.2,sigma=0.3",3,0.03892161879898426,2000
2,ackley,ML-BJS,3,2.586297898256728,1999
2,ackley,ML-BJS free-probe,3,0.0295541975334932,2000
2,ackley,history-BJS,3,0.010723585199358343,2000
2,ackley,1/5-rule,3,4.884065258091152,2000
2,ackley,L3 grid,3,0.5138432785495906,1681
2,ackley,p=0.0,4,5.382100784501166,2000
2,ackley,p=0.01,4,2.5801327629989435,2000
2,ackley,p=0.05,4,0.007995162098844322,2000
2,ackley,p=0.1,4,0.007420654550195582,2000
2,ackley,p=0.2,4,0.004052754433136574,2000
2,ackley,p=0.5,4,0.016155196846110886,2000
2,ackley,p=1.0,4,1.2236914465263706,2000
2,ackley,"p=0.2,sigma=0.03",4,0.0032064919812104797,2000
2,ackley,"p=0.2,sigma=0.3",4,0.06246978952427229,2000
2,ackley,ML-BJS,4,0.2699758114430648,1999
2,ackley,ML-BJS free-probe,4,0.014719506226960721,2000
2,ackley,history-BJS,4,0.01736648561124854,2000
2,ackley,1/5-rule,4,11.217549480016736,2000
2,ackley,L3 grid,4,0.4413817256779322,1681
2,ackley,p=0.0,5,3.5744889433703446,2000
2,ackley,p=0.01,5,3.5780559461299615,2000
2,ackley,p=0.05,5,0.007826846023281764,2000
2,ackley,p=0.1,5,0.0053359927076361835,2000
2,ackley,p=0.2,5,0.009454214071741962,2000
2,ackley,p=0.5,5,0.013419913265707795,2000
2,ackley,p=1.0,5,0.6758930737943243,2000
2,ackley,"p=0.2,sigma=0.03",5,0.002610030531638774,2000
2,ackley,"p=0.2,sigma=0.3",5,0.014922068072465766,2000
2,ackley,ML-BJS,5,0.019814222469836995,1999
2,ackley,ML-BJS free-probe,5,0.025753821922038345,2000
2,ackley,history-BJS,5,0.012713003086070263,2000
2,ackley,1/5-rule,5,8.813151774046892,2000
2,ackley,L3 grid,5,0.5883572975588511,1681
2,ackley,p=0.0,6,7.961846430025965,2000
2,ackley,p=0.01,6,5.382614726171507,2000
2,ackley,p=0.05,6,0.015691591354468404,2000
2,ackley,p=0.1,6,0.022550912051930272,2000
2,ackley,p=0.2,6,0.010721635927123163,2000
2,ackley,p=0.5,6,0.01317995560910079,2000
2,ackley,p=1.0,6,1.1399692643515356,2000
2,ackley,"p=0.2,sigma=0.03",6,2.5800339327451103,2000
2,ackley,"p=0.2,sigma=0.3",6,0.05753576397323856,2000
2,ackley,ML-BJS,6,2.5835842365687225,1999
2,ackley,ML-BJS free-probe,6,0.01708688653680257,2000
2,ackley,history-BJS,6,0.015737767923873935,2000
2,ackley,1/5-rule,6,7.961711274689826,2000
2,ackley,L3 grid,6,0.11457449661296382,1681
2,ackley,p=0.0,7,3.5753788313083423,2000
2,ackley,p=0.01,7,5.382317140722062,2000
2,ackley,p=0.05,7,2.580494157940724,2000
2,ackley,p=0.1,7,0.08107770788830893,2000
2,ackley,p=0.2,7,0.019051869433955648,2000
2,ackley,p=0.5,7,0.012732813138772503,2000
2,ackley,p=1.0,7,1.2015229912471708,2000
2,ackley,"p=0.2,sigma=0.03",7,0.0018926449465301864,2000
2,ackley,"p=0.2,sigma=0.3",7,0.08505525640202594,2000
2,ackley,ML-BJS,7,2.600541574721689,1999
2,ackley,ML-BJS free-probe,7,0.0307653764534348,2000
2,ackley,history-BJS,7,0.010547367875525016,2000
2,ackley,1/5-rule,7,3.5744518772576765,2000
2,ackley,L3 grid,7,0.8071128265953829,1681
2,ackley,p=0.0,8,5.381888694254862,2000
2,ackley,p=0.01,8,3.5750210633472013,2000
2,ackley,p=0.05,8,0.01226052456829807,2000
2,ackley,p=0.1,8,2.579964479116694,2000
2,ackley,p=0.2,8,2.5805951329229058,2000
2,ackley,p=0.5,8,0.006680594907326753,2000
2,ackley,p=1.0,8,0.15794014118727562,2000
2,ackley,"p=0.2,sigma=0.03",8,0.0030408358492448606,2000
2,ackley,"p=0.2,sigma=0.3",8,0.06970066814534848,2000
2,ackley,ML-BJS,8,0.07118679593141453,1999
2,ackley,ML-BJS free-probe,8,0.029763995317111824,2000
2,ackley,history-BJS,8,0.01892642206347661,2000
2,ackley,1/5-rule,8,3.5744518772576765,2000
2,ackley,L3 grid,8,0.64213147532254,1681
2,ackley,p=0.0,9,7.961815331625786,2000
2,ackley,p=0.01,9,3.575016747236458,2000
2,ackley,p=0.05,9,2.5801075161496674,2000
2,ackley,p=0.1,9,2.579971921523836,2000
2,ackley,p=0.2,9,0.0037593463912988234,2000
2,ackley,p=0.5,9,0.010672136296808521,2000
2,ackley,p=1.0,9,0.8318280961922082,2000
2,ackley,"p=0.2,sigma=0.03",9,0.002288504945465508,2000
2,ackley,"p=0.2,sigma=0.3",9,0.05130531191257903,2000
2,ackley,ML-BJS,9,0.05724886375209737,1999
2,ackley,ML-BJS free-probe,9,0.021583955353282835,2000
2,ackley,history-BJS,9,0.01738479404651061,2000
2,ackley,1/5-rule,9,10.12035074363267,2000
2,ackley,L3 grid,9,0.863401505046888,1681
2,ackley,p=0.0,10,2.5799289864643,2000
2,ackley,p=0.01,10,2.5799805423280806,2000
2,ackley,p=0.05,10,2.5801402295164277,2000
2,ackley,p=0.1,10,0.01375748383233999,2000
2,ackley,p=0.2,10,0.009966707400988373,2000
2,ackley,p=0.5,10,0.026895629487068806,2000
2,ackley,p=1.0,10,0.5272739452603159,2000
2,ackley,"p=0.2,sigma=0.03",10,2.5799377319745926,2000
2,ackley,"p=0.2,sigma=0.3",10,0.04511232093197792,2000
2,ackley,ML-BJS,10,0.10243979519372148,1999
2,ackley,ML-BJS free-probe,10,0.009066276739766455,2000
2,ackley,history-BJS,10,0.035325887189341376,2000
2,ackley,1/5-rule,10,11.901256635114162,2000
2,ackley,L3 grid,10,0.6008619440954317,1681
2,ackley,p=0.0,11,2.580174281506555,2000
2,ackley,p=0.01,11,4.885505356201751,2000
2,ackley,p=0.05,11,2.5805405353280304,2000
2,ackley,p=0.1,11,3.574945941302144,2000
2,ackley,p=0.2,11,0.01619229016319368,2000
2,ackley,p=0.5,11,0.0008356157377353846,2000
2,ackley,p=1.0,11,0.17301065805608973,2000
2,ackley,"p=0.2,sigma=0.03",11,0.0016435388557280994,2000
2,ackley,"p=0.2,sigma=0.3",11,0.02615765155639993,2000
2,ackley,ML-BJS,11,2.5899458266634494,1999
2,ackley,ML-BJS free-probe,11,0.029419064306367648,2000
2,ackley,history-BJS,11,0.01851959985825191,2000
2,ackley,1/5-rule,11,4.440892098500626e-16,2000
2,ackley,L3 grid,11,1.1314053603688845,1681
2,ackley,p=0.0,12,5.381895999564414,2000
2,ackley,p=0.01,12,2.5799335006149637,2000
2,ackley,p=0.05,12,2.581002689896018,2000
2,ackley,p=0.1,12,0.004069535104620048,2000
2,ackley,p=0.2,12,0.009856238500948411,2000
2,ackley,p=0.5,12,0.007610976726948326,2000
2,ackley,p=1.0,12,0.5637378368083366,2000
2,ackley,"p=0.2,sigma=0.03",12,2.5799311131582994,2000
2,ackley,"p=0.2,sigma=0.3",12,0.02182186623461435,2000
2,ackley,ML-BJS,12,2.601590516695229,1999
2,ackley,ML-BJS free-probe,12,0.008980266322759167,2000
2,ackley,history-BJS,12,0.011190088031533652,2000
2,ackley,1/5-rule,12,9.001093478292006,2000
2,ackley,L3 grid,12,0.21423678979323002,1681
2,ackley,p=0.0,13,3.5748317517127615,2000
2,ackley,p=0.01,13,2.582045036799546,2000
2,ackley,p=0.05,13,0.005711061092217751,2000
2,ackley,p=0.1,13,0.012912074579400912,2000
2,ackley,p=0.2,13,0.004398610566024974,2000
2,ackley,p=0.5,13,0.006881347749569944,2000
2,ackley,p=1.0,13,0.5633656577624859,2000
2,ackley,"p=0.2,sigma=0.03",13,0.003658741800105947,2000
2,ackley,"p=0.2,sigma=0.3",13,0.052965185476104626,2000
2,ackley,ML-BJS,13,0.026685759197761616,1999
2,ackley,ML-BJS free-probe,13,0.019710953630547312,2000
2,ackley,history-BJS,13,0.0034479984028092936,2000
2,ackley,1/5-rule,13,2.579927557029873,2000
2,ackley,L3 grid,13,0.6657462307844999,1681
2,ackley,p=0.0,14,5.3819328463548715,2000
2,ackley,p=0.01,14,5.381912318885039,2000
2,ackley,p=0.05,14,0.02445348682186621,2000
2,ackley,p=0.1,14,0.008280055415074816,2000
2,ackley,p=0.2,14,0.003162293593419907,2000
2,ackley,p=0.5,14,0.027638853278386666,2000
2,ackley,p=1.0,14,1.8785375238057083,2000
2,ackley,"p=0.2,sigma=0.03",14,0.0010187528409919544,2000
2,ackley,"p=0.2,sigma=0.3",14,0.038620894281102824,2000
2,ackley,ML-BJS,14,0.01599508865914645,1999
2,ackley,ML-BJS free-probe,14,0.018462286954239904,2000
2,ackley,history-BJS,14,0.030206250569247306,2000
2,ackley,1/5-rule,14,11.901256635114164,2000
2,ackley,L3 grid,14,0.4934331373805745,1681
2,ackley,p=0.0,15,0.00562293836357286,2000
2,ackley,p=0.01,15,2.580197195564804,2000
2,ackley,p=0.05,15,0.009537037459776077,2000
2,ackley,p=0.1,15,0.007598961020172101,2000
2,ackley,p=0.2,15,0.014445261171648571,2000
2,ackley,p=0.5,15,0.00795165886206961,2000
2,ackley,p=1.0,15,0.39854305102364807,2000
2,ackley,"p=0.2,sigma=0.03",15,0.003417267499039145,2000
2,ackley,"p=0.2,sigma=0.3",15,0.02421539211975743,2000
2,ackley,ML-BJS,15,2.589147445911181,1999
2,ackley,ML-BJS free-probe,15,0.028822699212977643,2000
2,ackley,history-BJS,15,0.017385753906620227,2000
2,ackley,1/5-rule,15,11.901256635114164,2000
2,ackley,L3 grid,15,0.18615041751958872,1681
2,ackley,p=0.0,16,7.1811780602350375,2000
2,ackley,p=0.01,16,0.005136106188068812,2000
2,ackley,p=0.05,16,0.019723337394250695,2000
2,ackley,p=0.1,16,0.0135290093894338,2000
2,ackley,p=0.2,16,0.012405776934571566,2000
2,ackley,p=0.5,16,0.013581462092592478,2000
2,ackley,p=1.0,16,0.48115451804725184,2000
2,ackley,"p=0.2,sigma=0.03",16,0.004072308783684253,2000
2,ackley,"p=0.2,sigma=0.3",16,0.09243616163463075,2000
2,ackley,ML-BJS,16,2.587801950537447,1999
2,ackley,ML-BJS free-probe,16,0.004795965250075529,2000
2,ackley,history-BJS,16,0.015880702090872223,2000
2,ackley,1/5-rule,16,11.901256635114166,2000
2,ackley,L3 grid,16,0.29733216206713964,1681
2,ackley,p=0.0,17,5.381901430654761,2000
2,ackley,p=0.01,17,3.605386365731548,2000
2,ackley,p=0.05,17,0.005610825776884543,2000
2,ackley,p=0.1,17,2.580534295807461,2000
2,ackley,p=0.2,17,0.005986801350755133,2000
2,ackley,p=0.5,17,0.0042588099934453005,2000
2,ackley,p=1.0,17,0.22098391032307108,2000
2,ackley,"p=0.2,sigma=0.03",17,0.0016893528535786295,2000
2,ackley,"p=0.2,sigma=0.3",17,0.021460016453812347,2000
2,ackley,ML-BJS,17,0.024675921478789054,1999
2,ackley,ML-BJS free-probe,17,0.012251412721238086,2000
2,ackley,history-BJS,17,0.012547959914073648,2000
2,ackley,1/5-rule,17,12.632268991515998,2000
2,ackley,L3 grid,17,0.23863904733551466,1681
2,ackley,p=0.0,18,5.382092097001056,2000
2,ackley,p=0.01,18,3.5745093867245576,2000
2,ackley,p=0.05,18,0.0052774605256371565,2000
2,ackley,p=0.1,18,2.5804110628423236,2000
2,ackley,p=0.2,18,0.005623070204631819,2000
2,ackley,p=0.5,18,0.011114739376719474,2000
2,ackley,p=1.0,18,0.9640729692032513,2000
2,ackley,"p=0.2,sigma=0.03",18,0.0030499558297063523,2000
2,ackley,"p=0.2,sigma=0.3",18,0.05682193636422683,2000
2,ackley,ML-BJS,18,0.06752408022435974,1999
2,ackley,ML-BJS free-probe,18,0.017357789739229634,2000
2,ackley,history-BJS,18,0.006759287172294126,2000
2,ackley,1/5-rule,18,7.961711274689826,2000
2,ackley,L3 grid,18,0.9114484235275921,1681
2,ackley,p=0.0,19,3.5746807403044767,2000
2,ackley,p=0.01,19,5.382483070008135,2000
2,ackley,p=0.05,19,2.580361400911521,2000
2,ackley,p=0.1,19,2.5801909565412804,2000
2,ackley,p=0.2,19,2.5799430516522723,2000
2,ackley,p=0.5,19,0.012049216206577729,2000
2,ackley,p=1.0,19,1.0061084784485215,2000
2,ackley,"p=0.2,sigma=0.03",19,2.5799354368995187,2000
2,ackley,"p=0.2,sigma=0.3",19,0.015171950896203601,2000
2,ackley,ML-BJS,19,2.582813827120916,1999
2,ackley,ML-BJS free-probe,19,0.02082592838114694,2000
2,ackley,history-BJS,19,0.009599877465959583,2000
2,ackley,1/5-rule,19,10.645027483714342,2000
2,ackley,L3 grid,19,0.4822643607065875,1681
2,ackley,p=0.0,20,5.381893187217958,2000
2,ackley,p=0.01,20,3.574456900446816,2000
2,ackley,p=0.05,20,2.5816619963885548,2000
2,ackley,p=0.1,20,0.017330765741260468,2000
2,ackley,p=0.2,20,2.580238326288882,2000
2,ackley,p=0.5,20,0.008343290884547105,2000
2,ackley,p=1.0,20,0.8495557020716764,2000
2,ackley,"p=0.2,sigma=0.03",20,0.005786479971398695,2000
2,ackley,"p=0.2,sigma=0.3",20,0.033513282785442744,2000
2,ackley,ML-BJS,20,0.009175503295218324,1999
2,ackley,ML-BJS free-probe,20,0.029585516143264545,2000
2,ackley,history-BJS,20,0.007520924178721078,2000
2,ackley,1/5-rule,20,10.120331273799984,2000
2,ackley,L3 grid,20,0.8042183898323612,1681
2,ackley,p=0.0,21,9.00146494931921,2000
2,ackley,p=0.01,21,0.020362004330412464,2000
2,ackley,p=0.05,21,0.025611769245721394,2000
2,ackley,p=0.1,21,2.580541603510945,2000
2,ackley,p=0.2,21,0.011844363076655373,2000
2,ackley,p=0.5,21,0.018805235086745586,2000
2,ackley,p=1.0,21,0.3318821680502464,2000
2,ackley,"p=0.2,sigma=0.03",21,2.5799645702466916,2000
2,ackley,"p=0.2,sigma=0.3",21,0.04953050974933193,2000
2,ackley,ML-BJS,21,0.12308145484047062,1999
2,ackley,ML-BJS free-probe,21,0.017867990599026218,2000
2,ackley,history-BJS,21,0.014285117101842548,2000
2,ackley,1/5-rule,21,11.52528615461626,2000
2,ackley,L3 grid,21,0.9000803996146662,1681
2,ackley,p=0.0,22,4.884218348401035,2000
2,ackley,p=0.01,22,2.5803510078455045,2000
2,ackley,p=0.05,22,0.010551264275200811,2000
2,ackley,p=0.1,22,0.03240408923292337,2000
2,ackley,p=0.2,22,2.580158033940567,2000
2,ackley,p=0.5,22,0.018387264649892376,2000
2,ackley,p=1.0,22,0.2234187447562559,2000
2,ackley,"p=0.2,sigma=0.03",22,0.005204440869431171,2000
2,ackley,"p=0.2,sigma=0.3",22,0.012918356626297811,2000
2,ackley,ML-BJS,22,2.581027729388176,1999
2,ackley,ML-BJS free-probe,22,0.024549870363021586,2000
2,ackley,history-BJS,22,0.01670400232135849,2000
2,ackley,1/5-rule,22,12.632268991516002,2000
2,ackley,L3 grid,22,0.8413290334736989,1681
2,ackley,p=0.0,23,4.8841462094565955,2000
2,ackley,p=0.01,23,2.5813474588759644,2000
2,ackley,p=0.05,23,0.0067911728109284475,2000
2,ackley,p=0.1,23,0.06830479123516797,2000
2,ackley,p=0.2,23,0.014585119952496672,2000
2,ackley,p=0.5,23,0.004791574774043017,2000
2,ackley,p=1.0,23,1.4702954560533077,2000
2,ackley,"p=0.2,sigma=0.03",23,2.579928434682732,2000
2,ackley,"p=0.2,sigma=0.3",23,0.022276595331412796,2000
2,ackley,ML-BJS,23,0.07913947820124934,1999
2,ackley,ML-BJS free-probe,23,0.01730055942129427,2000
2,ackley,history-BJS,23,0.01076468719062662,2000
2,ackley,1/5-rule,23,11.901256635114164,2000
2,ackley,L3 grid,23,0.4728143683868393,1681
2,ackley,p=0.0,24,6.883295730641983,2000
2,ackley,p=0.01,24,3.575530316465859,2000
2,ackley,p=0.05,24,0.026409774148000498,2000
2,ackley,p=0.1,24,0.005966522284424958,2000
2,ackley,p=0.2,24,0.08488141051623943,2000
2,ackley,p=0.5,24,0.010918704286258407,2000
2,ackley,p=1.0,24,1.2308630029649774,2000
2,ackley,"p=0.2,sigma=0.03",24,0.003941361715317004,2000
2,ackley,"p=0.2,sigma=0.3",24,0.033882969631318094,2000
2,ackley,ML-BJS,24,0.09672202716945266,1999
2,ackley,ML-BJS free-probe,24,0.00247868060459,2000
2,ackley,history-BJS,24,0.005149508957007942,2000
2,ackley,1/5-rule,24,5.381864187490191,2000
2,ackley,L3 grid,24,0.7445326122057669,1681
2,ackley,p=0.0,25,2.5799344397992,2000
2,ackley,p=0.01,25,3.5748844564425686,2000
2,ackley,p=0.05,25,2.579951488524913,2000
2,ackley,p=0.1,25,2.5802969544424426,2000
2,ackley,p=0.2,25,2.5804325171629157,2000
2,ackley,p=0.5,25,0.009719101497321692,2000
2,ackley,p=1.0,25,0.8407238763690406,2000
2,ackley,"p=0.2,sigma=0.03",25,0.005649546218738255,2000
2,ackley,"p=0.2,sigma=0.3",25,0.03153065033308211,2000
2,ackley,ML-BJS,25,0.11602303345056031,1999
2,ackley,ML-BJS free-probe,25,0.03023997877824458,2000
2,ackley,history-BJS,25,0.019940279165194585,2000
2,ackley,1/5-rule,25,2.5799275570298694,2000
2,ackley,L3 grid,25,0.8443046988624876,1681
2,ackley,p=0.0,26,4.884203538983485,2000
2,ackley,p=0.01,26,3.574786043448523,2000
2,ackley,p=0.05,26,2.580033554770442,2000
2,ackley,p=0.1,26,2.580104830214925,2000
2,ackley,p=0.2,26,0.016939024501820388,2000
2,ackley,p=0.5,26,0.0033837245845593777,2000
2,ackley,p=1.0,26,0.5421723549888928,2000
2,ackley,"p=0.2,sigma=0.03",26,0.0013024607525804477,2000
2,ackley,"p=0.2,sigma=0.3",26,0.0011270503639910778,2000
2,ackley,ML-BJS,26,0.015265117164997566,1999
2,ackley,ML-BJS free-probe,26,0.031256502502853056,2000
2,ackley,history-BJS,26,0.028995095921733327,2000
2,ackley,1/5-rule,26,7.180951647715364,2000
2,ackley,L3 grid,26,0.06104945464509415,1681
2,ackley,p=0.0,27,7.181217576037099,2000
2,ackley,p=0.01,27,0.0043866324521499855,2000
2,ackley,p=0.05,27,3.575004948474533,2000
2,ackley,p=0.1,27,0.0035303395665207127,2000
2,ackley,p=0.2,27,0.0031832342250344148,2000
2,ackley,p=0.5,27,0.05383227485949904,2000
2,ackley,p=1.0,27,0.6170527589764707,2000
2,ackley,"p=0.2,sigma=0.03",27,0.003434429637139136,2000
2,ackley,"p=0.2,sigma=0.3",27,0.006475902373353382,2000
2,ackley,ML-BJS,27,0.031344462902293646,1999
2,ackley,ML-BJS free-probe,27,0.009324902870905039,2000
2,ackley,history-BJS,27,0.014819343219290904,2000
2,ackley,1/5-rule,27,10.25797437214942,2000
2,ackley,L3 grid,27,1.015038319993121,1681
2,ackley,p=0.0,28,6.5600197736515575,2000
2,ackley,p=0.01,28,2.580442571409915,2000
2,ackley,p=0.05,28,2.580047321545884,2000
2,ackley,p=0.1,28,0.004302103547545233,2000
2,ackley,p=0.2,28,0.009927331696755193,2000
2,ackley,p=0.5,28,0.015068758358151246,2000
2,ackley,p=1.0,28,0.2931096005204705,2000
2,ackley,"p=0.2,sigma=0.03",28,0.0015788246979231424,2000
2,ackley,"p=0.2,sigma=0.3",28,0.047894296244834766,2000
2,ackley,ML-BJS,28,0.03903068023333178,1999
2,ackley,ML-BJS free-probe,28,0.021933330533063344,2000
2,ackley,history-BJS,28,0.0109522461029532,2000
2,ackley,1/5-rule,28,11.901256635114164,2000
2,ackley,L3 grid,28,1.0295993494219542,1681
2,ackley,p=0.0,29,3.5745816599582523,2000
2,ackley,p=0.01,29,3.5749319518995617,2000
2,ackley,p=0.05,29,2.579965607985074,2000
2,ackley,p=0.1,29,0.01027056271523863,2000
2,ackley,p=0.2,29,0.006963706080917564,2000
2,ackley,p=0.5,29,0.0053628013112505535,2000
2,ackley,p=1.0,29,0.5019315283713301,2000
2,ackley,"p=0.2,sigma=0.03",29,0.0026276530364381934,2000
2,ackley,"p=0.2,sigma=0.3",29,0.004625340713684256,2000
2,ackley,ML-BJS,29,0.050592905244102315,1999
2,ackley,ML-BJS free-probe,29,0.014038026445554852,2000
2,ackley,history-BJS,29,0.015744211091409444,2000
2,ackley,1/5-rule,29,13.727152028232988,2000
2,ackley,L3 grid,29,0.6873055935176322,1681
2,griewank,p=0.0,0,1.0214338863612227e-07,2000
2,griewank,p=0.01,0,0.007399483860576983,2000
2,griewank,p=0.05,0,0.0074040827392520825,2000
2,griewank,p=0.1,0,7.710489739576332e-06,2000
2,griewank,p=0.2,0,0.007396185927621368,2000
2,griewank,p=0.5,0,2.666619921098956e-06,2000
2,griewank,p=1.0,0,0.00880397902206509,2000
2,griewank,"p=0.2,sigma=0.03",0,0.007396047012908524,2000
2,griewank,"p=0.2,sigma=0.3",0,9.703411473371837e-05,2000
2,griewank,ML-BJS,0,0.007435201876176967,1999
2,griewank,ML-BJS free-probe,0,0.007408236451507122,2000
2,griewank,history-BJS,0,0.0001465384099985645,2000
2,griewank,1/5-rule,0,0.0,2000
2,griewank,L3 grid,0,0.007592445730006059,1681
2,griewank,p=0.0,1,1.2790935431938877e-06,2000
2,griewank,p=0.01,1,0.007405983792423632,2000
2,griewank,p=0.05,1,8.310908470310352e-07,2000
2,griewank,p=0.1,1,0.007396584943188955,2000
2,griewank,p=0.2,1,8.739347774344708e-07,2000
2,griewank,p=0.5,1,0.007399569150436935,2000
2,griewank,p=1.0,1,0.0013847764578551747,2000
2,griewank,"p=0.2,sigma=0.03",1,1.640341185105143e-07,2000
2,griewank,"p=0.2,sigma=0.3",1,0.007422829786718155,2000
2,griewank,ML-BJS,1,0.007589233580956978,1999
2,griewank,ML-BJS free-probe,1,1.8562705200175778e-05,2000
2,griewank,history-BJS,1,0.007410965927251212,2000
2,griewank,1/5-rule,1,0.007396040334115006,2000
2,griewank,L3 grid,1,0.003806255962494842,1681
2,griewank,p=0.0,2,7.77323824807663e-06,2000
2,griewank,p=0.01,2,0.007397452977430774,2000
2,griewank,p=0.05,2,0.007400084362479298,2000
2,griewank,p=0.1,2,2.2131580658113492e-06,2000
2,griewank,p=0.2,2,1.1771945261918049e-06,2000
2,griewank,p=0.5,2,1.7499052550107308e-05,2000
2,griewank,p=1.0,2,0.00520058213047303,2000
2,griewank,"p=0.2,sigma=0.03",2,0.0073964103199809506,2000
2,griewank,"p=0.2,sigma=0.3",2,0.007531464826714518,2000
2,griewank,ML-BJS,2,0.010052417066911956,1999
2,griewank,ML-BJS free-probe,2,4.147695061962331e-06,2000
2,griewank,history-BJS,2,0.0073995789057808015,2000
2,griewank,1/5-rule,2,0.007396040334115006,2000
2,griewank,L3 grid,2,0.0050726986795402995,1681
2,griewank,p=0.0,3,0.11301934540488734,2000
2,griewank,p=0.01,3,0.007397796992316352,2000
2,griewank,p=0.05,3,9.690118663474578e-06,2000
2,griewank,p=0.1,3,0.007396510623965069,2000
2,griewank,p=0.2,3,4.312570765829804e-06,2000
2,griewank,p=0.5,3,0.007408012748218451,2000
2,griewank,p=1.0,3,0.005865023604836983,2000
2,griewank,"p=0.2,sigma=0.03",3,0.007396193543170004,2000
2,griewank,"p=0.2,sigma=0.3",3,0.00740723211711114,2000
2,griewank,ML-BJS,3,0.00743688316429425,1999
2,griewank,ML-BJS free-probe,3,0.00740388776318357,2000
2,griewank,history-BJS,3,8.853390602858724e-07,2000
2,griewank,1/5-rule,3,0.0,2000
2,griewank,L3 grid,3,0.006221562594424079,1681
2,griewank,p=0.0,4,0.2814041609938581,2000
2,griewank,p=0.01,4,0.0073963341812378625,2000
2,griewank,p=0.05,4,1.0624882173737582e-05,2000
2,griewank,p=0.1,4,6.010263727818099e-06,2000
2,griewank,p=0.2,4,0.007403621806401084,2000
2,griewank,p=0.5,4,1.1866005042437955e-05,2000
2,griewank,p=1.0,4,0.0035086819468601593,2000
2,griewank,"p=0.2,sigma=0.03",4,1.1287868875164975e-06,2000
2,griewank,"p=0.2,sigma=0.3",4,3.1001703896249566e-05,2000
2,griewank,ML-BJS,4,0.00014347155631366793,1999
2,griewank,ML-BJS free-probe,4,0.007409858381821288,2000
2,griewank,history-BJS,4,0.0074040607766865385,2000
2,griewank,1/5-rule,4,0.007396040334115006,2000
2,griewank,L3 grid,4,0.007241952996560719,1681
2,griewank,p=0.0,5,2.2978194743616953e-06,2000
2,griewank,p=0.01,5,0.014156189690648802,2000
2,griewank,p=0.05,5,4.023484627801999e-06,2000
2,griewank,p=0.1,5,0.00739990857918138,2000
2,griewank,p=0.2,5,2.3900981177882308e-05,2000
2,griewank,p=0.5,5,4.3443865384018565e-06,2000
2,griewank,p=1.0,5,0.004368496769649233,2000
2,griewank,"p=0.2,sigma=0.03",5,6.534945506952994e-07,2000
2,griewank,"p=0.2,sigma=0.3",5,0.007400743769494178,2000
2,griewank,ML-BJS,5,0.007552018310617248,1999
2,griewank,ML-BJS free-probe,5,0.0074099891416749,2000
2,griewank,history-BJS,5,0.0074030606800171705,2000
2,griewank,1/5-rule,5,0.0,2000
2,griewank,L3 grid,5,0.0028444536919800534,1681
2,griewank,p=0.0,6,0.03513105564689056,2000
2,griewank,p=0.01,6,0.03513104235446396,2000
2,griewank,p=0.05,6,0.009865245611081375,2000
2,griewank,p=0.1,6,0.007406921753747908,2000
2,griewank,p=0.2,6,0.009865030782069684,2000
2,griewank,p=0.5,6,1.97018430685425e-05,2000
2,griewank,p=1.0,6,0.008508646569069911,2000
2,griewank,"p=0.2,sigma=0.03",6,2.676496378972715e-07,2000
2,griewank,"p=0.2,sigma=0.3",6,0.00989502185079405,2000
2,griewank,ML-BJS,6,0.007421769380575816,1999
2,griewank,ML-BJS free-probe,6,4.821294877777049e-06,2000
2,griewank,history-BJS,6,1.662479538766526e-05,2000
2,griewank,1/5-rule,6,0.007396040334115006,2000
2,griewank,L3 grid,6,0.004668642297805281,1681
2,griewank,p=0.0,7,0.15497085226440832,2000
2,griewank,p=0.01,7,0.007412028992530573,2000
2,griewank,p=0.05,7,1.7849663411784178e-06,2000
2,griewank,p=0.1,7,4.425407389541114e-06,2000
2,griewank,p=0.2,7,7.995370938207458e-06,2000
2,griewank,p=0.5,7,1.0855361512129846e-05,2000
2,griewank,p=1.0,7,0.007146249705496821,2000
2,griewank,"p=0.2,sigma=0.03",7,0.007396417506944641,2000
2,griewank,"p=0.2,sigma=0.3",7,1.4227587585846635e-07,2000
2,griewank,ML-BJS,7,0.009971159971401966,1999
2,griewank,ML-BJS free-probe,7,0.007404122297385962,2000
2,griewank,history-BJS,7,1.1799952699953487e-05,2000
2,griewank,1/5-rule,7,0.007396040334114895,2000
2,griewank,L3 grid,7,0.003416401247066103,1681
2,griewank,p=0.0,8,4.901158983994236e-06,2000
2,griewank,p=0.01,8,9.268137942664012e-07,2000
2,griewank,p=0.05,8,0.007406756708356443,2000
2,griewank,p=0.1,8,0.007397092507472336,2000
2,griewank,p=0.2,8,0.007398001212169603,2000
2,griewank,p=0.5,8,0.0074122962315283925,2000
2,griewank,p=1.0,8,0.0006359831230928759,2000
2,griewank,"p=0.2,sigma=0.03",8,0.007396118361201243,2000
2,griewank,"p=0.2,sigma=0.3",8,0.007419638990003419,2000
2,griewank,ML-BJS,8,0.007407299584256566,1999
2,griewank,ML-BJS free-probe,8,0.0073991080717331625,2000
2,griewank,history-BJS,8,1.7005351781174127e-06,2000
2,griewank,1/5-rule,8,0.8356848800002883,2000
2,griewank,L3 grid,8,0.0028750973917737177,1681
2,griewank,p=0.0,9,3.940035799177011e-06,2000
2,griewank,p=0.01,9,0.0073978715377475135,2000
2,griewank,p=0.05,9,0.0073984489284797395,2000
2,griewank,p=0.1,9,0.007397158376260871,2000
2,griewank,p=0.2,9,0.007399731398909926,2000
2,griewank,p=0.5,9,0.00739853328261264,2000
2,griewank,p=1.0,9,0.0068815288398902386,2000
2,griewank,"p=0.2,sigma=0.03",9,0.0073962195147869725,2000
2,griewank,"p=0.2,sigma=0.3",9,0.007406865565038778,2000
2,griewank,ML-BJS,9,0.007496353411171941,1999
2,griewank,ML-BJS free-probe,9,8.395034744035357e-07,2000
2,griewank,history-BJS,9,0.0015066693212012483,2000
2,griewank,1/5-rule,9,0.007396040334115006,2000
2,griewank,L3 grid,9,0.002070941303245699,1681
2,griewank,p=0.0,10,0.19958689483378333,2000
2,griewank,p=0.01,10,0.007397451551084178,2000
2,griewank,p=0.05,10,0.009877278906513132,2000
2,griewank,p=0.1,10,0.007400705334865254,2000
2,griewank,p=0.2,10,6.489705560053238e-06,2000
2,griewank,p=0.5,10,1.1104393647931587e-06,2000
2,griewank,p=1.0,10,0.008965707373545628,2000
2,griewank,"p=0.2,sigma=0.03",10,8.273789476875848e-07,2000
2,griewank,"p=0.2,sigma=0.3",10,0.007441125458062303,2000
2,griewank,ML-BJS,10,0.00013583713810005893,1999
2,griewank,ML-BJS free-probe,10,2.156804444708449e-06,2000
2,griewank,history-BJS,10,0.007397659555502867,2000
2,griewank,1/5-rule,10,0.007396040334115006,2000
2,griewank,L3 grid,10,0.005243253884139931,1681
2,griewank,p=0.0,11,0.1295900320695621,2000
2,griewank,p=0.01,11,0.007398367815614648,2000
2,griewank,p=0.05,11,0.007399904291614301,2000
2,griewank,p=0.1,11,0.007409486869076498,2000
2,griewank,p=0.2,11,0.007398055048667085,2000
2,griewank,p=0.5,11,1.4403937289353408e-05,2000
2,griewank,p=1.0,11,0.004257370411587247,2000
2,griewank,"p=0.2,sigma=0.03",11,1.8622871389428752e-07,2000
2,griewank,"p=0.2,sigma=0.3",11,0.007409981718570657,2000
2,griewank,ML-BJS,11,0.0075458693659133935,1999
2,griewank,ML-BJS free-probe,11,0.0073980731864768945,2000
2,griewank,history-BJS,11,0.007408149524307461,2000
2,griewank,1/5-rule,11,0.0,2000
2,griewank,L3 grid,11,0.0030514536174227613,1681
2,griewank,p=0.0,12,1.8999207682668384e-06,2000
2,griewank,p=0.01,12,0.0073972940187561065,2000
2,griewank,p=0.05,12,5.351263043351651e-06,2000
2,griewank,p=0.1,12,0.007419784435760635,2000
2,griewank,p=0.2,12,0.007396070531003218,2000
2,griewank,p=0.5,12,5.459389274209414e-06,2000
2,griewank,p=1.0,12,0.00538216660629387,2000
2,griewank,"p=0.2,sigma=0.03",12,0.007396333990374759,2000
2,griewank,"p=0.2,sigma=0.3",12,0.007709933806951952,2000
2,griewank,ML-BJS,12,0.0003600097560167992,1999
2,griewank,ML-BJS free-probe,12,1.6858640682682058e-05,2000
2,griewank,history-BJS,12,7.526797055401602e-06,2000
2,griewank,1/5-rule,12,0.007396040334115006,2000
2,griewank,L3 grid,12,0.006370629108838677,1681
2,griewank,p=0.0,13,0.15565743230188334,2000
2,griewank,p=0.01,13,3.0443504093202733e-06,2000
2,griewank,p=0.05,13,0.007397423088126187,2000
2,griewank,p=0.1,13,0.009865832035335531,2000
2,griewank,p=0.2,13,7.5306990081625e-06,2000
2,griewank,p=0.5,13,2.2685002338262983e-05,2000
2,griewank,p=1.0,13,0.005072202346653731,2000
2,griewank,"p=0.2,sigma=0.03",13,0.0073964470359949575,2000
2,griewank,"p=0.2,sigma=0.3",13,4.283778008840056e-05,2000
2,griewank,ML-BJS,13,0.00998776242549193,1999
2,griewank,ML-BJS free-probe,13,1.1798413295904808e-05,2000
2,griewank,history-BJS,13,0.009871708264579948,2000
2,griewank,1/5-rule,13,0.007509359471877808,2000
2,griewank,L3 grid,13,0.002806048634460101,1681
2,griewank,p=0.0,14,3.839075859102259e-06,2000
2,griewank,p=0.01,14,0.0074037371257930085,2000
2,griewank,p=0.05,14,0.00739739774377457,2000
2,griewank,p=0.1,14,0.007399406918218943,2000
2,griewank,p=0.2,14,0.007397649775452764,2000
2,griewank,p=0.5,14,6.067972292300716e-06,2000
2,griewank,p=1.0,14,0.008244402947712337,2000
2,griewank,"p=0.2,sigma=0.03",14,0.007396949833995414,2000
2,griewank,"p=0.2,sigma=0.3",14,0.007463564194238215,2000
2,griewank,ML-BJS,14,0.0002374603864989666,1999
2,griewank,ML-BJS free-probe,14,9.672423070017366e-05,2000
2,griewank,history-BJS,14,1.055110173719953e-05,2000
2,griewank,1/5-rule,14,0.007396040334114895,2000
2,griewank,L3 grid,14,0.008537519986905773,1681
2,griewank,p=0.0,15,3.6634083011577445e-07,2000
2,griewank,p=0.01,15,5.861090168424177e-06,2000
2,griewank,p=0.05,15,0.007406122115314329,2000
2,griewank,p=0.1,15,7.681673430015579e-06,2000
2,griewank,p=0.2,15,0.007399244419869611,2000
2,griewank,p=0.5,15,2.1616580531791385e-05,2000
2,griewank,p=1.0,15,0.005676534494118313,2000
2,griewank,"p=0.2,sigma=0.03",15,0.007396101194796723,2000
2,griewank,"p=0.2,sigma=0.3",15,3.8554444133920285e-06,2000
2,griewank,ML-BJS,15,0.0074178131867762565,1999
2,griewank,ML-BJS free-probe,15,4.998126066246833e-06,2000
2,griewank,history-BJS,15,0.015759423331305422,2000
2,griewank,1/5-rule,15,0.0,2000
2,griewank,L3 grid,15,0.0035047260832984373,1681
2,griewank,p=0.0,16,0.024923617237960216,2000
2,griewank,p=0.01,16,0.009880728553853135,2000
2,griewank,p=0.05,16,4.687470853581566e-06,2000
2,griewank,p=0.1,16,0.007397519838611477,2000
2,griewank,p=0.2,16,6.322489808807674e-06,2000
2,griewank,p=0.5,16,2.2381542973404223e-05,2000
2,griewank,p=1.0,16,0.007414776756695218,2000
2,griewank,"p=0.2,sigma=0.03",16,0.007396060846103336,2000
2,griewank,"p=0.2,sigma=0.3",16,0.007448606002119829,2000
2,griewank,ML-BJS,16,0.007416803223397883,1999
2,griewank,ML-BJS free-probe,16,5.4657121341228354e-05,2000
2,griewank,history-BJS,16,2.3263322884714555e-06,2000
2,griewank,1/5-rule,16,0.009864672061006163,2000
2,griewank,L3 grid,16,0.0028845984458586438,1681
2,griewank,p=0.0,17,2.278088062968031e-06,2000
2,griewank,p=0.01,17,0.009397590463634642,2000
2,griewank,p=0.05,17,0.009397589033674714,2000
2,griewank,p=0.1,17,7.58989963989265e-07,2000
2,griewank,p=0.2,17,0.007428436066377442,2000
2,griewank,p=0.5,17,0.007414256258772012,2000
2,griewank,p=1.0,17,0.002211112201942811,2000
2,griewank,"p=0.2,sigma=0.03",17,0.0073968058902643685,2000
2,griewank,"p=0.2,sigma=0.3",17,0.009397623670946542,2000
2,griewank,ML-BJS,17,0.007427503248027767,1999
2,griewank,ML-BJS free-probe,17,6.224470535209914e-05,2000
2,griewank,history-BJS,17,0.00741160532480134,2000
2,griewank,1/5-rule,17,0.007396040334115006,2000
2,griewank,L3 grid,17,0.007272971138615025,1681
2,griewank,p=0.0,18,2.180260955886304e-06,2000
2,griewank,p=0.01,18,2.003509528725189e-06,2000
2,griewank,p=0.05,18,0.007401309423362701,2000
2,griewank,p=0.1,18,9.912235980902295e-07,2000
2,griewank,p=0.2,18,7.788418981968803e-06,2000
2,griewank,p=0.5,18,9.11730216213158e-07,2000
2,griewank,p=1.0,18,0.007889778556422034,2000
2,griewank,"p=0.2,sigma=0.03",18,1.5050218302725682e-06,2000
2,griewank,"p=0.2,sigma=0.3",18,0.007466048034696193,2000
2,griewank,ML-BJS,18,0.00016627630710053243,1999
2,griewank,ML-BJS free-probe,18,0.007399688664767368,2000
2,griewank,history-BJS,18,0.00739896509556337,2000
2,griewank,1/5-rule,18,0.0,2000
2,griewank,L3 grid,18,0.0041288688924795425,1681
2,griewank,p=0.0,19,0.14594139225533354,2000
2,griewank,p=0.01,19,0.007402400606689397,2000
2,griewank,p=0.05,19,0.009869508791237602,2000
2,griewank,p=0.1,19,0.0074059957813488175,2000
2,griewank,p=0.2,19,0.007397328623310773,2000
2,griewank,p=0.5,19,0.007396057758400021,2000
2,griewank,p=1.0,19,0.008422915037242573,2000
2,griewank,"p=0.2,sigma=0.03",19,1.8937658863293905e-06,2000
2,griewank,"p=0.2,sigma=0.3",19,0.00020027439922465362,2000
2,griewank,ML-BJS,19,0.0074693010296923434,1999
2,griewank,ML-BJS free-probe,19,1.3810217213250375e-05,2000
2,griewank,history-BJS,19,6.466658343362575e-06,2000
2,griewank,1/5-rule,19,0.007396040334115006,2000
2,griewank,L3 grid,19,0.0039709860567085364,1681
2,griewank,p=0.0,20,0.015350257290390523,2000
2,griewank,p=0.01,20,0.007399066736467175,2000
2,griewank,p=0.05,20,0.00740120088310825,2000
2,griewank,p=0.1,20,0.009866901935631223,2000
2,griewank,p=0.2,20,5.137091743434574e-06,2000
2,griewank,p=0.5,20,2.4120505192071207e-06,2000
2,griewank,p=1.0,20,0.01066021581693044,2000
2,griewank,"p=0.2,sigma=0.03",20,1.9980502249383747e-06,2000
2,griewank,"p=0.2,sigma=0.3",20,0.007441323314625881,2000
2,griewank,ML-BJS,20,0.007943037846622869,1999
2,griewank,ML-BJS free-probe,20,3.697700814764282e-06,2000
2,griewank,history-BJS,20,1.208006369324277e-05,2000
2,griewank,1/5-rule,20,0.0,2000
2,griewank,L3 grid,20,0.002605291191176806,1681
2,griewank,p=0.0,21,2.0399947409099894e-06,2000
2,griewank,p=0.01,21,0.0073961626049257045,2000
2,griewank,p=0.05,21,0.007406091958070626,2000
2,griewank,p=0.1,21,0.0074091015577048,2000
2,griewank,p=0.2,21,0.0073971593696611215,2000
2,griewank,p=0.5,21,7.954022888112533e-07,2000
2,griewank,p=1.0,21,0.008378528757670645,2000
2,griewank,"p=0.2,sigma=0.03",21,0.0073961298088446314,2000
2,griewank,"p=0.2,sigma=0.3",21,3.8186523879102374e-05,2000
2,griewank,ML-BJS,21,0.00751027445175334,1999
2,griewank,ML-BJS free-probe,21,7.788150757237489e-05,2000
2,griewank,history-BJS,21,9.226508537962808e-06,2000
2,griewank,1/5-rule,21,0.007396040334115006,2000
2,griewank,L3 grid,21,0.007866782887185453,1681
2,griewank,p=0.0,22,8.642846320738862e-06,2000
2,griewank,p=0.01,22,0.007403739638853879,2000
2,griewank,p=0.05,22,0.007396985125548872,2000
2,griewank,p=0.1,22,1.3167764459920406e-06,2000
2,griewank,p=0.2,22,1.3613323931460641e-06,2000
2,griewank,p=0.5,22,1.1398795102035564e-05,2000
2,griewank,p=1.0,22,0.0075731822178628505,2000
2,griewank,"p=0.2,sigma=0.03",22,0.007396412434468869,2000
2,griewank,"p=0.2,sigma=0.3",22,0.007398886850199404,2000
2,griewank,ML-BJS,22,3.986529208421796e-05,1999
2,griewank,ML-BJS free-probe,22,1.1450771682963712e-05,2000
2,griewank,history-BJS,22,0.007399010377951654,2000
2,griewank,1/5-rule,22,0.007396040334115006,2000
2,griewank,L3 grid,22,0.0036023958013462476,1681
2,griewank,p=0.0,23,6.7299758006456045e-06,2000
2,griewank,p=0.01,23,4.353703876303072e-07,2000
2,griewank,p=0.05,23,0.038397578644797536,2000
2,griewank,p=0.1,23,0.0074103030146578375,2000
2,griewank,p=0.2,23,0.009872288110428284,2000
2,griewank,p=0.5,23,0.00739759341642765,2000
2,griewank,p=1.0,23,0.002174666952474924,2000
2,griewank,"p=0.2,sigma=0.03",23,0.0098647420332455,2000
2,griewank,"p=0.2,sigma=0.3",23,0.0074067538518743925,2000
2,griewank,ML-BJS,23,0.0076401285513924,1999
2,griewank,ML-BJS free-probe,23,2.1159662315639594e-06,2000
2,griewank,history-BJS,23,4.428762582664447e-06,2000
2,griewank,1/5-rule,23,0.009864672061006163,2000
2,griewank,L3 grid,23,6.443659884158848e-05,1681
2,griewank,p=0.0,24,0.27726021947708246,2000
2,griewank,p=0.01,24,0.007398911624687421,2000
2,griewank,p=0.05,24,4.650591390764625e-06,2000
2,griewank,p=0.1,24,0.0073964063688943815,2000
2,griewank,p=0.2,24,0.0073968860002048276,2000
2,griewank,p=0.5,24,2.7024315359169826e-05,2000
2,griewank,p=1.0,24,0.007408416014668684,2000
2,griewank,"p=0.2,sigma=0.03",24,2.1492625978947189e-07,2000
2,griewank,"p=0.2,sigma=0.3",24,0.0074039003877721665,2000
2,griewank,ML-BJS,24,3.0678024550478966e-05,1999
2,griewank,ML-BJS free-probe,24,0.00740540119455646,2000
2,griewank,history-BJS,24,1.4795659527888638e-05,2000
2,griewank,1/5-rule,24,0.007396040334114895,2000
2,griewank,L3 grid,24,0.0029914888162703157,1681
2,griewank,p=0.0,25,5.453262744259391e-06,2000
2,griewank,p=0.01,25,0.007396453025707461,2000
2,griewank,p=0.05,25,0.007396142026870889,2000
2,griewank,p=0.1,25,7.292138373249379e-06,2000
2,griewank,p=0.2,25,8.424261445094672e-07,2000
2,griewank,p=0.5,25,0.007402541605520008,2000
2,griewank,p=1.0,25,0.0028969034087927836,2000
2,griewank,"p=0.2,sigma=0.03",25,0.007396535323148323,2000
2,griewank,"p=0.2,sigma=0.3",25,0.007447086373877698,2000
2,griewank,ML-BJS,25,0.007481873017482599,1999
2,griewank,ML-BJS free-probe,25,0.007397287916498074,2000
2,griewank,history-BJS,25,0.007412147105721467,2000
2,griewank,1/5-rule,25,0.007396040334115006,2000
2,griewank,L3 grid,25,0.004685651197995355,1681
2,griewank,p=0.0,26,0.32256619080336024,2000
2,griewank,p=0.01,26,0.007400715673956726,2000
2,griewank,p=0.05,26,0.007407115846344792,2000
2,griewank,p=0.1,26,0.007405984554965772,2000
2,griewank,p=0.2,26,0.007401310751217638,2000
2,griewank,p=0.5,26,2.1780283206984663e-06,2000
2,griewank,p=1.0,26,0.005512323110313799,2000
2,griewank,"p=0.2,sigma=0.03",26,2.3035073188903965e-06,2000
2,griewank,"p=0.2,sigma=0.3",26,0.007444283511852556,2000
2,griewank,ML-BJS,26,0.007397260028461861,1999
2,griewank,ML-BJS free-probe,26,3.049782379827004e-05,2000
2,griewank,history-BJS,26,5.976917692995798e-06,2000
2,griewank,1/5-rule,26,0.0,2000
2,griewank,L3 grid,26,0.0006188135449095578,1681
2,griewank,p=0.0,27,1.063374956533636e-06,2000
2,griewank,p=0.01,27,0.01021788212959307,2000
2,griewank,p=0.05,27,0.00986867969357541,2000
2,griewank,p=0.1,27,0.0073979303693868514,2000
2,griewank,p=0.2,27,0.0074040997017807975,2000
2,griewank,p=0.5,27,0.010217885755188338,2000
2,griewank,p=1.0,27,0.003931283368112659,2000
2,griewank,"p=0.2,sigma=0.03",27,0.007396526468361531,2000
2,griewank,"p=0.2,sigma=0.3",27,0.007404098558225103,2000
2,griewank,ML-BJS,27,0.007610957634368365,1999
2,griewank,ML-BJS free-probe,27,6.512123332913511e-06,2000
2,griewank,history-BJS,27,0.007417265405934681,2000
2,griewank,1/5-rule,27,0.009864672061006163,2000
2,griewank,L3 grid,27,0.004470807956507561,1681
2,griewank,p=0.0,28,5.577674212053907e-06,2000
2,griewank,p=0.01,28,1.5244080035614616e-05,2000
2,griewank,p=0.05,28,0.007396214543057722,2000
2,griewank,p=0.1,28,0.007398213813801124,2000
2,griewank,p=0.2,28,2.2734171024274552e-05,2000
2,griewank,p=0.5,28,3.2409734986860173e-06,2000
2,griewank,p=1.0,28,0.007557447176193111,2000
2,griewank,"p=0.2,sigma=0.03",28,3.9805257823211093e-07,2000
2,griewank,"p=0.2,sigma=0.3",28,0.007483148123436201,2000
2,griewank,ML-BJS,28,7.578896778748234e-05,1999
2,griewank,ML-BJS free-probe,28,0.007441229265458982,2000
2,griewank,history-BJS,28,4.264899174599712e-06,2000
2,griewank,1/5-rule,28,0.0,2000
2,griewank,L3 grid,28,0.00243354173363175,1681
2,griewank,p=0.0,29,3.536804615400513e-06,2000
2,griewank,p=0.01,29,0.06789285334452,2000
2,griewank,p=0.05,29,0.007401539323832029,2000
2,griewank,p=0.1,29,1.1819032373683314e-05,2000
2,griewank,p=0.2,29,4.328449468848916e-07,2000
2,griewank,p=0.5,29,0.00740787650350494,2000
2,griewank,p=1.0,29,0.0029394481636202396,2000
2,griewank,"p=0.2,sigma=0.03",29,0.007396122317604892,2000
2,griewank,"p=0.2,sigma=0.3",29,0.0074996735186061425,2000
2,griewank,ML-BJS,29,0.0076131906391246895,1999
2,griewank,ML-BJS free-probe,29,2.176699033673568e-05,2000
2,griewank,history-BJS,29,0.007414671074280177,2000
2,griewank,1/5-rule,29,0.0,2000
2,griewank,L3 grid,29,0.0063078190407658274,1681
2,rosenbrock,p=0.0,0,5.8592421009783484e-05,2000
2,rosenbrock,p=0.01,0,2.621919234343983e-05,2000
2,rosenbrock,p=0.05,0,0.00020724273056793314,2000
2,rosenbrock,p=0.1,0,5.490091307616151e-06,2000
2,rosenbrock,p=0.2,0,0.00429876942212268,2000
2,rosenbrock,p=0.5,0,0.0001366985233582622,2000
2,rosenbrock,p=1.0,0,0.10890867236322285,2000
2,rosenbrock,"p=0.2,sigma=0.03",0,6.246636737422597e-06,2000
2,rosenbrock,"p=0.2,sigma=0.3",0,0.0019232303464907312,2000
2,rosenbrock,ML-BJS,0,0.00617709643832923,1999
2,rosenbrock,ML-BJS free-probe,0,9.976588683356922e-05,2000
2,rosenbrock,history-BJS,0,0.0017398655026198192,2000
2,rosenbrock,1/5-rule,0,0.0008391571409821665,2000
2,rosenbrock,L3 grid,0,0.024568250303035194,1681
2,rosenbrock,p=0.0,1,0.00010615206003520457,2000
2,rosenbrock,p=0.01,1,0.00011238008423252233,2000
2,rosenbrock,p=0.05,1,5.520083116560975e-05,2000
2,rosenbrock,p=0.1,1,0.0005941400049464245,2000
2,rosenbrock,p=0.2,1,0.00013784147530962495,2000
2,rosenbrock,p=0.5,1,0.0006418857900681527,2000
2,rosenbrock,p=1.0,1,0.014472092637300545,2000
2,rosenbrock,"p=0.2,sigma=0.03",1,0.003912580851690983,2000
2,rosenbrock,"p=0.2,sigma=0.3",1,0.00035775203311080547,2000
2,rosenbrock,ML-BJS,1,0.21767653295795947,1999
2,rosenbrock,ML-BJS free-probe,1,0.00020051374373293077,2000
2,rosenbrock,history-BJS,1,7.82251208104846e-06,2000
2,rosenbrock,1/5-rule,1,0.0019395111926301875,2000
2,rosenbrock,L3 grid,1,0.13295366924367447,1681
2,rosenbrock,p=0.0,2,0.0003922589815601124,2000
2,rosenbrock,p=0.01,2,0.00029501016544180425,2000
2,rosenbrock,p=0.05,2,7.22662819222172e-05,2000
2,rosenbrock,p=0.1,2,2.4737916538975233e-05,2000
2,rosenbrock,p=0.2,2,0.002309929748034761,2000
2,rosenbrock,p=0.5,2,0.0005627315590642304,2000
2,rosenbrock,p=1.0,2,0.026548803357754062,2000
2,rosenbrock,"p=0.2,sigma=0.03",2,5.229332515071859e-06,2000
2,rosenbrock,"p=0.2,sigma=0.3",2,0.0003579052926227535,2000
2,rosenbrock,ML-BJS,2,0.3663526558369837,1999
2,rosenbrock,ML-BJS free-probe,2,0.0006785198703581752,2000
2,rosenbrock,history-BJS,2,0.00348457909087469,2000
2,rosenbrock,1/5-rule,2,0.0020606760920903163,2000
2,rosenbrock,L3 grid,2,0.1319895791870204,1681
2,rosenbrock,p=0.0,3,1.3877544378792234e-05,2000
2,rosenbrock,p=0.01,3,0.00019032964251425793,2000
2,rosenbrock,p=0.05,3,0.0002422506122775574,2000
2,rosenbrock,p=0.1,3,0.0003199767338565479,2000
2,rosenbrock,p=0.2,3,0.000118226233840438,2000
2,rosenbrock,p=0.5,3,0.00016605387871081583,2000
2,rosenbrock,p=1.0,3,0.04810762721730128,2000
2,rosenbrock,"p=0.2,sigma=0.03",3,2.8101070844335424e-05,2000
2,rosenbrock,"p=0.2,sigma=0.3",3,0.029477846447591362,2000
2,rosenbrock,ML-BJS,3,0.142009432618016,1999
2,rosenbrock,ML-BJS free-probe,3,5.0150746343735565e-05,2000
2,rosenbrock,history-BJS,3,0.0004750666483352374,2000
2,rosenbrock,1/5-rule,3,0.058099027930973615,2000
2,rosenbrock,L3 grid,3,0.12105882517760069,1681
2,rosenbrock,p=0.0,4,0.0002867088778985181,2000
2,rosenbrock,p=0.01,4,2.4533832085652866e-05,2000
2,rosenbrock,p=0.05,4,2.1383254680450172e-05,2000
2,rosenbrock,p=0.1,4,0.00021720308636590408,2000
2,rosenbrock,p=0.2,4,4.065194168186013e-05,2000
2,rosenbrock,p=0.5,4,0.0001990328420140089,2000
2,rosenbrock,p=1.0,4,0.03600893229143408,2000
2,rosenbrock,"p=0.2,sigma=0.03",4,2.2390925309539457e-05,2000
2,rosenbrock,"p=0.2,sigma=0.3",4,0.0003812956161466136,2000
2,rosenbrock,ML-BJS,4,0.0262864097915985,1999
2,rosenbrock,ML-BJS free-probe,4,0.001358465123135829,2000
2,rosenbrock,history-BJS,4,5.5678702647692727e-05,2000
2,rosenbrock,1/5-rule,4,0.19067873239701216,2000
2,rosenbrock,L3 grid,4,0.155911572574621,1681
2,rosenbrock,p=0.0,5,4.845044025258387e-06,2000
2,rosenbrock,p=0.01,5,0.0004922565483562763,2000
2,rosenbrock,p=0.05,5,4.038946448956434e-05,2000
2,rosenbrock,p=0.1,5,0.0002390523226325401,2000
2,rosenbrock,p=0.2,5,0.0001507177740022853,2000
2,rosenbrock,p=0.5,5,0.0004914083351863086,2000
2,rosenbrock,p=1.0,5,0.02785264109222073,2000
2,rosenbrock,"p=0.2,sigma=0.03",5,0.0007275442983622406,2000
2,rosenbrock,"p=0.2,sigma=0.3",5,0.002441347960923905,2000
2,rosenbrock,ML-BJS,5,0.12632808761573872,1999
2,rosenbrock,ML-BJS free-probe,5,2.4230036452090238e-05,2000
2,rosenbrock,history-BJS,5,0.24499789559199248,2000
2,rosenbrock,1/5-rule,5,0.014918469499678694,2000
2,rosenbrock,L3 grid,5,0.16689730681547899,1681
2,rosenbrock,p=0.0,6,0.0005909258484462936,2000
2,rosenbrock,p=0.01,6,0.00036436842286844757,2000
2,rosenbrock,p=0.05,6,2.5589084523082755e-05,2000
2,rosenbrock,p=0.1,6,0.00030404625638912215,2000
2,rosenbrock,p=0.2,6,0.00010845952144656731,2000
2,rosenbrock,p=0.5,6,0.0002939726766026254,2000
2,rosenbrock,p=1.0,6,0.4481869066655556,2000
2,rosenbrock,"p=0.2,sigma=0.03",6,3.1038688816996866e-05,2000
2,rosenbrock,"p=0.2,sigma=0.3",6,0.00028090353940303086,2000
2,rosenbrock,ML-BJS,6,0.051350925131163225,1999
2,rosenbrock,ML-BJS free-probe,6,0.02746279098737642,2000
2,rosenbrock,history-BJS,6,3.921898611997943e-06,2000
2,rosenbrock,1/5-rule,6,0.006073946636334132,2000
2,rosenbrock,L3 grid,6,0.5839805708225397,1681
2,rosenbrock,p=0.0,7,3.326778574263676e-05,2000
2,rosenbrock,p=0.01,7,2.6441171257603353e-06,2000
2,rosenbrock,p=0.05,7,0.00013348573387343224,2000
2,rosenbrock,p=0.1,7,9.845853889460117e-05,2000
2,rosenbrock,p=0.2,7,1.3989417987178028e-05,2000
2,rosenbrock,p=0.5,7,0.0002569764453940237,2000
2,rosenbrock,p=1.0,7,0.049418668711105826,2000
2,rosenbrock,"p=0.2,sigma=0.03",7,5.245621749435681e-06,2000
2,rosenbrock,"p=0.2,sigma=0.3",7,0.0004950101344275101,2000
2,rosenbrock,ML-BJS,7,0.0036123683013683907,1999
2,rosenbrock,ML-BJS free-probe,7,0.00016308918878826486,2000
2,rosenbrock,history-BJS,7,0.003314139341283782,2000
2,rosenbrock,1/5-rule,7,0.005334509350221124,2000
2,rosenbrock,L3 grid,7,0.1360049500434557,1681
2,rosenbrock,p=0.0,8,8.222923266825764e-05,2000
2,rosenbrock,p=0.01,8,0.3237199139164395,2000
2,rosenbrock,p=0.05,8,0.012282843075486202,2000
2,rosenbrock,p=0.1,8,0.000255663465033946,2000
2,rosenbrock,p=0.2,8,3.9663738746815934e-05,2000
2,rosenbrock,p=0.5,8,0.0732309060517066,2000
2,rosenbrock,p=1.0,8,0.11457353978435993,2000
2,rosenbrock,"p=0.2,sigma=0.03",8,2.0595709803047466e-05,2000
2,rosenbrock,"p=0.2,sigma=0.3",8,0.0006939711950096196,2000
2,rosenbrock,ML-BJS,8,0.2865566999376151,1999
2,rosenbrock,ML-BJS free-probe,8,0.0013026209716457298,2000
2,rosenbrock,history-BJS,8,0.0006178325540632391,2000
2,rosenbrock,1/5-rule,8,0.0030477862059728376,2000
2,rosenbrock,L3 grid,8,0.2117780874696112,1681
2,rosenbrock,p=0.0,9,0.00023944509783114777,2000
2,rosenbrock,p=0.01,9,2.316117681182286e-05,2000
2,rosenbrock,p=0.05,9,4.283118258641992e-05,2000
2,rosenbrock,p=0.1,9,0.004538886761833573,2000
2,rosenbrock,p=0.2,9,0.0022778708572716087,2000
2,rosenbrock,p=0.5,9,0.00040837202282841423,2000
2,rosenbrock,p=1.0,9,0.084977297675843,2000
2,rosenbrock,"p=0.2,sigma=0.03",9,0.005427355000407597,2000
2,rosenbrock,"p=0.2,sigma=0.3",9,0.0009204275437515758,2000
2,rosenbrock,ML-BJS,9,0.24089444901977236,1999
2,rosenbrock,ML-BJS free-probe,9,0.0007684039643134875,2000
2,rosenbrock,history-BJS,9,0.0006083608100733045,2000
2,rosenbrock,1/5-rule,9,0.5009249446814786,2000
2,rosenbrock,L3 grid,9,0.3176576532978491,1681
2,rosenbrock,p=0.0,10,6.451823142291468e-05,2000
2,rosenbrock,p=0.01,10,0.0001848033731585976,2000
2,rosenbrock,p=0.05,10,3.33656128331139e-05,2000
2,rosenbrock,p=0.1,10,2.063228191721299e-05,2000
2,rosenbrock,p=0.2,10,5.300239244073719e-05,2000
2,rosenbrock,p=0.5,10,0.00042349979080116227,2000
2,rosenbrock,p=1.0,10,0.2964874545566412,2000
2,rosenbrock,"p=0.2,sigma=0.03",10,9.906393182910629e-05,2000
2,rosenbrock,"p=0.2,sigma=0.3",10,0.0010708365507374488,2000
2,rosenbrock,ML-BJS,10,0.0013358379727730018,1999
2,rosenbrock,ML-BJS free-probe,10,0.0025982280322995755,2000
2,rosenbrock,history-BJS,10,7.552993473004669e-05,2000
2,rosenbrock,1/5-rule,10,0.010343970804930791,2000
2,rosenbrock,L3 grid,10,0.12373282288463193,1681
2,rosenbrock,p=0.0,11,5.542185100788608e-05,2000
2,rosenbrock,p=0.01,11,9.96470944408422e-05,2000
2,rosenbrock,p=0.05,11,0.00010055334703636675,2000
2,rosenbrock,p=0.1,11,7.49957866716393e-05,2000
2,rosenbrock,p=0.2,11,0.0005270380883312159,2000
2,rosenbrock,p=0.5,11,0.0004166737464180049,2000
2,rosenbrock,p=1.0,11,0.33665039192616836,2000
2,rosenbrock,"p=0.2,sigma=0.03",11,0.01604389580335104,2000
2,rosenbrock,"p=0.2,sigma=0.3",11,0.0018290227330818685,2000
2,rosenbrock,ML-BJS,11,0.6059106638309694,1999
2,rosenbrock,ML-BJS free-probe,11,0.0005641646330412807,2000
2,rosenbrock,history-BJS,11,0.13095727514269714,2000
2,rosenbrock,1/5-rule,11,0.005020933149002585,2000
2,rosenbrock,L3 grid,11,0.19251344942879575,1681
2,rosenbrock,p=0.0,12,0.00013489384479982273,2000
2,rosenbrock,p=0.01,12,0.01507111886167789,2000
2,rosenbrock,p=0.05,12,0.0003365210640958715,2000
2,rosenbrock,p=0.1,12,0.00013988226749262871,2000
2,rosenbrock,p=0.2,12,7.686478130499076e-05,2000
2,rosenbrock,p=0.5,12,0.0008275731020597466,2000
2,rosenbrock,p=1.0,12,0.0340230762299146,2000
2,rosenbrock,"p=0.2,sigma=0.03",12,5.588909382503539e-06,2000
2,rosenbrock,"p=0.2,sigma=0.3",12,0.0008247746980403317,2000
2,rosenbrock,ML-BJS,12,1.5698576629674514,1999
2,rosenbrock,ML-BJS free-probe,12,0.0011417016404449113,2000
2,rosenbrock,history-BJS,12,0.00014260065445358458,2000
2,rosenbrock,1/5-rule,12,0.016259791950047262,2000
2,rosenbrock,L3 grid,12,0.05871000260886403,1681
2,rosenbrock,p=0.0,13,8.283866010442054e-06,2000
2,rosenbrock,p=0.01,13,0.00033220815720192304,2000
2,rosenbrock,p=0.05,13,2.1041733512516688e-05,2000
2,rosenbrock,p=0.1,13,0.0001480531584915255,2000
2,rosenbrock,p=0.2,13,0.0001798579140795633,2000
2,rosenbrock,p=0.5,13,0.0009113474252955651,2000
2,rosenbrock,p=1.0,13,0.0009116021894298085,2000
2,rosenbrock,"p=0.2,sigma=0.03",13,0.0002860507528548587,2000
2,rosenbrock,"p=0.2,sigma=0.3",13,9.773523823480656e-05,2000
2,rosenbrock,ML-BJS,13,0.08062090462606492,1999
2,rosenbrock,ML-BJS free-probe,13,0.001961899030209399,2000
2,rosenbrock,history-BJS,13,0.0002944921714248111,2000
2,rosenbrock,1/5-rule,13,2.142728341633438,2000
2,rosenbrock,L3 grid,13,0.01626605312276794,1681
2,rosenbrock,p=0.0,14,0.00021004434440480616,2000
2,rosenbrock,p=0.01,14,0.00022554967630384476,2000
2,rosenbrock,p=0.05,14,0.00019091739399057988,2000
2,rosenbrock,p=0.1,14,0.00017571195664198953,2000
2,rosenbrock,p=0.2,14,0.0003571883823142058,2000
2,rosenbrock,p=0.5,14,0.00027323673223700047,2000
2,rosenbrock,p=1.0,14,0.22718596706786545,2000
2,rosenbrock,"p=0.2,sigma=0.03",14,5.135047971290343e-06,2000
2,rosenbrock,"p=0.2,sigma=0.3",14,0.0005730403111432906,2000
2,rosenbrock,ML-BJS,14,0.7945613216161789,1999
2,rosenbrock,ML-BJS free-probe,14,0.0010698727877823074,2000
2,rosenbrock,history-BJS,14,0.001449438927045076,2000
2,rosenbrock,1/5-rule,14,0.002284211770728615,2000
2,rosenbrock,L3 grid,14,0.08382004998314918,1681
2,rosenbrock,p=0.0,15,8.391212332243354e-06,2000
2,rosenbrock,p=0.01,15,0.00030252648157953803,2000
2,rosenbrock,p=0.05,15,0.0001645861204765355,2000
2,rosenbrock,p=0.1,15,0.00028768811082482536,2000
2,rosenbrock,p=0.2,15,0.0009688798252255896,2000
2,rosenbrock,p=0.5,15,0.0006756969285657614,2000
2,rosenbrock,p=1.0,15,0.31636845910939315,2000
2,rosenbrock,"p=0.2,sigma=0.03",15,2.7640678187196346e-05,2000
2,rosenbrock,"p=0.2,sigma=0.3",15,0.003244730030180266,2000
2,rosenbrock,ML-BJS,15,2.0673928535840305,1999
2,rosenbrock,ML-BJS free-probe,15,0.0004709190632123747,2000
2,rosenbrock,history-BJS,15,0.007501650785220157,2000
2,rosenbrock,1/5-rule,15,0.012596442179187881,2000
2,rosenbrock,L3 grid,15,0.071361045524777,1681
2,rosenbrock,p=0.0,16,0.00011280853278397787,2000
2,rosenbrock,p=0.01,16,6.434119975936554e-05,2000
2,rosenbrock,p=0.05,16,6.57890912813745e-05,2000
2,rosenbrock,p=0.1,16,0.00021645277499514473,2000
2,rosenbrock,p=0.2,16,0.0005485879797263089,2000
2,rosenbrock,p=0.5,16,0.0037158940038025112,2000
2,rosenbrock,p=1.0,16,0.24196510500297685,2000
2,rosenbrock,"p=0.2,sigma=0.03",16,0.13471777263413967,2000
2,rosenbrock,"p=0.2,sigma=0.3",16,0.008688713630666495,2000
2,rosenbrock,ML-BJS,16,0.018233280067396853,1999
2,rosenbrock,ML-BJS free-probe,16,0.0011429149505252445,2000
2,rosenbrock,history-BJS,16,0.0013782071887129424,2000
2,rosenbrock,1/5-rule,16,0.0017548815336409316,2000
2,rosenbrock,L3 grid,16,0.3606804351969229,1681
2,rosenbrock,p=0.0,17,0.0007184325981813727,2000
2,rosenbrock,p=0.01,17,7.104185974676278e-05,2000
2,rosenbrock,p=0.05,17,0.0001089120596718994,2000
2,rosenbrock,p=0.1,17,0.0008837141070879224,2000
2,rosenbrock,p=0.2,17,0.0005601334873288156,2000
2,rosenbrock,p=0.5,17,0.0004597952748319513,2000
2,rosenbrock,p=1.0,17,0.008140719141080593,2000
2,rosenbrock,"p=0.2,sigma=0.03",17,1.1799819007233321e-05,2000
2,rosenbrock,"p=0.2,sigma=0.3",17,0.0004099467609931667,2000
2,rosenbrock,ML-BJS,17,0.020811760206359692,1999
2,rosenbrock,ML-BJS free-probe,17,0.004693006683506808,2000
2,rosenbrock,history-BJS,17,0.0010369449433821794,2000
2,rosenbrock,1/5-rule,17,0.0011695577024721823,2000
2,rosenbrock,L3 grid,17,0.22634628112678704,1681
2,rosenbrock,p=0.0,18,0.00016346754343817623,2000
2,rosenbrock,p=0.01,18,0.00011427501195505127,2000
2,rosenbrock,p=0.05,18,0.00011704578432634064,2000
2,rosenbrock,p=0.1,18,0.00011951427337867069,2000
2,rosenbrock,p=0.2,18,0.00012877392514739312,2000
2,rosenbrock,p=0.5,18,0.0004088850821048738,2000
2,rosenbrock,p=1.0,18,0.02041278761731544,2000
2,rosenbrock,"p=0.2,sigma=0.03",18,1.4975373192912338e-05,2000
2,rosenbrock,"p=0.2,sigma=0.3",18,0.001734442179607333,2000
2,rosenbrock,ML-BJS,18,0.3903353168381142,1999
2,rosenbrock,ML-BJS free-probe,18,0.00028433828797139925,2000
2,rosenbrock,history-BJS,18,0.0006643875224360211,2000
2,rosenbrock,1/5-rule,18,0.004108850782097624,2000
2,rosenbrock,L3 grid,18,0.12205410772843574,1681
2,rosenbrock,p=0.0,19,1.970810938054638e-05,2000
2,rosenbrock,p=0.01,19,8.646365458799153e-05,2000
2,rosenbrock,p=0.05,19,0.0001192204324830655,2000
2,rosenbrock,p=0.1,19,3.147509994827093e-05,2000
2,rosenbrock,p=0.2,19,2.9867134909517365e-06,2000
2,rosenbrock,p=0.5,19,0.0006053615789862121,2000
2,rosenbrock,p=1.0,19,0.14858249776537974,2000
2,rosenbrock,"p=0.2,sigma=0.03",19,8.666722785558462e-06,2000
2,rosenbrock,"p=0.2,sigma=0.3",19,0.00028305435981529857,2000
2,rosenbrock,ML-BJS,19,0.05583993413689182,1999
2,rosenbrock,ML-BJS free-probe,19,0.00019864374868239,2000
2,rosenbrock,history-BJS,19,0.0007552436445865459,2000
2,rosenbrock,1/5-rule,19,0.003619381172485792,2000
2,rosenbrock,L3 grid,19,0.2021187126337032,1681
2,rosenbrock,p=0.0,20,1.0992175332437443e-05,2000
2,rosenbrock,p=0.01,20,4.437671798106026e-05,2000
2,rosenbrock,p=0.05,20,9.851298496369583e-05,2000
2,rosenbrock,p=0.1,20,0.0002471463397773552,2000
2,rosenbrock,p=0.2,20,0.7117739547802348,2000
2,rosenbrock,p=0.5,20,0.0003868853685806108,2000
2,rosenbrock,p=1.0,20,0.22650525697499274,2000
2,rosenbrock,"p=0.2,sigma=0.03",20,5.8565905429625006e-05,2000
2,rosenbrock,"p=0.2,sigma=0.3",20,0.00014618539324744482,2000
2,rosenbrock,ML-BJS,20,0.03695889730860892,1999
2,rosenbrock,ML-BJS free-probe,20,0.16850110030974716,2000
2,rosenbrock,history-BJS,20,8.963420281969449e-05,2000
2,rosenbrock,1/5-rule,20,2.0751266020960424,2000
2,rosenbrock,L3 grid,20,0.22151882487840188,1681
2,rosenbrock,p=0.0,21,5.940555249087488e-05,2000
2,rosenbrock,p=0.01,21,0.000878358774803249,2000
2,rosenbrock,p=0.05,21,7.223533315076043e-05,2000
2,rosenbrock,p=0.1,21,0.0001705324839594399,2000
2,rosenbrock,p=0.2,21,2.8389340796598477e-05,2000
2,rosenbrock,p=0.5,21,7.957079869581435e-05,2000
2,rosenbrock,p=1.0,21,0.09781352316470504,2000
2,rosenbrock,"p=0.2,sigma=0.03",21,2.978308766690522e-05,2000
2,rosenbrock,"p=0.2,sigma=0.3",21,0.00010658977499494735,2000
2,rosenbrock,ML-BJS,21,0.0031448015799210444,1999
2,rosenbrock,ML-BJS free-probe,21,0.15428119066654933,2000
2,rosenbrock,history-BJS,21,0.005389292906621075,2000
2,rosenbrock,1/5-rule,21,0.003853457652607252,2000
2,rosenbrock,L3 grid,21,0.21803133331532415,1681
2,rosenbrock,p=0.0,22,4.037155249070397e-05,2000
2,rosenbrock,p=0.01,22,0.014591281410109572,2000
2,rosenbrock,p=0.05,22,0.00019645449032614106,2000
2,rosenbrock,p=0.1,22,0.00017913143033977452,2000
2,rosenbrock,p=0.2,22,5.3044697328247075e-05,2000
2,rosenbrock,p=0.5,22,5.718993394457452e-05,2000
2,rosenbrock,p=1.0,22,0.12204395058921094,2000
2,rosenbrock,"p=0.2,sigma=0.03",22,1.1700896864382195e-05,2000
2,rosenbrock,"p=0.2,sigma=0.3",22,0.001085109656356974,2000
2,rosenbrock,ML-BJS,22,1.9050366112274204,1999
2,rosenbrock,ML-BJS free-probe,22,0.00016477796259110083,2000
2,rosenbrock,history-BJS,22,0.0002872199364386122,2000
2,rosenbrock,1/5-rule,22,9.82920641796592,2000
2,rosenbrock,L3 grid,22,0.5669663045938952,1681
2,rosenbrock,p=0.0,23,0.00013536908589702312,2000
2,rosenbrock,p=0.01,23,6.402772950402875e-05,2000
2,rosenbrock,p=0.05,23,4.817909613232014e-05,2000
2,rosenbrock,p=0.1,23,1.099027711444236e-05,2000
2,rosenbrock,p=0.2,23,0.0008627461187597235,2000
2,rosenbrock,p=0.5,23,0.0004773275074306006,2000
2,rosenbrock,p=1.0,23,0.08649570797630132,2000
2,rosenbrock,"p=0.2,sigma=0.03",23,7.2956371476536564e-06,2000
2,rosenbrock,"p=0.2,sigma=0.3",23,0.0007351960022792677,2000
2,rosenbrock,ML-BJS,23,0.41643691981295,1999
2,rosenbrock,ML-BJS free-probe,23,0.00020077295839460087,2000
2,rosenbrock,history-BJS,23,0.00026838645560698114,2000
2,rosenbrock,1/5-rule,23,0.019828618052839194,2000
2,rosenbrock,L3 grid,23,0.06797572038576971,1681
2,rosenbrock,p=0.0,24,3.656265299871979e-05,2000
2,rosenbrock,p=0.01,24,2.9620585840096667e-05,2000
2,rosenbrock,p=0.05,24,4.6567440857306976e-05,2000
2,rosenbrock,p=0.1,24,9.854515752082349e-05,2000
2,rosenbrock,p=0.2,24,0.0007236697601199289,2000
2,rosenbrock,p=0.5,24,2.660118806173271e-05,2000
2,rosenbrock,p=1.0,24,0.004780466631796027,2000
2,rosenbrock,"p=0.2,sigma=0.03",24,1.3045854263394879e-05,2000
2,rosenbrock,"p=0.2,sigma=0.3",24,0.0003834142384743888,2000
2,rosenbrock,ML-BJS,24,0.27452831169820935,1999
2,rosenbrock,ML-BJS free-probe,24,0.00034626548438022273,2000
2,rosenbrock,history-BJS,24,5.2194554538087056e-05,2000
2,rosenbrock,1/5-rule,24,0.0047115544582989515,2000
2,rosenbrock,L3 grid,24,0.0001925643220746329,1681
2,rosenbrock,p=0.0,25,2.468998281130696e-05,2000
2,rosenbrock,p=0.01,25,0.00043972586011067037,2000
2,rosenbrock,p=0.05,25,0.0026659194017035724,2000
2,rosenbrock,p=0.1,25,0.00026004382690517156,2000
2,rosenbrock,p=0.2,25,0.0003602118864839455,2000
2,rosenbrock,p=0.5,25,0.002999976639059748,2000
2,rosenbrock,p=1.0,25,0.10622282543882104,2000
2,rosenbrock,"p=0.2,sigma=0.03",25,0.0003008577181162919,2000
2,rosenbrock,"p=0.2,sigma=0.3",25,0.00031096134730009505,2000
2,rosenbrock,ML-BJS,25,2.86892170076338,1999
2,rosenbrock,ML-BJS free-probe,25,0.003049942970766129,2000
2,rosenbrock,history-BJS,25,3.925759043223923e-05,2000
2,rosenbrock,1/5-rule,25,0.0009873691171020827,2000
2,rosenbrock,L3 grid,25,0.15321140197661326,1681
2,rosenbrock,p=0.0,26,0.0002082014182395722,2000
2,rosenbrock,p=0.01,26,8.865349784983816e-05,2000
2,rosenbrock,p=0.05,26,9.878075047665737e-05,2000
2,rosenbrock,p=0.1,26,0.0003505863098823013,2000
2,rosenbrock,p=0.2,26,0.0001995918731912357,2000
2,rosenbrock,p=0.5,26,8.975296714568811e-05,2000
2,rosenbrock,p=1.0,26,0.12278153217606043,2000
2,rosenbrock,"p=0.2,sigma=0.03",26,0.008244045931603538,2000
2,rosenbrock,"p=0.2,sigma=0.3",26,0.003960034980062121,2000
2,rosenbrock,ML-BJS,26,0.5529343102931592,1999
2,rosenbrock,ML-BJS free-probe,26,0.00048755223827423334,2000
2,rosenbrock,history-BJS,26,0.000373395458137506,2000
2,rosenbrock,1/5-rule,26,0.0033429840885570022,2000
2,rosenbrock,L3 grid,26,0.03421049785492994,1681
2,rosenbrock,p=0.0,27,0.00028250202531884686,2000
2,rosenbrock,p=0.01,27,0.0009480522099367686,2000
2,rosenbrock,p=0.05,27,0.00015378059615401375,2000
2,rosenbrock,p=0.1,27,7.391440642710121e-05,2000
2,rosenbrock,p=0.2,27,0.0003077505623892162,2000
2,rosenbrock,p=0.5,27,0.0008648403836925633,2000
2,rosenbrock,p=1.0,27,0.12442922019462621,2000
2,rosenbrock,"p=0.2,sigma=0.03",27,2.5586207821051253e-05,2000
2,rosenbrock,"p=0.2,sigma=0.3",27,0.0019034321920589194,2000
2,rosenbrock,ML-BJS,27,0.28878651996740784,1999
2,rosenbrock,ML-BJS free-probe,27,0.0007413559836756339,2000
2,rosenbrock,history-BJS,27,0.0010796438837996662,2000
2,rosenbrock,1/5-rule,27,0.0026719906996110015,2000
2,rosenbrock,L3 grid,27,0.03355726575987795,1681
2,rosenbrock,p=0.0,28,6.822611081278703e-05,2000
2,rosenbrock,p=0.01,28,4.766374005196191e-05,2000
2,rosenbrock,p=0.05,28,7.363874892891746e-06,2000
2,rosenbrock,p=0.1,28,0.00018871366703698817,2000
2,rosenbrock,p=0.2,28,8.633477000956319e-06,2000
2,rosenbrock,p=0.5,28,0.001520278891080287,2000
2,rosenbrock,p=1.0,28,0.6418987795893626,2000
2,rosenbrock,"p=0.2,sigma=0.03",28,1.245784184763362e-05,2000
2,rosenbrock,"p=0.2,sigma=0.3",28,7.830435463520514e-05,2000
2,rosenbrock,ML-BJS,28,0.3837973161994977,1999
2,rosenbrock,ML-BJS free-probe,28,0.05319624303804578,2000
2,rosenbrock,history-BJS,28,0.0009664889464133231,2000
2,rosenbrock,1/5-rule,28,0.03931534171769517,2000
2,rosenbrock,L3 grid,28,0.10227646679578895,1681
2,rosenbrock,p=0.0,29,7.79078586484875e-05,2000
2,rosenbrock,p=0.01,29,0.0001720235322515987,2000
2,rosenbrock,p=0.05,29,3.470716602990123e-05,2000
2,rosenbrock,p=0.1,29,0.0011774205480644534,2000
2,rosenbrock,p=0.2,29,0.00040258117607437855,2000
2,rosenbrock,p=0.5,29,2.2949226744935707e-05,2000
2,rosenbrock,p=1.0,29,0.20546419650680897,2000
2,rosenbrock,"p=0.2,sigma=0.03",29,3.2789831075505026e-05,2000
2,rosenbrock,"p=0.2,sigma=0.3",29,0.0008150689362657641,2000
2,rosenbrock,ML-BJS,29,1.2176905155219444,1999
2,rosenbrock,ML-BJS free-probe,29,0.0011220575453576712,2000
2,rosenbrock,history-BJS,29,0.001107240229924465,2000
2,rosenbrock,1/5-rule,29,10.712318706772974,2000
2,rosenbrock,L3 grid,29,0.25905921881113975,1681
